I001 [*] Import block is un-sorted or un-formatted
 --> audits/F4/notebooks/kang_ifn_commit_old_f4_probe_test.ipynb:cell 1:1:1
  |
1 | import warnings
  | ^^^^^^^^^^^^^^^
2 | warnings.filterwarnings("ignore")
  |
help: Organize imports

E402 Module level import not at top of cell
 --> audits/F4/notebooks/kang_ifn_commit_old_f4_probe_test.ipynb:cell 1:4:1
  |
2 | warnings.filterwarnings("ignore")
3 |
4 | import numpy as np
  | ^^^^^^^^^^^^^^^^^^
5 | import pandas as pd
6 | import scanpy as sc
  |

I001 [*] Import block is un-sorted or un-formatted
  --> audits/F4/notebooks/kang_ifn_commit_old_f4_probe_test.ipynb:cell 1:4:1
   |
 2 |   warnings.filterwarnings("ignore")
 3 |
 4 | / import numpy as np
 5 | | import pandas as pd
 6 | | import scanpy as sc
 7 | | import anndata as ad
 8 | | import matplotlib.pyplot as plt
 9 | | import torch
10 | | from sklearn.linear_model import LogisticRegression
11 | | from sklearn.metrics import balanced_accuracy_score
12 | | from sklearn.model_selection import train_test_split
13 | |
14 | | import pertpy as pt
15 | | import spVIPESmulti
   | |___________________^
16 |
17 |   np.random.seed(42)
   |
help: Organize imports

E402 Module level import not at top of cell
 --> audits/F4/notebooks/kang_ifn_commit_old_f4_probe_test.ipynb:cell 1:5:1
  |
4 | import numpy as np
5 | import pandas as pd
  | ^^^^^^^^^^^^^^^^^^^
6 | import scanpy as sc
7 | import anndata as ad
  |

E402 Module level import not at top of cell
 --> audits/F4/notebooks/kang_ifn_commit_old_f4_probe_test.ipynb:cell 1:6:1
  |
4 | import numpy as np
5 | import pandas as pd
6 | import scanpy as sc
  | ^^^^^^^^^^^^^^^^^^^
7 | import anndata as ad
8 | import matplotlib.pyplot as plt
  |

E402 Module level import not at top of cell
 --> audits/F4/notebooks/kang_ifn_commit_old_f4_probe_test.ipynb:cell 1:7:1
  |
5 | import pandas as pd
6 | import scanpy as sc
7 | import anndata as ad
  | ^^^^^^^^^^^^^^^^^^^^
8 | import matplotlib.pyplot as plt
9 | import torch
  |

F401 [*] `anndata` imported but unused
 --> audits/F4/notebooks/kang_ifn_commit_old_f4_probe_test.ipynb:cell 1:7:19
  |
5 | import pandas as pd
6 | import scanpy as sc
7 | import anndata as ad
  |                   ^^
8 | import matplotlib.pyplot as plt
9 | import torch
  |
help: Remove unused import: `anndata`

E402 Module level import not at top of cell
  --> audits/F4/notebooks/kang_ifn_commit_old_f4_probe_test.ipynb:cell 1:8:1
   |
 6 | import scanpy as sc
 7 | import anndata as ad
 8 | import matplotlib.pyplot as plt
   | ^^^^^^^^^^^^^^^^^^^^^^^^^^^^^^^
 9 | import torch
10 | from sklearn.linear_model import LogisticRegression
   |

E402 Module level import not at top of cell
  --> audits/F4/notebooks/kang_ifn_commit_old_f4_probe_test.ipynb:cell 1:9:1
   |
 7 | import anndata as ad
 8 | import matplotlib.pyplot as plt
 9 | import torch
   | ^^^^^^^^^^^^
10 | from sklearn.linear_model import LogisticRegression
11 | from sklearn.metrics import balanced_accuracy_score
   |

E402 Module level import not at top of cell
  --> audits/F4/notebooks/kang_ifn_commit_old_f4_probe_test.ipynb:cell 1:10:1
   |
 8 | import matplotlib.pyplot as plt
 9 | import torch
10 | from sklearn.linear_model import LogisticRegression
   | ^^^^^^^^^^^^^^^^^^^^^^^^^^^^^^^^^^^^^^^^^^^^^^^^^^^
11 | from sklearn.metrics import balanced_accuracy_score
12 | from sklearn.model_selection import train_test_split
   |

E402 Module level import not at top of cell
  --> audits/F4/notebooks/kang_ifn_commit_old_f4_probe_test.ipynb:cell 1:11:1
   |
 9 | import torch
10 | from sklearn.linear_model import LogisticRegression
11 | from sklearn.metrics import balanced_accuracy_score
   | ^^^^^^^^^^^^^^^^^^^^^^^^^^^^^^^^^^^^^^^^^^^^^^^^^^^
12 | from sklearn.model_selection import train_test_split
   |

E402 Module level import not at top of cell
  --> audits/F4/notebooks/kang_ifn_commit_old_f4_probe_test.ipynb:cell 1:12:1
   |
10 | from sklearn.linear_model import LogisticRegression
11 | from sklearn.metrics import balanced_accuracy_score
12 | from sklearn.model_selection import train_test_split
   | ^^^^^^^^^^^^^^^^^^^^^^^^^^^^^^^^^^^^^^^^^^^^^^^^^^^^
13 |
14 | import pertpy as pt
   |

E402 Module level import not at top of cell
  --> audits/F4/notebooks/kang_ifn_commit_old_f4_probe_test.ipynb:cell 1:14:1
   |
12 | from sklearn.model_selection import train_test_split
13 |
14 | import pertpy as pt
   | ^^^^^^^^^^^^^^^^^^^
15 | import spVIPESmulti
   |

E402 Module level import not at top of cell
  --> audits/F4/notebooks/kang_ifn_commit_old_f4_probe_test.ipynb:cell 1:15:1
   |
14 | import pertpy as pt
15 | import spVIPESmulti
   | ^^^^^^^^^^^^^^^^^^^
16 |
17 | np.random.seed(42)
   |

I001 [*] Import block is un-sorted or un-formatted
 --> audits/F4/notebooks/malaria_bcells_recommended_time_f4_probe_test.ipynb:cell 2:1:1
  |
1 | / import os
2 | | import warnings
  | |_______________^
3 |   warnings.filterwarnings("ignore")
  |
help: Organize imports

F401 [*] `os` imported but unused
 --> audits/F4/notebooks/malaria_bcells_recommended_time_f4_probe_test.ipynb:cell 2:1:8
  |
1 | import os
  |        ^^
2 | import warnings
3 | warnings.filterwarnings("ignore")
  |
help: Remove unused import: `os`

E402 Module level import not at top of cell
 --> audits/F4/notebooks/malaria_bcells_recommended_time_f4_probe_test.ipynb:cell 2:5:1
  |
3 | warnings.filterwarnings("ignore")
4 |
5 | import anndata as ad
  | ^^^^^^^^^^^^^^^^^^^^
6 | import numpy as np
7 | import pandas as pd
  |

I001 [*] Import block is un-sorted or un-formatted
  --> audits/F4/notebooks/malaria_bcells_recommended_time_f4_probe_test.ipynb:cell 2:5:1
   |
 3 |   warnings.filterwarnings("ignore")
 4 |
 5 | / import anndata as ad
 6 | | import numpy as np
 7 | | import pandas as pd
 8 | | import scanpy as sc
 9 | |
10 | | import scvi
11 | | import torch
12 | | import matplotlib.pyplot as plt
13 | | import spVIPESmulti
14 | |
15 | | import seaborn as sns
16 | | from pathlib import Path
17 | | from sklearn.linear_model import LogisticRegression
18 | | from sklearn.metrics import accuracy_score, balanced_accuracy_score
19 | | from sklearn.model_selection import train_test_split
   | |____________________________________________________^
20 |
21 |   np.random.seed(0)
   |
help: Organize imports

E402 Module level import not at top of cell
 --> audits/F4/notebooks/malaria_bcells_recommended_time_f4_probe_test.ipynb:cell 2:6:1
  |
5 | import anndata as ad
6 | import numpy as np
  | ^^^^^^^^^^^^^^^^^^
7 | import pandas as pd
8 | import scanpy as sc
  |

E402 Module level import not at top of cell
 --> audits/F4/notebooks/malaria_bcells_recommended_time_f4_probe_test.ipynb:cell 2:7:1
  |
5 | import anndata as ad
6 | import numpy as np
7 | import pandas as pd
  | ^^^^^^^^^^^^^^^^^^^
8 | import scanpy as sc
  |

E402 Module level import not at top of cell
  --> audits/F4/notebooks/malaria_bcells_recommended_time_f4_probe_test.ipynb:cell 2:8:1
   |
 6 | import numpy as np
 7 | import pandas as pd
 8 | import scanpy as sc
   | ^^^^^^^^^^^^^^^^^^^
 9 |
10 | import scvi
   |

E402 Module level import not at top of cell
  --> audits/F4/notebooks/malaria_bcells_recommended_time_f4_probe_test.ipynb:cell 2:10:1
   |
 8 | import scanpy as sc
 9 |
10 | import scvi
   | ^^^^^^^^^^^
11 | import torch
12 | import matplotlib.pyplot as plt
   |

E402 Module level import not at top of cell
  --> audits/F4/notebooks/malaria_bcells_recommended_time_f4_probe_test.ipynb:cell 2:11:1
   |
10 | import scvi
11 | import torch
   | ^^^^^^^^^^^^
12 | import matplotlib.pyplot as plt
13 | import spVIPESmulti
   |

E402 Module level import not at top of cell
  --> audits/F4/notebooks/malaria_bcells_recommended_time_f4_probe_test.ipynb:cell 2:12:1
   |
10 | import scvi
11 | import torch
12 | import matplotlib.pyplot as plt
   | ^^^^^^^^^^^^^^^^^^^^^^^^^^^^^^^
13 | import spVIPESmulti
   |

E402 Module level import not at top of cell
  --> audits/F4/notebooks/malaria_bcells_recommended_time_f4_probe_test.ipynb:cell 2:13:1
   |
11 | import torch
12 | import matplotlib.pyplot as plt
13 | import spVIPESmulti
   | ^^^^^^^^^^^^^^^^^^^
14 |
15 | import seaborn as sns
   |

E402 Module level import not at top of cell
  --> audits/F4/notebooks/malaria_bcells_recommended_time_f4_probe_test.ipynb:cell 2:15:1
   |
13 | import spVIPESmulti
14 |
15 | import seaborn as sns
   | ^^^^^^^^^^^^^^^^^^^^^
16 | from pathlib import Path
17 | from sklearn.linear_model import LogisticRegression
   |

E402 Module level import not at top of cell
  --> audits/F4/notebooks/malaria_bcells_recommended_time_f4_probe_test.ipynb:cell 2:16:1
   |
15 | import seaborn as sns
16 | from pathlib import Path
   | ^^^^^^^^^^^^^^^^^^^^^^^^
17 | from sklearn.linear_model import LogisticRegression
18 | from sklearn.metrics import accuracy_score, balanced_accuracy_score
   |

E402 Module level import not at top of cell
  --> audits/F4/notebooks/malaria_bcells_recommended_time_f4_probe_test.ipynb:cell 2:17:1
   |
15 | import seaborn as sns
16 | from pathlib import Path
17 | from sklearn.linear_model import LogisticRegression
   | ^^^^^^^^^^^^^^^^^^^^^^^^^^^^^^^^^^^^^^^^^^^^^^^^^^^
18 | from sklearn.metrics import accuracy_score, balanced_accuracy_score
19 | from sklearn.model_selection import train_test_split
   |

E402 Module level import not at top of cell
  --> audits/F4/notebooks/malaria_bcells_recommended_time_f4_probe_test.ipynb:cell 2:18:1
   |
16 | from pathlib import Path
17 | from sklearn.linear_model import LogisticRegression
18 | from sklearn.metrics import accuracy_score, balanced_accuracy_score
   | ^^^^^^^^^^^^^^^^^^^^^^^^^^^^^^^^^^^^^^^^^^^^^^^^^^^^^^^^^^^^^^^^^^^
19 | from sklearn.model_selection import train_test_split
   |

E402 Module level import not at top of cell
  --> audits/F4/notebooks/malaria_bcells_recommended_time_f4_probe_test.ipynb:cell 2:19:1
   |
17 | from sklearn.linear_model import LogisticRegression
18 | from sklearn.metrics import accuracy_score, balanced_accuracy_score
19 | from sklearn.model_selection import train_test_split
   | ^^^^^^^^^^^^^^^^^^^^^^^^^^^^^^^^^^^^^^^^^^^^^^^^^^^^
20 |
21 | np.random.seed(0)
   |

B905 `zip()` without an explicit `strict=` parameter
  --> audits/F4/notebooks/malaria_bcells_recommended_time_f4_probe_test.ipynb:cell 11:46:28
   |
44 | GROUP_SIZES = [len(g) for g in group_indices_list]
45 | GROUP_LOSS_WEIGHTS = [1 / n**0.5 for n in GROUP_SIZES]
46 | print("Group sizes:", dict(zip(adata_spv.uns["groups_mapping"].values(), GROUP_SIZES)))
   |                            ^^^^^^^^^^^^^^^^^^^^^^^^^^^^^^^^^^^^^^^^^^^^^^^^^^^^^^^^^^
47 |
   |
help: Add explicit value for parameter `strict=`

D103 Missing docstring in public function
 --> audits/F4/notebooks/malaria_bcells_recommended_time_f4_probe_test.ipynb:cell 12:1:5
  |
1 | def make_f4_model(extra_kwargs):
  |     ^^^^^^^^^^^^^
2 |     return spVIPESmulti.model.spVIPESmulti(
3 |         adata_spv,
  |

BLE001 Do not catch blind exception: `Exception`
  --> audits/F4/notebooks/malaria_bcells_recommended_time_f4_probe_test.ipynb:cell 12:48:12
   |
46 |             "ok",
47 |         )
48 |     except Exception as exc:
   |            ^^^^^^^^^
49 |         return None, None, f"failed: {type(exc).__name__}: {exc}"
   |

D103 Missing docstring in public function
  --> audits/F4/notebooks/malaria_bcells_recommended_time_f4_probe_test.ipynb:cell 12:52:5
   |
52 | def probe_latents(variant_name, latents, seed=0):
   |     ^^^^^^^^^^^^^
53 |     latent_arrays = {
54 |         "shared": _stitch_latents(latents["shared_reordered"], group_indices_list, adata_spv.n_obs),
   |

E401 [*] Multiple imports on one line
 --> audits/F4/notebooks/malaria_bcells_recommended_time_f4_probe_test.ipynb:cell 20:2:1
  |
1 | # Hot-reload pl.py from source without reinstalling or restarting the kernel.
2 | import importlib, importlib.util, sys, pathlib
  | ^^^^^^^^^^^^^^^^^^^^^^^^^^^^^^^^^^^^^^^^^^^^^^
3 |
4 | _pl_path = pathlib.Path("/exports/para-lipg-hpc/mdmanurung/spVIPESmulti/src/spVIPESmulti/pl.py")
  |
help: Split imports

I001 [*] Import block is un-sorted or un-formatted
 --> audits/F4/notebooks/malaria_bcells_recommended_time_f4_probe_test.ipynb:cell 20:2:1
  |
1 | # Hot-reload pl.py from source without reinstalling or restarting the kernel.
2 | import importlib, importlib.util, sys, pathlib
  | ^^^^^^^^^^^^^^^^^^^^^^^^^^^^^^^^^^^^^^^^^^^^^^
3 |
4 | _pl_path = pathlib.Path("/exports/para-lipg-hpc/mdmanurung/spVIPESmulti/src/spVIPESmulti/pl.py")
  |
help: Organize imports

E402 Module level import not at top of cell
  --> audits/F4/notebooks/malaria_bcells_recommended_time_f4_probe_test.ipynb:cell 20:11:1
   |
 9 | # Patch the already-imported package so spVIPESmulti.pl.training_curves picks up the fix.
10 | sys.modules["spVIPESmulti.pl"] = _mod
11 | import spVIPESmulti
   | ^^^^^^^^^^^^^^^^^^^
12 | spVIPESmulti.pl = _mod
   |

I001 [*] Import block is un-sorted or un-formatted
  --> audits/F4/notebooks/malaria_bcells_recommended_time_f4_probe_test.ipynb:cell 20:11:1
   |
 9 | # Patch the already-imported package so spVIPESmulti.pl.training_curves picks up the fix.
10 | sys.modules["spVIPESmulti.pl"] = _mod
11 | import spVIPESmulti
   | ^^^^^^^^^^^^^^^^^^^
12 | spVIPESmulti.pl = _mod
   |
help: Organize imports

I001 [*] Import block is un-sorted or un-formatted
 --> audits/F4/notebooks/malaria_bcells_recommended_time_f4_probe_test.ipynb:cell 26:2:1
  |
1 |   # ── Failure-mode audit ────────────────────────────────────────────────────────
2 | / from sklearn.neighbors import NearestNeighbors as _NNS
3 | | from sklearn.metrics import roc_auc_score as _auc
  | |_________________________________________________^
4 |
5 |   _K = 20
  |
help: Organize imports

BLE001 Do not catch blind exception: `Exception`
  --> audits/F4/notebooks/malaria_bcells_recommended_time_f4_probe_test.ipynb:cell 26:33:16
   |
31 |         try:
32 |             _auroc[_ci, _di] = _auc(_y, _Z[:, _di])
33 |         except Exception:
   |                ^^^^^^^^^
34 |             pass
   |

I001 [*] Import block is un-sorted or un-formatted
 --> audits/F4/notebooks/malaria_bcells_recommended_time_f4_probe_test.ipynb:cell 29:1:1
  |
1 | import datetime
  | ^^^^^^^^^^^^^^^
2 | print(f"Run date      : {datetime.date.today()}")
3 | print(f"F4 variants   : {F4_VARIANTS_TO_RUN}")
  |
help: Organize imports

I001 [*] Import block is un-sorted or un-formatted
 --> audits/F4/notebooks/pbmc_citeseq_f4_probe_test.ipynb:cell 3:1:1
  |
1 | import os
  | ^^^^^^^^^
2 | os.environ.setdefault("CUDA_VISIBLE_DEVICES", "")
  |
help: Organize imports

I001 [*] Import block is un-sorted or un-formatted
 --> audits/F4/notebooks/pbmc_citeseq_f4_probe_test.ipynb:cell 3:4:1
  |
2 | os.environ.setdefault("CUDA_VISIBLE_DEVICES", "")
3 |
4 | import warnings
  | ^^^^^^^^^^^^^^^
5 | warnings.filterwarnings("ignore")
  |
help: Organize imports

E402 Module level import not at top of cell
 --> audits/F4/notebooks/pbmc_citeseq_f4_probe_test.ipynb:cell 3:7:1
  |
5 | warnings.filterwarnings("ignore")
6 |
7 | from collections import OrderedDict
  | ^^^^^^^^^^^^^^^^^^^^^^^^^^^^^^^^^^^
8 |
9 | import numpy as np
  |

I001 [*] Import block is un-sorted or un-formatted
  --> audits/F4/notebooks/pbmc_citeseq_f4_probe_test.ipynb:cell 3:7:1
   |
 5 |   warnings.filterwarnings("ignore")
 6 |
 7 | / from collections import OrderedDict
 8 | |
 9 | | import numpy as np
10 | | import pandas as pd
11 | | import scanpy as sc
12 | | import scvi
13 | | import torch
14 | | import matplotlib.pyplot as plt
15 | | import seaborn as sns
16 | | from sklearn.linear_model import LogisticRegression
17 | | from sklearn.metrics import balanced_accuracy_score
18 | | from sklearn.model_selection import train_test_split
19 | |
20 | | import spVIPESmulti
   | |___________________^
21 |
22 |   SEED = 42
   |
help: Organize imports

E402 Module level import not at top of cell
  --> audits/F4/notebooks/pbmc_citeseq_f4_probe_test.ipynb:cell 3:9:1
   |
 7 | from collections import OrderedDict
 8 |
 9 | import numpy as np
   | ^^^^^^^^^^^^^^^^^^
10 | import pandas as pd
11 | import scanpy as sc
   |

E402 Module level import not at top of cell
  --> audits/F4/notebooks/pbmc_citeseq_f4_probe_test.ipynb:cell 3:10:1
   |
 9 | import numpy as np
10 | import pandas as pd
   | ^^^^^^^^^^^^^^^^^^^
11 | import scanpy as sc
12 | import scvi
   |

E402 Module level import not at top of cell
  --> audits/F4/notebooks/pbmc_citeseq_f4_probe_test.ipynb:cell 3:11:1
   |
 9 | import numpy as np
10 | import pandas as pd
11 | import scanpy as sc
   | ^^^^^^^^^^^^^^^^^^^
12 | import scvi
13 | import torch
   |

E402 Module level import not at top of cell
  --> audits/F4/notebooks/pbmc_citeseq_f4_probe_test.ipynb:cell 3:12:1
   |
10 | import pandas as pd
11 | import scanpy as sc
12 | import scvi
   | ^^^^^^^^^^^
13 | import torch
14 | import matplotlib.pyplot as plt
   |

E402 Module level import not at top of cell
  --> audits/F4/notebooks/pbmc_citeseq_f4_probe_test.ipynb:cell 3:13:1
   |
11 | import scanpy as sc
12 | import scvi
13 | import torch
   | ^^^^^^^^^^^^
14 | import matplotlib.pyplot as plt
15 | import seaborn as sns
   |

E402 Module level import not at top of cell
  --> audits/F4/notebooks/pbmc_citeseq_f4_probe_test.ipynb:cell 3:14:1
   |
12 | import scvi
13 | import torch
14 | import matplotlib.pyplot as plt
   | ^^^^^^^^^^^^^^^^^^^^^^^^^^^^^^^
15 | import seaborn as sns
16 | from sklearn.linear_model import LogisticRegression
   |

E402 Module level import not at top of cell
  --> audits/F4/notebooks/pbmc_citeseq_f4_probe_test.ipynb:cell 3:15:1
   |
13 | import torch
14 | import matplotlib.pyplot as plt
15 | import seaborn as sns
   | ^^^^^^^^^^^^^^^^^^^^^
16 | from sklearn.linear_model import LogisticRegression
17 | from sklearn.metrics import balanced_accuracy_score
   |

E402 Module level import not at top of cell
  --> audits/F4/notebooks/pbmc_citeseq_f4_probe_test.ipynb:cell 3:16:1
   |
14 | import matplotlib.pyplot as plt
15 | import seaborn as sns
16 | from sklearn.linear_model import LogisticRegression
   | ^^^^^^^^^^^^^^^^^^^^^^^^^^^^^^^^^^^^^^^^^^^^^^^^^^^
17 | from sklearn.metrics import balanced_accuracy_score
18 | from sklearn.model_selection import train_test_split
   |

E402 Module level import not at top of cell
  --> audits/F4/notebooks/pbmc_citeseq_f4_probe_test.ipynb:cell 3:17:1
   |
15 | import seaborn as sns
16 | from sklearn.linear_model import LogisticRegression
17 | from sklearn.metrics import balanced_accuracy_score
   | ^^^^^^^^^^^^^^^^^^^^^^^^^^^^^^^^^^^^^^^^^^^^^^^^^^^
18 | from sklearn.model_selection import train_test_split
   |

E402 Module level import not at top of cell
  --> audits/F4/notebooks/pbmc_citeseq_f4_probe_test.ipynb:cell 3:18:1
   |
16 | from sklearn.linear_model import LogisticRegression
17 | from sklearn.metrics import balanced_accuracy_score
18 | from sklearn.model_selection import train_test_split
   | ^^^^^^^^^^^^^^^^^^^^^^^^^^^^^^^^^^^^^^^^^^^^^^^^^^^^
19 |
20 | import spVIPESmulti
   |

E402 Module level import not at top of cell
  --> audits/F4/notebooks/pbmc_citeseq_f4_probe_test.ipynb:cell 3:20:1
   |
18 | from sklearn.model_selection import train_test_split
19 |
20 | import spVIPESmulti
   | ^^^^^^^^^^^^^^^^^^^
21 |
22 | SEED = 42
   |

C408 Unnecessary `dict()` call (rewrite as a literal)
  --> audits/F4/notebooks/pbmc_citeseq_f4_probe_test.ipynb:cell 15:21:16
   |
19 |   })
20 |
21 |   MODEL_KWARGS = dict(
   |  ________________^
22 | |     n_hidden=N_HIDDEN,
23 | |     n_dimensions_shared=N_SHARED,
24 | |     n_dimensions_private=N_PRIVATE,
25 | |     dropout_rate=DROPOUT,
26 | |     use_nf_prior=False,
27 | |     disentangle_preset="off",
28 | | )
   | |_^
29 |
30 |   models = {}
   |
help: Rewrite as a literal

D103 Missing docstring in public function
  --> audits/F4/notebooks/pbmc_citeseq_f4_probe_test.ipynb:cell 20:10:5
   |
10 | def probe_balanced_accuracy(x, y, seed=SEED):
   |     ^^^^^^^^^^^^^^^^^^^^^^^
11 |     y = np.asarray(y).astype(str)
12 |     classes, counts = np.unique(y, return_counts=True)
   |

BLE001 Do not catch blind exception: `Exception`
  --> audits/F4/notebooks/pbmc_citeseq_f4_probe_test.ipynb:cell 20:28:12
   |
26 |         pred = clf.predict(x_test)
27 |         return float(balanced_accuracy_score(y_test, pred)), "ok"
28 |     except Exception as exc:
   |            ^^^^^^^^^
29 |         return np.nan, f"failed: {type(exc).__name__}: {exc}"
   |

B905 `zip()` without an explicit `strict=` parameter
 --> audits/F4/notebooks/pbmc_citeseq_f4_probe_test.ipynb:cell 26:3:22
  |
1 | for variant in ["baseline", "full_bio"]:
2 |     fig, axes = plt.subplots(1, 4, figsize=(20, 4))
3 |     for ax, color in zip(axes, [label_col, "time_point", "donor", "batch"]):
  |                      ^^^^^^^^^^^^^^^^^^^^^^^^^^^^^^^^^^^^^^^^^^^^^^^^^^^^^^
4 |         sc.pl.embedding(
5 |             adata_spv,
  |
help: Add explicit value for parameter `strict=`

B905 `zip()` without an explicit `strict=` parameter
 --> audits/F4/notebooks/pbmc_citeseq_f4_probe_test.ipynb:cell 29:6:23
  |
4 |         if len(time_points) == 1:
5 |             axes = [axes]
6 |         for ax, tp in zip(axes, time_points):
  |                       ^^^^^^^^^^^^^^^^^^^^^^
7 |             sc.pl.embedding(
8 |                 private_group_adatas[variant][tp],
  |
help: Add explicit value for parameter `strict=`

BLE001 Do not catch blind exception: `Exception`
  --> docs/conf.py:28:12
   |
26 |     except RuntimeError:
27 |         pass
28 |     except Exception:
   |            ^^^^^^^^^
29 |         return
   |

BLE001 Do not catch blind exception: `Exception`
  --> docs/conf.py:37:12
   |
35 |         lib.define("nms(Tensor dets, Tensor scores, float iou_threshold) -> Tensor")
36 |         globals()["_TORCHVISION_COMPAT_LIB"] = lib
37 |     except Exception:
   |            ^^^^^^^^^
38 |         return
   |

W291 [*] Trailing whitespace
 --> docs/notebooks/Tutorial.ipynb:cell 8:3:51
  |
1 | # In this case we define the two datasets based on the subgroup category
2 | simulated_data.obs['Dataset'] = simulated_data.obs.Subgroup.replace(
3 |     {'Group1': 'Dataset 1', 'Group2': 'Dataset 1', 
  |                                                   ^
4 |      'Group3': 'Dataset 2', 'Group4': 'Dataset 2'})
  |
help: Remove trailing whitespace

W291 [*] Trailing whitespace
 --> docs/notebooks/Tutorial.ipynb:cell 9:2:55
  |
1 | simulated_data.obs['Celltypes'] = simulated_data.obs.Group.replace(
2 |     {'Group1': 'Cell type 1', 'Group2': 'Cell type 2', 
  |                                                       ^
3 |      'Group3': 'Cell type 3', 'Group4': 'Cell type 4', 
4 |      'Group5': 'Cell type 5'})
  |
help: Remove trailing whitespace

W291 [*] Trailing whitespace
 --> docs/notebooks/Tutorial.ipynb:cell 9:3:55
  |
1 | simulated_data.obs['Celltypes'] = simulated_data.obs.Group.replace(
2 |     {'Group1': 'Cell type 1', 'Group2': 'Cell type 2', 
3 |      'Group3': 'Cell type 3', 'Group4': 'Cell type 4', 
  |                                                       ^
4 |      'Group5': 'Cell type 5'})
  |
help: Remove trailing whitespace

W291 [*] Trailing whitespace
 --> docs/notebooks/Tutorial.ipynb:cell 11:2:63
  |
1 | simulated_data.obs['Gene_programs'] = simulated_data.obs.Subgroup.replace(
2 |     {'Group1': 'Gene program 1a', 'Group2': 'Gene program 2a', 
  |                                                               ^
3 |      'Group3': 'Gene program 1b', 'Group4': 'Gene program 2b'})
  |
help: Remove trailing whitespace

E402 Module level import not at top of cell
  --> docs/notebooks/Tutorial.ipynb:cell 34:8:1
   |
 6 | latent_private_dataset2 = latent['private_reordered'][1]
 7 | latent_shared = latent['shared_reordered'][0]
 8 | import numpy as _np; latent_shared = _np.concatenate(
   | ^^^^^^^^^^^^^^^^^^^
 9 |     [latent['shared_reordered'][g] for g in sorted(latent['shared_reordered'])]
10 | )
   |

E702 Multiple statements on one line (semicolon)
  --> docs/notebooks/Tutorial.ipynb:cell 34:8:20
   |
 6 | latent_private_dataset2 = latent['private_reordered'][1]
 7 | latent_shared = latent['shared_reordered'][0]
 8 | import numpy as _np; latent_shared = _np.concatenate(
   |                    ^
 9 |     [latent['shared_reordered'][g] for g in sorted(latent['shared_reordered'])]
10 | )
   |

W291 [*] Trailing whitespace
 --> docs/notebooks/Tutorial.ipynb:cell 40:1:85
  |
1 | sc.pl.embedding(adata, basis='X_umap_shared', color=['Celltypes'], size=3, wspace=1, 
  |                                                                                     ^
2 |                 title='Celltypes spVIPESmulti shared')
  |
help: Remove trailing whitespace

B905 `zip()` without an explicit `strict=` parameter
  --> docs/notebooks/Tutorial.ipynb:cell 47:9:44
   |
 7 | sns.despine()
 8 | legends = [ax.get_legend_handles_labels() for ax in fig.axes]
 9 | lines, labels = [sum(item, []) for item in zip(*legends)]
   |                                            ^^^^^^^^^^^^^
10 | for ax in axes:
11 |     ax.get_legend().remove()
   |
help: Add explicit value for parameter `strict=`

B905 `zip()` without an explicit `strict=` parameter
 --> docs/notebooks/Tutorial.ipynb:cell 48:6:44
  |
4 | sns.despine()
5 | legends = [ax.get_legend_handles_labels() for ax in fig.axes]
6 | lines, labels = [sum(item, []) for item in zip(*legends)]
  |                                            ^^^^^^^^^^^^^
7 | for ax in axes:
8 |     ax.get_legend().remove()
  |
help: Add explicit value for parameter `strict=`

E402 Module level import not at top of cell
 --> docs/notebooks/Tutorial.ipynb:cell 52:4:1
  |
3 | # Build a flat shared array (all cells, original order) for metrics and UMAP
4 | import numpy as _np
  | ^^^^^^^^^^^^^^^^^^^
5 | latent_shared_dis = _np.concatenate(
6 |     [latent_dis['shared_reordered'][g] for g in sorted(latent_dis['shared_reordered'])]
  |

B905 `zip()` without an explicit `strict=` parameter
  --> docs/notebooks/Tutorial.ipynb:cell 54:5:25
   |
 4 |   fig, axes = plt.subplots(1, 2, figsize=(11, 4))
 5 |   for ax, basis, title in zip(
   |  _________________________^
 6 | |     axes,
 7 | |     ['X_umap_shared', 'X_umap_shared_dis'],
 8 | |     ['baseline', 'disentangle group-only'],
 9 | | ):
   | |_^
10 |       sc.pl.embedding(adata, basis=basis, color='groups', ax=ax,
11 |                       show=False, title=f'shared / {title}', size=3)
   |
help: Add explicit value for parameter `strict=`

E702 Multiple statements on one line (semicolon)
  --> docs/notebooks/Tutorial.ipynb:cell 54:12:19
   |
10 |     sc.pl.embedding(adata, basis=basis, color='groups', ax=ax,
11 |                     show=False, title=f'shared / {title}', size=3)
12 | plt.tight_layout(); plt.show()
   |                   ^
13 |
   |

E402 Module level import not at top of cell
 --> docs/notebooks/biolord_comparison_plasmodium_tutorial.ipynb:cell 4:4:1
  |
2 | warnings.filterwarnings("ignore")
3 |
4 | import numpy as np
  | ^^^^^^^^^^^^^^^^^^
5 | import pandas as pd
6 | import scanpy as sc
  |

E402 Module level import not at top of cell
 --> docs/notebooks/biolord_comparison_plasmodium_tutorial.ipynb:cell 4:5:1
  |
4 | import numpy as np
5 | import pandas as pd
  | ^^^^^^^^^^^^^^^^^^^
6 | import scanpy as sc
7 | import torch
  |

E402 Module level import not at top of cell
 --> docs/notebooks/biolord_comparison_plasmodium_tutorial.ipynb:cell 4:6:1
  |
4 | import numpy as np
5 | import pandas as pd
6 | import scanpy as sc
  | ^^^^^^^^^^^^^^^^^^^
7 | import torch
8 | import matplotlib.pyplot as plt
  |

E402 Module level import not at top of cell
 --> docs/notebooks/biolord_comparison_plasmodium_tutorial.ipynb:cell 4:7:1
  |
5 | import pandas as pd
6 | import scanpy as sc
7 | import torch
  | ^^^^^^^^^^^^
8 | import matplotlib.pyplot as plt
9 | import seaborn as sns
  |

E402 Module level import not at top of cell
 --> docs/notebooks/biolord_comparison_plasmodium_tutorial.ipynb:cell 4:8:1
  |
6 | import scanpy as sc
7 | import torch
8 | import matplotlib.pyplot as plt
  | ^^^^^^^^^^^^^^^^^^^^^^^^^^^^^^^
9 | import seaborn as sns
  |

E402 Module level import not at top of cell
  --> docs/notebooks/biolord_comparison_plasmodium_tutorial.ipynb:cell 4:9:1
   |
 7 | import torch
 8 | import matplotlib.pyplot as plt
 9 | import seaborn as sns
   | ^^^^^^^^^^^^^^^^^^^^^
10 |
11 | import spVIPESmulti
   |

F401 [*] `seaborn` imported but unused
  --> docs/notebooks/biolord_comparison_plasmodium_tutorial.ipynb:cell 4:9:19
   |
 7 | import torch
 8 | import matplotlib.pyplot as plt
 9 | import seaborn as sns
   |                   ^^^
10 |
11 | import spVIPESmulti
   |
help: Remove unused import: `seaborn`

E402 Module level import not at top of cell
  --> docs/notebooks/biolord_comparison_plasmodium_tutorial.ipynb:cell 4:11:1
   |
 9 | import seaborn as sns
10 |
11 | import spVIPESmulti
   | ^^^^^^^^^^^^^^^^^^^
12 |
13 | np.random.seed(42)
   |

B905 `zip()` without an explicit `strict=` parameter
 --> docs/notebooks/biolord_comparison_plasmodium_tutorial.ipynb:cell 8:2:14
  |
1 | fig, axs = plt.subplots(1, 3, figsize=(15, 4))
2 | for ax, c in zip(axs, ["coarse_time", "zone", "status_control"]):
  |              ^^^^^^^^^^^^^^^^^^^^^^^^^^^^^^^^^^^^^^^^^^^^^^^^^^^
3 |     sc.pl.umap(adata, color=c, ax=ax, show=False, frameon=False)
4 |     ax.set_title(c)
  |
help: Add explicit value for parameter `strict=`

BLE001 Do not catch blind exception: `Exception`
  --> docs/notebooks/biolord_comparison_plasmodium_tutorial.ipynb:cell 10:17:8
   |
15 | try:
16 |     sc.pp.highly_variable_genes(adata, n_top_genes=N_HVG, flavor="seurat_v3", layer="counts")
17 | except Exception:
   |        ^^^^^^^^^
18 |     sc.pp.highly_variable_genes(adata, n_top_genes=N_HVG, flavor="seurat")
19 | adata = adata[:, adata.var["highly_variable"]].copy()
   |

B905 `zip()` without an explicit `strict=` parameter
 --> docs/notebooks/biolord_comparison_plasmodium_tutorial.ipynb:cell 24:4:14
  |
3 | fig, axes = plt.subplots(1, 3, figsize=(18, 5))
4 | for ax, c in zip(axes, ["zone", "coarse_time", "status_control"]):
  |              ^^^^^^^^^^^^^^^^^^^^^^^^^^^^^^^^^^^^^^^^^^^^^^^^^^^^
5 |     sc.pl.embedding(
6 |         adata_spv, basis="X_umap_shared", color=c,
  |
help: Add explicit value for parameter `strict=`

E702 Multiple statements on one line (semicolon)
  --> docs/notebooks/biolord_comparison_plasmodium_tutorial.ipynb:cell 29:12:19
   |
10 |             title=f"shared / {title} — {c}", size=10,
11 |         )
12 | plt.tight_layout(); plt.show()
   |                   ^
13 |
   |

B023 Function definition does not bind loop variable `prefix`
  --> docs/notebooks/biolord_comparison_plasmodium_tutorial.ipynb:cell 36:14:42
   |
12 |     # strip the group prefix that prepare_adatas adds to gene names
13 |     prefix = f"{group_name}_"
14 |     df = df.rename(index=lambda g: g[len(prefix):] if g.startswith(prefix) else g)
   |                                          ^^^^^^
15 |     top = df.apply(lambda col: col.abs().nlargest(TOP_N).index.tolist())
16 |     summary[group_name] = top
   |

B023 Function definition does not bind loop variable `prefix`
  --> docs/notebooks/biolord_comparison_plasmodium_tutorial.ipynb:cell 36:14:68
   |
12 |     # strip the group prefix that prepare_adatas adds to gene names
13 |     prefix = f"{group_name}_"
14 |     df = df.rename(index=lambda g: g[len(prefix):] if g.startswith(prefix) else g)
   |                                                                    ^^^^^^
15 |     top = df.apply(lambda col: col.abs().nlargest(TOP_N).index.tolist())
16 |     summary[group_name] = top
   |

E402 Module level import not at top of cell
 --> docs/notebooks/cinemaot_nf_vignette.ipynb:cell 3:4:1
  |
2 | warnings.filterwarnings("ignore")
3 |
4 | import numpy as np
  | ^^^^^^^^^^^^^^^^^^
5 | import pandas as pd
6 | import scanpy as sc
  |

E402 Module level import not at top of cell
 --> docs/notebooks/cinemaot_nf_vignette.ipynb:cell 3:5:1
  |
4 | import numpy as np
5 | import pandas as pd
  | ^^^^^^^^^^^^^^^^^^^
6 | import scanpy as sc
7 | import anndata as ad
  |

E402 Module level import not at top of cell
 --> docs/notebooks/cinemaot_nf_vignette.ipynb:cell 3:6:1
  |
4 | import numpy as np
5 | import pandas as pd
6 | import scanpy as sc
  | ^^^^^^^^^^^^^^^^^^^
7 | import anndata as ad
8 | import matplotlib.pyplot as plt
  |

E402 Module level import not at top of cell
 --> docs/notebooks/cinemaot_nf_vignette.ipynb:cell 3:7:1
  |
5 | import pandas as pd
6 | import scanpy as sc
7 | import anndata as ad
  | ^^^^^^^^^^^^^^^^^^^^
8 | import matplotlib.pyplot as plt
9 | import torch
  |

E402 Module level import not at top of cell
 --> docs/notebooks/cinemaot_nf_vignette.ipynb:cell 3:8:1
  |
6 | import scanpy as sc
7 | import anndata as ad
8 | import matplotlib.pyplot as plt
  | ^^^^^^^^^^^^^^^^^^^^^^^^^^^^^^^
9 | import torch
  |

E402 Module level import not at top of cell
  --> docs/notebooks/cinemaot_nf_vignette.ipynb:cell 3:9:1
   |
 7 | import anndata as ad
 8 | import matplotlib.pyplot as plt
 9 | import torch
   | ^^^^^^^^^^^^
10 |
11 | import pertpy as pt
   |

E402 Module level import not at top of cell
  --> docs/notebooks/cinemaot_nf_vignette.ipynb:cell 3:11:1
   |
 9 | import torch
10 |
11 | import pertpy as pt
   | ^^^^^^^^^^^^^^^^^^^
12 | import spVIPESmulti
   |

E402 Module level import not at top of cell
  --> docs/notebooks/cinemaot_nf_vignette.ipynb:cell 3:12:1
   |
11 | import pertpy as pt
12 | import spVIPESmulti
   | ^^^^^^^^^^^^^^^^^^^
13 |
14 | np.random.seed(42)
   |

E702 Multiple statements on one line (semicolon)
  --> docs/notebooks/cinemaot_nf_vignette.ipynb:cell 28:13:19
   |
11 |                     ax=axes[row, 1], show=False,
12 |                     title=f"{title} shared — perturbation")
13 | plt.tight_layout(); plt.show()
   |                   ^
14 |
   |

F401 [*] `spVIPESmulti` imported but unused
 --> docs/notebooks/counterfactual_interventions_tutorial.ipynb:cell 2:1:24
  |
1 | import spVIPESmulti as sv
  |                        ^^
2 | import spVIPESmulti.interventions as svi
  |
help: Remove unused import: `spVIPESmulti`

F821 Undefined name `model`
 --> docs/notebooks/counterfactual_interventions_tutorial.ipynb:cell 3:1:28
  |
1 | encoded = svi.encode_cells(model, combined)
  |                            ^^^^^
2 | direction = encoded["shared"][1].mean(axis=0) - encoded["shared"][0].mean(axis=0)
  |

F821 Undefined name `combined`
 --> docs/notebooks/counterfactual_interventions_tutorial.ipynb:cell 3:1:35
  |
1 | encoded = svi.encode_cells(model, combined)
  |                                   ^^^^^^^^
2 | direction = encoded["shared"][1].mean(axis=0) - encoded["shared"][0].mean(axis=0)
  |

F821 Undefined name `model`
 --> docs/notebooks/counterfactual_interventions_tutorial.ipynb:cell 3:5:5
  |
4 | result = svi.predict_counterfactual(
5 |     model,
  |     ^^^^^
6 |     combined,
7 |     cells=combined.uns["groups_obs_indices"][0][:100],
  |

F821 Undefined name `combined`
 --> docs/notebooks/counterfactual_interventions_tutorial.ipynb:cell 3:6:5
  |
4 | result = svi.predict_counterfactual(
5 |     model,
6 |     combined,
  |     ^^^^^^^^
7 |     cells=combined.uns["groups_obs_indices"][0][:100],
8 |     group_idx=0,
  |

F821 Undefined name `combined`
 --> docs/notebooks/counterfactual_interventions_tutorial.ipynb:cell 3:7:11
  |
5 |     model,
6 |     combined,
7 |     cells=combined.uns["groups_obs_indices"][0][:100],
  |           ^^^^^^^^
8 |     group_idx=0,
9 |     intervention="centroid_shift",
  |

F821 Undefined name `model`
 --> docs/notebooks/counterfactual_interventions_tutorial.ipynb:cell 4:2:5
  |
1 | report = svi.integration_report(
2 |     model,
  |     ^^^^^
3 |     combined,
4 |     group_key="groups",
  |

F821 Undefined name `combined`
 --> docs/notebooks/counterfactual_interventions_tutorial.ipynb:cell 4:3:5
  |
1 | report = svi.integration_report(
2 |     model,
3 |     combined,
  |     ^^^^^^^^
4 |     group_key="groups",
5 |     label_key="condition",
  |

E402 Module level import not at top of cell
 --> docs/notebooks/disentangle_ablation.ipynb:cell 3:4:1
  |
2 | warnings.filterwarnings("ignore")
3 |
4 | import numpy as np
  | ^^^^^^^^^^^^^^^^^^
5 | import pandas as pd
6 | import scanpy as sc
  |

E402 Module level import not at top of cell
 --> docs/notebooks/disentangle_ablation.ipynb:cell 3:5:1
  |
4 | import numpy as np
5 | import pandas as pd
  | ^^^^^^^^^^^^^^^^^^^
6 | import scanpy as sc
7 | import torch
  |

E402 Module level import not at top of cell
 --> docs/notebooks/disentangle_ablation.ipynb:cell 3:6:1
  |
4 | import numpy as np
5 | import pandas as pd
6 | import scanpy as sc
  | ^^^^^^^^^^^^^^^^^^^
7 | import torch
8 | import matplotlib.pyplot as plt
  |

E402 Module level import not at top of cell
 --> docs/notebooks/disentangle_ablation.ipynb:cell 3:7:1
  |
5 | import pandas as pd
6 | import scanpy as sc
7 | import torch
  | ^^^^^^^^^^^^
8 | import matplotlib.pyplot as plt
  |

E402 Module level import not at top of cell
  --> docs/notebooks/disentangle_ablation.ipynb:cell 3:8:1
   |
 6 | import scanpy as sc
 7 | import torch
 8 | import matplotlib.pyplot as plt
   | ^^^^^^^^^^^^^^^^^^^^^^^^^^^^^^^
 9 |
10 | import pertpy as pt
   |

E402 Module level import not at top of cell
  --> docs/notebooks/disentangle_ablation.ipynb:cell 3:10:1
   |
 8 | import matplotlib.pyplot as plt
 9 |
10 | import pertpy as pt
   | ^^^^^^^^^^^^^^^^^^^
11 | import spVIPESmulti
12 | from spVIPESmulti.model._disentangle_presets import DISENTANGLE_PRESETS
   |

E402 Module level import not at top of cell
  --> docs/notebooks/disentangle_ablation.ipynb:cell 3:11:1
   |
10 | import pertpy as pt
11 | import spVIPESmulti
   | ^^^^^^^^^^^^^^^^^^^
12 | from spVIPESmulti.model._disentangle_presets import DISENTANGLE_PRESETS
   |

E402 Module level import not at top of cell
  --> docs/notebooks/disentangle_ablation.ipynb:cell 3:12:1
   |
10 | import pertpy as pt
11 | import spVIPESmulti
12 | from spVIPESmulti.model._disentangle_presets import DISENTANGLE_PRESETS
   | ^^^^^^^^^^^^^^^^^^^^^^^^^^^^^^^^^^^^^^^^^^^^^^^^^^^^^^^^^^^^^^^^^^^^^^^
13 |
14 | SEED = 42
   |

E402 Module level import not at top of cell
 --> docs/notebooks/kang_ifn_cd14_gene_programs.ipynb:cell 2:7:1
  |
5 | warnings.filterwarnings("ignore")
6 |
7 | import matplotlib.pyplot as plt
  | ^^^^^^^^^^^^^^^^^^^^^^^^^^^^^^^
8 | import numpy as np
9 | import pandas as pd
  |

E402 Module level import not at top of cell
  --> docs/notebooks/kang_ifn_cd14_gene_programs.ipynb:cell 2:8:1
   |
 7 | import matplotlib.pyplot as plt
 8 | import numpy as np
   | ^^^^^^^^^^^^^^^^^^
 9 | import pandas as pd
10 | import scanpy as sc
   |

E402 Module level import not at top of cell
  --> docs/notebooks/kang_ifn_cd14_gene_programs.ipynb:cell 2:9:1
   |
 7 | import matplotlib.pyplot as plt
 8 | import numpy as np
 9 | import pandas as pd
   | ^^^^^^^^^^^^^^^^^^^
10 | import scanpy as sc
11 | import torch
   |

E402 Module level import not at top of cell
  --> docs/notebooks/kang_ifn_cd14_gene_programs.ipynb:cell 2:10:1
   |
 8 | import numpy as np
 9 | import pandas as pd
10 | import scanpy as sc
   | ^^^^^^^^^^^^^^^^^^^
11 | import torch
12 | from scipy.stats import spearmanr
   |

E402 Module level import not at top of cell
  --> docs/notebooks/kang_ifn_cd14_gene_programs.ipynb:cell 2:11:1
   |
 9 | import pandas as pd
10 | import scanpy as sc
11 | import torch
   | ^^^^^^^^^^^^
12 | from scipy.stats import spearmanr
13 | from sklearn.linear_model import LogisticRegression
   |

E402 Module level import not at top of cell
  --> docs/notebooks/kang_ifn_cd14_gene_programs.ipynb:cell 2:12:1
   |
10 | import scanpy as sc
11 | import torch
12 | from scipy.stats import spearmanr
   | ^^^^^^^^^^^^^^^^^^^^^^^^^^^^^^^^^
13 | from sklearn.linear_model import LogisticRegression
14 | from sklearn.metrics import balanced_accuracy_score, roc_auc_score
   |

E402 Module level import not at top of cell
  --> docs/notebooks/kang_ifn_cd14_gene_programs.ipynb:cell 2:13:1
   |
11 | import torch
12 | from scipy.stats import spearmanr
13 | from sklearn.linear_model import LogisticRegression
   | ^^^^^^^^^^^^^^^^^^^^^^^^^^^^^^^^^^^^^^^^^^^^^^^^^^^
14 | from sklearn.metrics import balanced_accuracy_score, roc_auc_score
15 | from sklearn.model_selection import train_test_split
   |

E402 Module level import not at top of cell
  --> docs/notebooks/kang_ifn_cd14_gene_programs.ipynb:cell 2:14:1
   |
12 | from scipy.stats import spearmanr
13 | from sklearn.linear_model import LogisticRegression
14 | from sklearn.metrics import balanced_accuracy_score, roc_auc_score
   | ^^^^^^^^^^^^^^^^^^^^^^^^^^^^^^^^^^^^^^^^^^^^^^^^^^^^^^^^^^^^^^^^^^
15 | from sklearn.model_selection import train_test_split
   |

E402 Module level import not at top of cell
  --> docs/notebooks/kang_ifn_cd14_gene_programs.ipynb:cell 2:15:1
   |
13 | from sklearn.linear_model import LogisticRegression
14 | from sklearn.metrics import balanced_accuracy_score, roc_auc_score
15 | from sklearn.model_selection import train_test_split
   | ^^^^^^^^^^^^^^^^^^^^^^^^^^^^^^^^^^^^^^^^^^^^^^^^^^^^
   |

D103 Missing docstring in public function
  --> docs/notebooks/kang_ifn_cd14_gene_programs.ipynb:cell 2:18:5
   |
18 | def find_repo_root(start=Path.cwd()):
   |     ^^^^^^^^^^^^^^
19 |     start = Path(start).resolve()
20 |     for path in (start, *start.parents):
   |

E402 Module level import not at top of cell
  --> docs/notebooks/kang_ifn_cd14_gene_programs.ipynb:cell 2:31:1
   |
29 |     sys.path.insert(0, str(SRC_DIR))
30 |
31 | import spVIPESmulti
   | ^^^^^^^^^^^^^^^^^^^
32 |
33 | SEED = 42
   |

D103 Missing docstring in public function
  --> docs/notebooks/kang_ifn_cd14_gene_programs.ipynb:cell 4:10:5
   |
10 | def load_kang_2018():
   |     ^^^^^^^^^^^^^^
11 |     candidates = [
12 |         REPO_ROOT / "docs" / "notebooks" / "data" / "kang_2018.h5ad",
   |

D103 Missing docstring in public function
  --> docs/notebooks/kang_ifn_cd14_gene_programs.ipynb:cell 4:34:5
   |
34 | def require_obs(adata, keys):
   |     ^^^^^^^^^^^
35 |     missing = [key for key in keys if key not in adata.obs]
36 |     if missing:
   |

D103 Missing docstring in public function
  --> docs/notebooks/kang_ifn_cd14_gene_programs.ipynb:cell 4:40:5
   |
40 | def present_genes(adata, genes):
   |     ^^^^^^^^^^^^^
41 |     return [gene for gene in genes if gene in adata.var_names]
   |

D103 Missing docstring in public function
  --> docs/notebooks/kang_ifn_cd14_gene_programs.ipynb:cell 4:44:5
   |
44 | def score_ifn_response(adata, score_name="ISG_score"):
   |     ^^^^^^^^^^^^^^^^^^
45 |     genes = present_genes(adata, IFN_BETA_RESPONSE_GENES)
46 |     missing = sorted(set(IFN_BETA_RESPONSE_GENES) - set(genes))
   |

D103 Missing docstring in public function
  --> docs/notebooks/kang_ifn_cd14_gene_programs.ipynb:cell 4:56:5
   |
56 | def add_donor_adjusted_response(
   |     ^^^^^^^^^^^^^^^^^^^^^^^^^^^
57 |     adata,
58 |     score_key="ISG_score",
   |

D103 Missing docstring in public function
  --> docs/notebooks/kang_ifn_cd14_gene_programs.ipynb:cell 4:76:5
   |
76 | def add_extreme_response_labels(
   |     ^^^^^^^^^^^^^^^^^^^^^^^^^^^
77 |     adata,
78 |     score_key="ISG_z_by_donor",
   |

D103 Missing docstring in public function
   --> docs/notebooks/kang_ifn_cd14_gene_programs.ipynb:cell 4:104:5
    |
104 | def probe_balanced_accuracy(x, y, seed=SEED):
    |     ^^^^^^^^^^^^^^^^^^^^^^^
105 |     y = np.asarray(y).astype(str)
106 |     classes, counts = np.unique(y, return_counts=True)
    |

D103 Missing docstring in public function
   --> docs/notebooks/kang_ifn_cd14_gene_programs.ipynb:cell 4:122:5
    |
122 | def latent_response_summary(
    |     ^^^^^^^^^^^^^^^^^^^^^^^
123 |     adata,
124 |     obsm_key,
    |

D103 Missing docstring in public function
   --> docs/notebooks/kang_ifn_cd14_gene_programs.ipynb:cell 4:169:5
    |
169 | def response_program_table(top_genes_df, response_summary, n_dims=6):
    |     ^^^^^^^^^^^^^^^^^^^^^^
170 |     dim_info = response_summary.head(n_dims).copy()
171 |     dim_info["dim_index"] = dim_info["dim"].astype(int)
    |

D103 Missing docstring in public function
   --> docs/notebooks/kang_ifn_cd14_gene_programs.ipynb:cell 4:194:5
    |
194 | def first_n_genes(gene_lists, n_per_list=8):
    |     ^^^^^^^^^^^^^
195 |     genes = []
196 |     for gene_list in gene_lists:
    |

B905 `zip()` without an explicit `strict=` parameter
  --> docs/notebooks/kang_ifn_cd14_gene_programs.ipynb:cell 14:21:28
   |
20 | group_indices_list = [list(map(int, group)) for group in adata_spv.uns["groups_obs_indices"]]
21 | print("Group sizes:", dict(zip(CONDITIONS, [len(group) for group in group_indices_list])))
   |                            ^^^^^^^^^^^^^^^^^^^^^^^^^^^^^^^^^^^^^^^^^^^^^^^^^^^^^^^^^^^^^
   |
help: Add explicit value for parameter `strict=`

W293 [*] Blank line contains whitespace
  --> docs/notebooks/kang_ifn_cd14_gene_programs.ipynb:cell 28:8:1
   |
 6 |     signed=True,
 7 | )
 8 |  
   | ^
 9 | program_table = response_program_table(top_stim, private_response, n_dims=6)
10 | program_table.to_csv(RESULTS_DIR / "stim_private_response_programs.csv", index=False)
   |
help: Remove whitespace from blank line

E402 Module level import not at top of cell
 --> docs/notebooks/kang_ifn_cd14_response_probe.ipynb:cell 2:4:1
  |
2 | warnings.filterwarnings("ignore")
3 |
4 | from pathlib import Path
  | ^^^^^^^^^^^^^^^^^^^^^^^^
5 |
6 | import numpy as np
  |

E402 Module level import not at top of cell
 --> docs/notebooks/kang_ifn_cd14_response_probe.ipynb:cell 2:6:1
  |
4 | from pathlib import Path
5 |
6 | import numpy as np
  | ^^^^^^^^^^^^^^^^^^
7 | import pandas as pd
8 | import scanpy as sc
  |

E402 Module level import not at top of cell
 --> docs/notebooks/kang_ifn_cd14_response_probe.ipynb:cell 2:7:1
  |
6 | import numpy as np
7 | import pandas as pd
  | ^^^^^^^^^^^^^^^^^^^
8 | import scanpy as sc
9 | import matplotlib.pyplot as plt
  |

E402 Module level import not at top of cell
  --> docs/notebooks/kang_ifn_cd14_response_probe.ipynb:cell 2:8:1
   |
 6 | import numpy as np
 7 | import pandas as pd
 8 | import scanpy as sc
   | ^^^^^^^^^^^^^^^^^^^
 9 | import matplotlib.pyplot as plt
10 | import torch
   |

E402 Module level import not at top of cell
  --> docs/notebooks/kang_ifn_cd14_response_probe.ipynb:cell 2:9:1
   |
 7 | import pandas as pd
 8 | import scanpy as sc
 9 | import matplotlib.pyplot as plt
   | ^^^^^^^^^^^^^^^^^^^^^^^^^^^^^^^
10 | import torch
11 | from scipy.stats import spearmanr
   |

E402 Module level import not at top of cell
  --> docs/notebooks/kang_ifn_cd14_response_probe.ipynb:cell 2:10:1
   |
 8 | import scanpy as sc
 9 | import matplotlib.pyplot as plt
10 | import torch
   | ^^^^^^^^^^^^
11 | from scipy.stats import spearmanr
12 | from sklearn.linear_model import LogisticRegression
   |

E402 Module level import not at top of cell
  --> docs/notebooks/kang_ifn_cd14_response_probe.ipynb:cell 2:11:1
   |
 9 | import matplotlib.pyplot as plt
10 | import torch
11 | from scipy.stats import spearmanr
   | ^^^^^^^^^^^^^^^^^^^^^^^^^^^^^^^^^
12 | from sklearn.linear_model import LogisticRegression
13 | from sklearn.metrics import balanced_accuracy_score, roc_auc_score
   |

E402 Module level import not at top of cell
  --> docs/notebooks/kang_ifn_cd14_response_probe.ipynb:cell 2:12:1
   |
10 | import torch
11 | from scipy.stats import spearmanr
12 | from sklearn.linear_model import LogisticRegression
   | ^^^^^^^^^^^^^^^^^^^^^^^^^^^^^^^^^^^^^^^^^^^^^^^^^^^
13 | from sklearn.metrics import balanced_accuracy_score, roc_auc_score
14 | from sklearn.model_selection import train_test_split
   |

E402 Module level import not at top of cell
  --> docs/notebooks/kang_ifn_cd14_response_probe.ipynb:cell 2:13:1
   |
11 | from scipy.stats import spearmanr
12 | from sklearn.linear_model import LogisticRegression
13 | from sklearn.metrics import balanced_accuracy_score, roc_auc_score
   | ^^^^^^^^^^^^^^^^^^^^^^^^^^^^^^^^^^^^^^^^^^^^^^^^^^^^^^^^^^^^^^^^^^
14 | from sklearn.model_selection import train_test_split
   |

E402 Module level import not at top of cell
  --> docs/notebooks/kang_ifn_cd14_response_probe.ipynb:cell 2:14:1
   |
12 | from sklearn.linear_model import LogisticRegression
13 | from sklearn.metrics import balanced_accuracy_score, roc_auc_score
14 | from sklearn.model_selection import train_test_split
   | ^^^^^^^^^^^^^^^^^^^^^^^^^^^^^^^^^^^^^^^^^^^^^^^^^^^^
15 |
16 | import spVIPESmulti
   |

E402 Module level import not at top of cell
  --> docs/notebooks/kang_ifn_cd14_response_probe.ipynb:cell 2:16:1
   |
14 | from sklearn.model_selection import train_test_split
15 |
16 | import spVIPESmulti
   | ^^^^^^^^^^^^^^^^^^^
17 |
18 | SEED = 42
   |

D103 Missing docstring in public function
  --> docs/notebooks/kang_ifn_cd14_response_probe.ipynb:cell 3:10:5
   |
10 | def load_kang_2018():
   |     ^^^^^^^^^^^^^^
11 |     for candidate in DATA_CANDIDATES:
12 |         if candidate.exists() and candidate.stat().st_size > 0:
   |

D103 Missing docstring in public function
  --> docs/notebooks/kang_ifn_cd14_response_probe.ipynb:cell 3:20:5
   |
20 | def present_genes(adata, genes):
   |     ^^^^^^^^^^^^^
21 |     return [gene for gene in genes if gene in adata.var_names]
   |

D103 Missing docstring in public function
  --> docs/notebooks/kang_ifn_cd14_response_probe.ipynb:cell 3:24:5
   |
24 | def score_ifn_response(adata, score_name="ISG_score"):
   |     ^^^^^^^^^^^^^^^^^^
25 |     genes = present_genes(adata, IFN_BETA_RESPONSE_GENES)
26 |     missing = sorted(set(IFN_BETA_RESPONSE_GENES) - set(genes))
   |

D103 Missing docstring in public function
  --> docs/notebooks/kang_ifn_cd14_response_probe.ipynb:cell 3:36:5
   |
36 | def add_donor_adjusted_response(
   |     ^^^^^^^^^^^^^^^^^^^^^^^^^^^
37 |     adata,
38 |     score_key="ISG_score",
   |

D103 Missing docstring in public function
  --> docs/notebooks/kang_ifn_cd14_response_probe.ipynb:cell 3:56:5
   |
56 | def add_cd14_response_extremes(
   |     ^^^^^^^^^^^^^^^^^^^^^^^^^^
57 |     adata,
58 |     score_key="ISG_z_by_donor",
   |

B007 Loop control variable `donor` not used within loop body
  --> docs/notebooks/kang_ifn_cd14_response_probe.ipynb:cell 3:70:9
   |
69 |     stim_obs = adata.obs[adata.obs[condition_key] == stim_value]
70 |     for donor, idx in stim_obs.groupby(donor_key, observed=True).groups.items():
   |         ^^^^^
71 |         scores = adata.obs.loc[idx, score_key].astype(float)
72 |         low_cut = scores.quantile(lower_q)
   |
help: Rename unused `donor` to `_donor`

D103 Missing docstring in public function
  --> docs/notebooks/kang_ifn_cd14_response_probe.ipynb:cell 3:92:5
   |
92 | def probe_balanced_accuracy(x, y, seed=SEED):
   |     ^^^^^^^^^^^^^^^^^^^^^^^
93 |     y = np.asarray(y).astype(str)
94 |     classes, counts = np.unique(y, return_counts=True)
   |

D103 Missing docstring in public function
   --> docs/notebooks/kang_ifn_cd14_response_probe.ipynb:cell 3:128:5
    |
128 | def latent_response_summary(
    |     ^^^^^^^^^^^^^^^^^^^^^^^
129 |     adata,
130 |     obsm_key,
    |

D103 Missing docstring in public function
   --> docs/notebooks/kang_ifn_cd14_response_probe.ipynb:cell 3:178:5
    |
178 | def private_loadings_heatmap(model, group_idx, dims, n_top=8, ax=None):
    |     ^^^^^^^^^^^^^^^^^^^^^^^^
179 |     import seaborn as sns
    |

E402 Module level import not at top of cell
 --> docs/notebooks/kang_ifn_commit_old.ipynb:cell 1:4:1
  |
2 | warnings.filterwarnings("ignore")
3 |
4 | import numpy as np
  | ^^^^^^^^^^^^^^^^^^
5 | import pandas as pd
6 | import scanpy as sc
  |

E402 Module level import not at top of cell
 --> docs/notebooks/kang_ifn_commit_old.ipynb:cell 1:5:1
  |
4 | import numpy as np
5 | import pandas as pd
  | ^^^^^^^^^^^^^^^^^^^
6 | import scanpy as sc
7 | import anndata as ad
  |

E402 Module level import not at top of cell
 --> docs/notebooks/kang_ifn_commit_old.ipynb:cell 1:6:1
  |
4 | import numpy as np
5 | import pandas as pd
6 | import scanpy as sc
  | ^^^^^^^^^^^^^^^^^^^
7 | import anndata as ad
8 | import matplotlib.pyplot as plt
  |

E402 Module level import not at top of cell
 --> docs/notebooks/kang_ifn_commit_old.ipynb:cell 1:7:1
  |
5 | import pandas as pd
6 | import scanpy as sc
7 | import anndata as ad
  | ^^^^^^^^^^^^^^^^^^^^
8 | import matplotlib.pyplot as plt
9 | import torch
  |

F401 [*] `anndata` imported but unused
 --> docs/notebooks/kang_ifn_commit_old.ipynb:cell 1:7:19
  |
5 | import pandas as pd
6 | import scanpy as sc
7 | import anndata as ad
  |                   ^^
8 | import matplotlib.pyplot as plt
9 | import torch
  |
help: Remove unused import: `anndata`

E402 Module level import not at top of cell
  --> docs/notebooks/kang_ifn_commit_old.ipynb:cell 1:8:1
   |
 6 | import scanpy as sc
 7 | import anndata as ad
 8 | import matplotlib.pyplot as plt
   | ^^^^^^^^^^^^^^^^^^^^^^^^^^^^^^^
 9 | import torch
10 | from sklearn.linear_model import LogisticRegression
   |

E402 Module level import not at top of cell
  --> docs/notebooks/kang_ifn_commit_old.ipynb:cell 1:9:1
   |
 7 | import anndata as ad
 8 | import matplotlib.pyplot as plt
 9 | import torch
   | ^^^^^^^^^^^^
10 | from sklearn.linear_model import LogisticRegression
11 | from sklearn.metrics import balanced_accuracy_score
   |

E402 Module level import not at top of cell
  --> docs/notebooks/kang_ifn_commit_old.ipynb:cell 1:10:1
   |
 8 | import matplotlib.pyplot as plt
 9 | import torch
10 | from sklearn.linear_model import LogisticRegression
   | ^^^^^^^^^^^^^^^^^^^^^^^^^^^^^^^^^^^^^^^^^^^^^^^^^^^
11 | from sklearn.metrics import balanced_accuracy_score
12 | from sklearn.model_selection import train_test_split
   |

E402 Module level import not at top of cell
  --> docs/notebooks/kang_ifn_commit_old.ipynb:cell 1:11:1
   |
 9 | import torch
10 | from sklearn.linear_model import LogisticRegression
11 | from sklearn.metrics import balanced_accuracy_score
   | ^^^^^^^^^^^^^^^^^^^^^^^^^^^^^^^^^^^^^^^^^^^^^^^^^^^
12 | from sklearn.model_selection import train_test_split
   |

E402 Module level import not at top of cell
  --> docs/notebooks/kang_ifn_commit_old.ipynb:cell 1:12:1
   |
10 | from sklearn.linear_model import LogisticRegression
11 | from sklearn.metrics import balanced_accuracy_score
12 | from sklearn.model_selection import train_test_split
   | ^^^^^^^^^^^^^^^^^^^^^^^^^^^^^^^^^^^^^^^^^^^^^^^^^^^^
13 |
14 | import pertpy as pt
   |

E402 Module level import not at top of cell
  --> docs/notebooks/kang_ifn_commit_old.ipynb:cell 1:14:1
   |
12 | from sklearn.model_selection import train_test_split
13 |
14 | import pertpy as pt
   | ^^^^^^^^^^^^^^^^^^^
15 | import spVIPESmulti
   |

E402 Module level import not at top of cell
  --> docs/notebooks/kang_ifn_commit_old.ipynb:cell 1:15:1
   |
14 | import pertpy as pt
15 | import spVIPESmulti
   | ^^^^^^^^^^^^^^^^^^^
16 |
17 | np.random.seed(42)
   |

B905 `zip()` without an explicit `strict=` parameter
 --> docs/notebooks/kang_ifn_commit_old.ipynb:cell 33:6:20
  |
5 | fig, axes = plt.subplots(nrows, ncols, figsize=(25, 25), squeeze=False)
6 | for dim_idx, ax in zip(private_dims, axes.ravel()):
  |                    ^^^^^^^^^^^^^^^^^^^^^^^^^^^^^^^
7 |     spVIPESmulti.pl.factor_violin(
8 |         adatas_stim[adatas_stim.obs["cell_type"] == "CD14+ Monocytes"],
  |
help: Add explicit value for parameter `strict=`

E402 Module level import not at top of cell
 --> docs/notebooks/malaria_bcells_hparam_explore.ipynb:cell 2:4:1
  |
2 | warnings.filterwarnings("ignore")
3 |
4 | import anndata as ad
  | ^^^^^^^^^^^^^^^^^^^^
5 | import numpy as np
6 | import pandas as pd
  |

E402 Module level import not at top of cell
 --> docs/notebooks/malaria_bcells_hparam_explore.ipynb:cell 2:5:1
  |
4 | import anndata as ad
5 | import numpy as np
  | ^^^^^^^^^^^^^^^^^^
6 | import pandas as pd
7 | import scanpy as sc
  |

E402 Module level import not at top of cell
 --> docs/notebooks/malaria_bcells_hparam_explore.ipynb:cell 2:6:1
  |
4 | import anndata as ad
5 | import numpy as np
6 | import pandas as pd
  | ^^^^^^^^^^^^^^^^^^^
7 | import scanpy as sc
  |

E402 Module level import not at top of cell
 --> docs/notebooks/malaria_bcells_hparam_explore.ipynb:cell 2:7:1
  |
5 | import numpy as np
6 | import pandas as pd
7 | import scanpy as sc
  | ^^^^^^^^^^^^^^^^^^^
8 |
9 | import scvi
  |

E402 Module level import not at top of cell
  --> docs/notebooks/malaria_bcells_hparam_explore.ipynb:cell 2:9:1
   |
 7 | import scanpy as sc
 8 |
 9 | import scvi
   | ^^^^^^^^^^^
10 | import torch
11 | import matplotlib.pyplot as plt
   |

E402 Module level import not at top of cell
  --> docs/notebooks/malaria_bcells_hparam_explore.ipynb:cell 2:10:1
   |
 9 | import scvi
10 | import torch
   | ^^^^^^^^^^^^
11 | import matplotlib.pyplot as plt
12 | import anndata as ad
   |

E402 Module level import not at top of cell
  --> docs/notebooks/malaria_bcells_hparam_explore.ipynb:cell 2:11:1
   |
 9 | import scvi
10 | import torch
11 | import matplotlib.pyplot as plt
   | ^^^^^^^^^^^^^^^^^^^^^^^^^^^^^^^
12 | import anndata as ad
13 | import scipy.sparse as sp
   |

E402 Module level import not at top of cell
  --> docs/notebooks/malaria_bcells_hparam_explore.ipynb:cell 2:12:1
   |
10 | import torch
11 | import matplotlib.pyplot as plt
12 | import anndata as ad
   | ^^^^^^^^^^^^^^^^^^^^
13 | import scipy.sparse as sp
14 | import spVIPESmulti
   |

F811 [*] Redefinition of unused `ad` from cell 2, line 4
  --> docs/notebooks/malaria_bcells_hparam_explore.ipynb:cell 2:12:19
   |
10 | import torch
11 | import matplotlib.pyplot as plt
12 | import anndata as ad
   |                   ^^ `ad` redefined here
13 | import scipy.sparse as sp
14 | import spVIPESmulti
   |
  ::: docs/notebooks/malaria_bcells_hparam_explore.ipynb:cell 2:4:19
   |
 2 | warnings.filterwarnings("ignore")
 3 |
 4 | import anndata as ad
   |                   -- previous definition of `ad` here
 5 | import numpy as np
 6 | import pandas as pd
   |
help: Remove definition: `ad`

E402 Module level import not at top of cell
  --> docs/notebooks/malaria_bcells_hparam_explore.ipynb:cell 2:13:1
   |
11 | import matplotlib.pyplot as plt
12 | import anndata as ad
13 | import scipy.sparse as sp
   | ^^^^^^^^^^^^^^^^^^^^^^^^^
14 | import spVIPESmulti
   |

F401 [*] `scipy.sparse` imported but unused
  --> docs/notebooks/malaria_bcells_hparam_explore.ipynb:cell 2:13:24
   |
11 | import matplotlib.pyplot as plt
12 | import anndata as ad
13 | import scipy.sparse as sp
   |                        ^^
14 | import spVIPESmulti
   |
help: Remove unused import: `scipy.sparse`

E402 Module level import not at top of cell
  --> docs/notebooks/malaria_bcells_hparam_explore.ipynb:cell 2:14:1
   |
12 | import anndata as ad
13 | import scipy.sparse as sp
14 | import spVIPESmulti
   | ^^^^^^^^^^^^^^^^^^^
15 |
16 | import seaborn as sns
   |

E402 Module level import not at top of cell
  --> docs/notebooks/malaria_bcells_hparam_explore.ipynb:cell 2:16:1
   |
14 | import spVIPESmulti
15 |
16 | import seaborn as sns
   | ^^^^^^^^^^^^^^^^^^^^^
17 | from pathlib import Path
   |

F401 [*] `seaborn` imported but unused
  --> docs/notebooks/malaria_bcells_hparam_explore.ipynb:cell 2:16:19
   |
14 | import spVIPESmulti
15 |
16 | import seaborn as sns
   |                   ^^^
17 | from pathlib import Path
   |
help: Remove unused import: `seaborn`

E402 Module level import not at top of cell
  --> docs/notebooks/malaria_bcells_hparam_explore.ipynb:cell 2:17:1
   |
16 | import seaborn as sns
17 | from pathlib import Path
   | ^^^^^^^^^^^^^^^^^^^^^^^^
18 |
19 | np.random.seed(0)
   |

B905 `zip()` without an explicit `strict=` parameter
 --> docs/notebooks/malaria_bcells_hparam_explore.ipynb:cell 12:3:27
  |
1 |   fig, axes = plt.subplots(1, 2, figsize=(16, 5))
2 |
3 |   for ax, (model, label) in zip(axes, [
  |  ___________________________^
4 | |     (model_baseline, "Baseline (lr=1e-3, elbo_train scheduler, equal weights)"),
5 | |     (model_rec if has_recommended else model_baseline, "Recommended (lr=5e-4, recon_val scheduler, inv-freq weights)"),
6 | | ]):
  | |__^
7 |       history = model.history
8 |       for key in ["reconstruction_loss_train", "reconstruction_loss_validation", "elbo_train", "elbo_validation"]:
  |
help: Add explicit value for parameter `strict=`

B905 `zip()` without an explicit `strict=` parameter
  --> docs/notebooks/malaria_bcells_hparam_explore.ipynb:cell 13:5:27
   |
 3 |   groups = ["CRXV (g0)", "NANP (g1)", "Njunc (g2)"]
 4 |
 5 |   for ax, (model, label) in zip(axes, [
   |  ___________________________^
 6 | |     (model_baseline, "Baseline"),
 7 | |     (model_rec if has_recommended else model_baseline, "Recommended"),
 8 | | ]):
   | |__^
 9 |       history = model.history
10 |       for g, gname in enumerate(groups):
   |
help: Add explicit value for parameter `strict=`

BLE001 Do not catch blind exception: `Exception`
  --> docs/notebooks/malaria_bcells_hparam_explore.ipynb:cell 18:16:8
   |
14 |     metric_df = pd.DataFrame(metrics).T
15 |     print(metric_df.to_string())
16 | except Exception as e:
   |        ^^^^^^^^^
17 |     print(f"integration_report not available or errored: {e}")
18 |     print("Compute metrics manually or check spVIPESmulti.metrics API.")
   |

B007 Loop control variable `tag` not used within loop body
 --> docs/notebooks/malaria_bcells_hparam_explore.ipynb:cell 20:2:12
  |
1 | rows = []
2 | for model, tag, label in [
  |            ^^^
3 |     (model_baseline, "baseline", "Baseline"),
4 |     (model_rec if has_recommended else model_baseline, "recommended", "Recommended"),
  |
help: Rename unused `tag` to `_tag`

D103 Missing docstring in public function
 --> docs/notebooks/malaria_bcells_hparam_explore.ipynb:cell 20:7:9
  |
5 | ]:
6 |     h = model.history
7 |     def last(key):
  |         ^^^^
8 |         if key in h:
9 |             vals = h[key]
  |

B023 Function definition does not bind loop variable `h`
  --> docs/notebooks/malaria_bcells_hparam_explore.ipynb:cell 20:8:19
   |
 6 |     h = model.history
 7 |     def last(key):
 8 |         if key in h:
   |                   ^
 9 |             vals = h[key]
10 |             return float(vals[key].iloc[-1])
   |

B023 Function definition does not bind loop variable `h`
  --> docs/notebooks/malaria_bcells_hparam_explore.ipynb:cell 20:9:20
   |
 7 |     def last(key):
 8 |         if key in h:
 9 |             vals = h[key]
   |                    ^
10 |             return float(vals[key].iloc[-1])
11 |         return float("nan")
   |

E402 Module level import not at top of cell
 --> docs/notebooks/malaria_bcells_nodisentangle.ipynb:cell 1:4:1
  |
2 | warnings.filterwarnings("ignore")
3 |
4 | import anndata as ad
  | ^^^^^^^^^^^^^^^^^^^^
5 | import numpy as np
6 | import pandas as pd
  |

E402 Module level import not at top of cell
 --> docs/notebooks/malaria_bcells_nodisentangle.ipynb:cell 1:5:1
  |
4 | import anndata as ad
5 | import numpy as np
  | ^^^^^^^^^^^^^^^^^^
6 | import pandas as pd
7 | import scanpy as sc
  |

E402 Module level import not at top of cell
 --> docs/notebooks/malaria_bcells_nodisentangle.ipynb:cell 1:6:1
  |
4 | import anndata as ad
5 | import numpy as np
6 | import pandas as pd
  | ^^^^^^^^^^^^^^^^^^^
7 | import scanpy as sc
  |

E402 Module level import not at top of cell
 --> docs/notebooks/malaria_bcells_nodisentangle.ipynb:cell 1:7:1
  |
5 | import numpy as np
6 | import pandas as pd
7 | import scanpy as sc
  | ^^^^^^^^^^^^^^^^^^^
8 |
9 | import scvi
  |

E402 Module level import not at top of cell
  --> docs/notebooks/malaria_bcells_nodisentangle.ipynb:cell 1:9:1
   |
 7 | import scanpy as sc
 8 |
 9 | import scvi
   | ^^^^^^^^^^^
10 | import torch
11 | import matplotlib.pyplot as plt
   |

E402 Module level import not at top of cell
  --> docs/notebooks/malaria_bcells_nodisentangle.ipynb:cell 1:10:1
   |
 9 | import scvi
10 | import torch
   | ^^^^^^^^^^^^
11 | import matplotlib.pyplot as plt
12 | import anndata as ad
   |

E402 Module level import not at top of cell
  --> docs/notebooks/malaria_bcells_nodisentangle.ipynb:cell 1:11:1
   |
 9 | import scvi
10 | import torch
11 | import matplotlib.pyplot as plt
   | ^^^^^^^^^^^^^^^^^^^^^^^^^^^^^^^
12 | import anndata as ad
13 | import scipy.sparse as sp
   |

F401 [*] `matplotlib.pyplot` imported but unused
  --> docs/notebooks/malaria_bcells_nodisentangle.ipynb:cell 1:11:29
   |
 9 | import scvi
10 | import torch
11 | import matplotlib.pyplot as plt
   |                             ^^^
12 | import anndata as ad
13 | import scipy.sparse as sp
   |
help: Remove unused import: `matplotlib.pyplot`

E402 Module level import not at top of cell
  --> docs/notebooks/malaria_bcells_nodisentangle.ipynb:cell 1:12:1
   |
10 | import torch
11 | import matplotlib.pyplot as plt
12 | import anndata as ad
   | ^^^^^^^^^^^^^^^^^^^^
13 | import scipy.sparse as sp
14 | import spVIPESmulti
   |

F811 [*] Redefinition of unused `ad` from cell 1, line 4
  --> docs/notebooks/malaria_bcells_nodisentangle.ipynb:cell 1:12:19
   |
10 | import torch
11 | import matplotlib.pyplot as plt
12 | import anndata as ad
   |                   ^^ `ad` redefined here
13 | import scipy.sparse as sp
14 | import spVIPESmulti
   |
  ::: docs/notebooks/malaria_bcells_nodisentangle.ipynb:cell 1:4:19
   |
 2 | warnings.filterwarnings("ignore")
 3 |
 4 | import anndata as ad
   |                   -- previous definition of `ad` here
 5 | import numpy as np
 6 | import pandas as pd
   |
help: Remove definition: `ad`

E402 Module level import not at top of cell
  --> docs/notebooks/malaria_bcells_nodisentangle.ipynb:cell 1:13:1
   |
11 | import matplotlib.pyplot as plt
12 | import anndata as ad
13 | import scipy.sparse as sp
   | ^^^^^^^^^^^^^^^^^^^^^^^^^
14 | import spVIPESmulti
   |

F401 [*] `scipy.sparse` imported but unused
  --> docs/notebooks/malaria_bcells_nodisentangle.ipynb:cell 1:13:24
   |
11 | import matplotlib.pyplot as plt
12 | import anndata as ad
13 | import scipy.sparse as sp
   |                        ^^
14 | import spVIPESmulti
   |
help: Remove unused import: `scipy.sparse`

E402 Module level import not at top of cell
  --> docs/notebooks/malaria_bcells_nodisentangle.ipynb:cell 1:14:1
   |
12 | import anndata as ad
13 | import scipy.sparse as sp
14 | import spVIPESmulti
   | ^^^^^^^^^^^^^^^^^^^
15 |
16 | import seaborn as sns
   |

E402 Module level import not at top of cell
  --> docs/notebooks/malaria_bcells_nodisentangle.ipynb:cell 1:16:1
   |
14 | import spVIPESmulti
15 |
16 | import seaborn as sns
   | ^^^^^^^^^^^^^^^^^^^^^
17 | from pathlib import Path
   |

F401 [*] `seaborn` imported but unused
  --> docs/notebooks/malaria_bcells_nodisentangle.ipynb:cell 1:16:19
   |
14 | import spVIPESmulti
15 |
16 | import seaborn as sns
   |                   ^^^
17 | from pathlib import Path
   |
help: Remove unused import: `seaborn`

E402 Module level import not at top of cell
  --> docs/notebooks/malaria_bcells_nodisentangle.ipynb:cell 1:17:1
   |
16 | import seaborn as sns
17 | from pathlib import Path
   | ^^^^^^^^^^^^^^^^^^^^^^^^
18 |
19 | np.random.seed(0)
   |

E402 Module level import not at top of cell
 --> docs/notebooks/malaria_bcells_recommended.ipynb:cell 1:4:1
  |
2 | warnings.filterwarnings("ignore")
3 |
4 | import anndata as ad
  | ^^^^^^^^^^^^^^^^^^^^
5 | import numpy as np
6 | import pandas as pd
  |

E402 Module level import not at top of cell
 --> docs/notebooks/malaria_bcells_recommended.ipynb:cell 1:5:1
  |
4 | import anndata as ad
5 | import numpy as np
  | ^^^^^^^^^^^^^^^^^^
6 | import pandas as pd
7 | import scanpy as sc
  |

E402 Module level import not at top of cell
 --> docs/notebooks/malaria_bcells_recommended.ipynb:cell 1:6:1
  |
4 | import anndata as ad
5 | import numpy as np
6 | import pandas as pd
  | ^^^^^^^^^^^^^^^^^^^
7 | import scanpy as sc
  |

E402 Module level import not at top of cell
 --> docs/notebooks/malaria_bcells_recommended.ipynb:cell 1:7:1
  |
5 | import numpy as np
6 | import pandas as pd
7 | import scanpy as sc
  | ^^^^^^^^^^^^^^^^^^^
8 |
9 | import scvi
  |

E402 Module level import not at top of cell
  --> docs/notebooks/malaria_bcells_recommended.ipynb:cell 1:9:1
   |
 7 | import scanpy as sc
 8 |
 9 | import scvi
   | ^^^^^^^^^^^
10 | import torch
11 | import matplotlib.pyplot as plt
   |

E402 Module level import not at top of cell
  --> docs/notebooks/malaria_bcells_recommended.ipynb:cell 1:10:1
   |
 9 | import scvi
10 | import torch
   | ^^^^^^^^^^^^
11 | import matplotlib.pyplot as plt
12 | import spVIPESmulti
   |

E402 Module level import not at top of cell
  --> docs/notebooks/malaria_bcells_recommended.ipynb:cell 1:11:1
   |
 9 | import scvi
10 | import torch
11 | import matplotlib.pyplot as plt
   | ^^^^^^^^^^^^^^^^^^^^^^^^^^^^^^^
12 | import spVIPESmulti
   |

F401 [*] `matplotlib.pyplot` imported but unused
  --> docs/notebooks/malaria_bcells_recommended.ipynb:cell 1:11:29
   |
 9 | import scvi
10 | import torch
11 | import matplotlib.pyplot as plt
   |                             ^^^
12 | import spVIPESmulti
   |
help: Remove unused import: `matplotlib.pyplot`

E402 Module level import not at top of cell
  --> docs/notebooks/malaria_bcells_recommended.ipynb:cell 1:12:1
   |
10 | import torch
11 | import matplotlib.pyplot as plt
12 | import spVIPESmulti
   | ^^^^^^^^^^^^^^^^^^^
13 |
14 | import seaborn as sns
   |

E402 Module level import not at top of cell
  --> docs/notebooks/malaria_bcells_recommended.ipynb:cell 1:14:1
   |
12 | import spVIPESmulti
13 |
14 | import seaborn as sns
   | ^^^^^^^^^^^^^^^^^^^^^
15 | from pathlib import Path
   |

F401 [*] `seaborn` imported but unused
  --> docs/notebooks/malaria_bcells_recommended.ipynb:cell 1:14:19
   |
12 | import spVIPESmulti
13 |
14 | import seaborn as sns
   |                   ^^^
15 | from pathlib import Path
   |
help: Remove unused import: `seaborn`

E402 Module level import not at top of cell
  --> docs/notebooks/malaria_bcells_recommended.ipynb:cell 1:15:1
   |
14 | import seaborn as sns
15 | from pathlib import Path
   | ^^^^^^^^^^^^^^^^^^^^^^^^
16 |
17 | np.random.seed(0)
   |

B905 `zip()` without an explicit `strict=` parameter
  --> docs/notebooks/malaria_bcells_recommended.ipynb:cell 11:18:28
   |
16 | GROUP_SIZES = [len(g) for g in group_indices_list]
17 | GROUP_LOSS_WEIGHTS = [1/n**0.5 for n in GROUP_SIZES]
18 | print("Group sizes:", dict(zip(adata_spv.uns["groups_mapping"].values(), GROUP_SIZES)))
   |                            ^^^^^^^^^^^^^^^^^^^^^^^^^^^^^^^^^^^^^^^^^^^^^^^^^^^^^^^^^^
19 |
20 | model_spv = spVIPESmulti.model.spVIPESmulti(
   |
help: Add explicit value for parameter `strict=`

BLE001 Do not catch blind exception: `Exception`
  --> docs/notebooks/malaria_bcells_recommended.ipynb:cell 20:33:16
   |
31 |         try:
32 |             _auroc[_ci, _di] = _auc(_y, _Z[:, _di])
33 |         except Exception:
   |                ^^^^^^^^^
34 |             pass
   |

E402 Module level import not at top of cell
 --> docs/notebooks/malaria_bcells_recommended_time.ipynb:cell 1:4:1
  |
2 | warnings.filterwarnings("ignore")
3 |
4 | import anndata as ad
  | ^^^^^^^^^^^^^^^^^^^^
5 | import numpy as np
6 | import pandas as pd
  |

E402 Module level import not at top of cell
 --> docs/notebooks/malaria_bcells_recommended_time.ipynb:cell 1:5:1
  |
4 | import anndata as ad
5 | import numpy as np
  | ^^^^^^^^^^^^^^^^^^
6 | import pandas as pd
7 | import scanpy as sc
  |

E402 Module level import not at top of cell
 --> docs/notebooks/malaria_bcells_recommended_time.ipynb:cell 1:6:1
  |
4 | import anndata as ad
5 | import numpy as np
6 | import pandas as pd
  | ^^^^^^^^^^^^^^^^^^^
7 | import scanpy as sc
  |

E402 Module level import not at top of cell
 --> docs/notebooks/malaria_bcells_recommended_time.ipynb:cell 1:7:1
  |
5 | import numpy as np
6 | import pandas as pd
7 | import scanpy as sc
  | ^^^^^^^^^^^^^^^^^^^
8 |
9 | import scvi
  |

E402 Module level import not at top of cell
  --> docs/notebooks/malaria_bcells_recommended_time.ipynb:cell 1:9:1
   |
 7 | import scanpy as sc
 8 |
 9 | import scvi
   | ^^^^^^^^^^^
10 | import torch
11 | import matplotlib.pyplot as plt
   |

E402 Module level import not at top of cell
  --> docs/notebooks/malaria_bcells_recommended_time.ipynb:cell 1:10:1
   |
 9 | import scvi
10 | import torch
   | ^^^^^^^^^^^^
11 | import matplotlib.pyplot as plt
12 | import spVIPESmulti
   |

E402 Module level import not at top of cell
  --> docs/notebooks/malaria_bcells_recommended_time.ipynb:cell 1:11:1
   |
 9 | import scvi
10 | import torch
11 | import matplotlib.pyplot as plt
   | ^^^^^^^^^^^^^^^^^^^^^^^^^^^^^^^
12 | import spVIPESmulti
   |

F401 [*] `matplotlib.pyplot` imported but unused
  --> docs/notebooks/malaria_bcells_recommended_time.ipynb:cell 1:11:29
   |
 9 | import scvi
10 | import torch
11 | import matplotlib.pyplot as plt
   |                             ^^^
12 | import spVIPESmulti
   |
help: Remove unused import: `matplotlib.pyplot`

E402 Module level import not at top of cell
  --> docs/notebooks/malaria_bcells_recommended_time.ipynb:cell 1:12:1
   |
10 | import torch
11 | import matplotlib.pyplot as plt
12 | import spVIPESmulti
   | ^^^^^^^^^^^^^^^^^^^
13 |
14 | import seaborn as sns
   |

E402 Module level import not at top of cell
  --> docs/notebooks/malaria_bcells_recommended_time.ipynb:cell 1:14:1
   |
12 | import spVIPESmulti
13 |
14 | import seaborn as sns
   | ^^^^^^^^^^^^^^^^^^^^^
15 | from pathlib import Path
   |

F401 [*] `seaborn` imported but unused
  --> docs/notebooks/malaria_bcells_recommended_time.ipynb:cell 1:14:19
   |
12 | import spVIPESmulti
13 |
14 | import seaborn as sns
   |                   ^^^
15 | from pathlib import Path
   |
help: Remove unused import: `seaborn`

E402 Module level import not at top of cell
  --> docs/notebooks/malaria_bcells_recommended_time.ipynb:cell 1:15:1
   |
14 | import seaborn as sns
15 | from pathlib import Path
   | ^^^^^^^^^^^^^^^^^^^^^^^^
16 |
17 | np.random.seed(0)
   |

B905 `zip()` without an explicit `strict=` parameter
  --> docs/notebooks/malaria_bcells_recommended_time.ipynb:cell 10:18:28
   |
16 | GROUP_SIZES = [len(g) for g in group_indices_list]
17 | GROUP_LOSS_WEIGHTS = [1/n**0.5 for n in GROUP_SIZES]
18 | print("Group sizes:", dict(zip(adata_spv.uns["groups_mapping"].values(), GROUP_SIZES)))
   |                            ^^^^^^^^^^^^^^^^^^^^^^^^^^^^^^^^^^^^^^^^^^^^^^^^^^^^^^^^^^
19 |
20 | model_spv = spVIPESmulti.model.spVIPESmulti(
   |
help: Add explicit value for parameter `strict=`

E401 [*] Multiple imports on one line
 --> docs/notebooks/malaria_bcells_recommended_time.ipynb:cell 14:2:1
  |
1 | # Hot-reload pl.py from source without reinstalling or restarting the kernel.
2 | import importlib, importlib.util, sys, pathlib
  | ^^^^^^^^^^^^^^^^^^^^^^^^^^^^^^^^^^^^^^^^^^^^^^
3 |
4 | _pl_path = pathlib.Path("/exports/para-lipg-hpc/mdmanurung/spVIPESmulti/src/spVIPESmulti/pl.py")
  |
help: Split imports

E402 Module level import not at top of cell
  --> docs/notebooks/malaria_bcells_recommended_time.ipynb:cell 14:11:1
   |
 9 | # Patch the already-imported package so spVIPESmulti.pl.training_curves picks up the fix.
10 | sys.modules["spVIPESmulti.pl"] = _mod
11 | import spVIPESmulti
   | ^^^^^^^^^^^^^^^^^^^
12 | spVIPESmulti.pl = _mod
   |

BLE001 Do not catch blind exception: `Exception`
  --> docs/notebooks/malaria_bcells_recommended_time.ipynb:cell 20:33:16
   |
31 |         try:
32 |             _auroc[_ci, _di] = _auc(_y, _Z[:, _di])
33 |         except Exception:
   |                ^^^^^^^^^
34 |             pass
   |

E402 Module level import not at top of cell
 --> docs/notebooks/multimodal_nf_tutorial.ipynb:cell 4:4:1
  |
2 | warnings.filterwarnings("ignore")
3 |
4 | import numpy as np
  | ^^^^^^^^^^^^^^^^^^
5 | import pandas as pd
6 | import scanpy as sc
  |

E402 Module level import not at top of cell
 --> docs/notebooks/multimodal_nf_tutorial.ipynb:cell 4:5:1
  |
4 | import numpy as np
5 | import pandas as pd
  | ^^^^^^^^^^^^^^^^^^^
6 | import scanpy as sc
7 | import scvi
  |

E402 Module level import not at top of cell
 --> docs/notebooks/multimodal_nf_tutorial.ipynb:cell 4:6:1
  |
4 | import numpy as np
5 | import pandas as pd
6 | import scanpy as sc
  | ^^^^^^^^^^^^^^^^^^^
7 | import scvi
8 | import torch
  |

E402 Module level import not at top of cell
 --> docs/notebooks/multimodal_nf_tutorial.ipynb:cell 4:7:1
  |
5 | import pandas as pd
6 | import scanpy as sc
7 | import scvi
  | ^^^^^^^^^^^
8 | import torch
9 | import matplotlib.pyplot as plt
  |

E402 Module level import not at top of cell
  --> docs/notebooks/multimodal_nf_tutorial.ipynb:cell 4:8:1
   |
 6 | import scanpy as sc
 7 | import scvi
 8 | import torch
   | ^^^^^^^^^^^^
 9 | import matplotlib.pyplot as plt
10 | import anndata as ad
   |

E402 Module level import not at top of cell
  --> docs/notebooks/multimodal_nf_tutorial.ipynb:cell 4:9:1
   |
 7 | import scvi
 8 | import torch
 9 | import matplotlib.pyplot as plt
   | ^^^^^^^^^^^^^^^^^^^^^^^^^^^^^^^
10 | import anndata as ad
11 | import scipy.sparse as sp
   |

E402 Module level import not at top of cell
  --> docs/notebooks/multimodal_nf_tutorial.ipynb:cell 4:10:1
   |
 8 | import torch
 9 | import matplotlib.pyplot as plt
10 | import anndata as ad
   | ^^^^^^^^^^^^^^^^^^^^
11 | import scipy.sparse as sp
   |

E402 Module level import not at top of cell
  --> docs/notebooks/multimodal_nf_tutorial.ipynb:cell 4:11:1
   |
 9 | import matplotlib.pyplot as plt
10 | import anndata as ad
11 | import scipy.sparse as sp
   | ^^^^^^^^^^^^^^^^^^^^^^^^^
12 |
13 | import spVIPESmulti
   |

F401 [*] `scipy.sparse` imported but unused
  --> docs/notebooks/multimodal_nf_tutorial.ipynb:cell 4:11:24
   |
 9 | import matplotlib.pyplot as plt
10 | import anndata as ad
11 | import scipy.sparse as sp
   |                        ^^
12 |
13 | import spVIPESmulti
   |
help: Remove unused import: `scipy.sparse`

E402 Module level import not at top of cell
  --> docs/notebooks/multimodal_nf_tutorial.ipynb:cell 4:13:1
   |
11 | import scipy.sparse as sp
12 |
13 | import spVIPESmulti
   | ^^^^^^^^^^^^^^^^^^^
14 |
15 | np.random.seed(0)
   |

W291 [*] Trailing whitespace
 --> docs/notebooks/multimodal_nf_tutorial.ipynb:cell 24:6:62
  |
4 | sc.pl.embedding(mdata, basis="umap_base", color="groups",
5 |                 ax=axes[0], show=False, title="Baseline — groups")
6 | sc.pl.embedding(mdata, basis="umap_base", color="cell_types",  
  |                                                              ^^
7 |                 ax=axes[1], show=False, title="Baseline — cell types", legend_loc=None)
8 | sc.pl.embedding(mdata, basis="umap_base", color="tissue",      
  |
help: Remove trailing whitespace

W291 [*] Trailing whitespace
  --> docs/notebooks/multimodal_nf_tutorial.ipynb:cell 24:8:58
   |
 6 | sc.pl.embedding(mdata, basis="umap_base", color="cell_types",  
 7 |                 ax=axes[1], show=False, title="Baseline — cell types", legend_loc=None)
 8 | sc.pl.embedding(mdata, basis="umap_base", color="tissue",      
   |                                                          ^^^^^^
 9 |                 ax=axes[2], show=False, title="Baseline — tissue")
10 | plt.tight_layout()
   |
help: Remove trailing whitespace

D103 Missing docstring in public function
 --> docs/notebooks/multimodal_nf_tutorial.ipynb:cell 26:1:5
  |
1 | def umap_small(arr, title, ax, color_values=None, cat=None):
  |     ^^^^^^^^^^
2 |     import umap
3 |     emb = umap.UMAP(random_state=0, n_neighbors=15, min_dist=0.3).fit_transform(arr)
  |

E702 Multiple statements on one line (semicolon)
  --> docs/notebooks/multimodal_nf_tutorial.ipynb:cell 26:12:22
   |
10 |     else:
11 |         ax.scatter(emb[:, 0], emb[:, 1], s=4)
12 |     ax.set_xticks([]); ax.set_yticks([])
   |                      ^
13 |     ax.set_title(title)
14 |     return emb
   |

B905 `zip()` without an explicit `strict=` parameter
  --> docs/notebooks/multimodal_nf_tutorial.ipynb:cell 40:20:25
   |
19 | fig, axes = plt.subplots(1, 2, figsize=(10, 3.5), sharey=False)
20 | for ax, (label, mdl) in zip(axes, [("NSF (unweighted)", model_nf), ("NSF + modality_loss_weights", model_mw)]):
   |                         ^^^^^^^^^^^^^^^^^^^^^^^^^^^^^^^^^^^^^^^^^^^^^^^^^^^^^^^^^^^^^^^^^^^^^^^^^^^^^^^^^^^^^^
21 |     curves = _modality_loss_curves(mdl.history_)
22 |     if curves is None:
   |
help: Add explicit value for parameter `strict=`

E402 Module level import not at top of cell
 --> docs/notebooks/pbmc_citeseq_tutorial.ipynb:cell 4:4:1
  |
2 | warnings.filterwarnings("ignore")
3 |
4 | import numpy as np
  | ^^^^^^^^^^^^^^^^^^
5 | import pandas as pd
6 | import scanpy as sc
  |

E402 Module level import not at top of cell
 --> docs/notebooks/pbmc_citeseq_tutorial.ipynb:cell 4:5:1
  |
4 | import numpy as np
5 | import pandas as pd
  | ^^^^^^^^^^^^^^^^^^^
6 | import scanpy as sc
7 | import scvi
  |

E402 Module level import not at top of cell
 --> docs/notebooks/pbmc_citeseq_tutorial.ipynb:cell 4:6:1
  |
4 | import numpy as np
5 | import pandas as pd
6 | import scanpy as sc
  | ^^^^^^^^^^^^^^^^^^^
7 | import scvi
8 | import torch
  |

E402 Module level import not at top of cell
 --> docs/notebooks/pbmc_citeseq_tutorial.ipynb:cell 4:7:1
  |
5 | import pandas as pd
6 | import scanpy as sc
7 | import scvi
  | ^^^^^^^^^^^
8 | import torch
9 | import matplotlib.pyplot as plt
  |

E402 Module level import not at top of cell
  --> docs/notebooks/pbmc_citeseq_tutorial.ipynb:cell 4:8:1
   |
 6 | import scanpy as sc
 7 | import scvi
 8 | import torch
   | ^^^^^^^^^^^^
 9 | import matplotlib.pyplot as plt
10 | import seaborn as sns
   |

E402 Module level import not at top of cell
  --> docs/notebooks/pbmc_citeseq_tutorial.ipynb:cell 4:9:1
   |
 7 | import scvi
 8 | import torch
 9 | import matplotlib.pyplot as plt
   | ^^^^^^^^^^^^^^^^^^^^^^^^^^^^^^^
10 | import seaborn as sns
11 | import anndata as ad
   |

E402 Module level import not at top of cell
  --> docs/notebooks/pbmc_citeseq_tutorial.ipynb:cell 4:10:1
   |
 8 | import torch
 9 | import matplotlib.pyplot as plt
10 | import seaborn as sns
   | ^^^^^^^^^^^^^^^^^^^^^
11 | import anndata as ad
12 | import scipy.sparse as sp
   |

E402 Module level import not at top of cell
  --> docs/notebooks/pbmc_citeseq_tutorial.ipynb:cell 4:11:1
   |
 9 | import matplotlib.pyplot as plt
10 | import seaborn as sns
11 | import anndata as ad
   | ^^^^^^^^^^^^^^^^^^^^
12 | import scipy.sparse as sp
   |

E402 Module level import not at top of cell
  --> docs/notebooks/pbmc_citeseq_tutorial.ipynb:cell 4:12:1
   |
10 | import seaborn as sns
11 | import anndata as ad
12 | import scipy.sparse as sp
   | ^^^^^^^^^^^^^^^^^^^^^^^^^
13 |
14 | import spVIPESmulti
   |

F401 [*] `scipy.sparse` imported but unused
  --> docs/notebooks/pbmc_citeseq_tutorial.ipynb:cell 4:12:24
   |
10 | import seaborn as sns
11 | import anndata as ad
12 | import scipy.sparse as sp
   |                        ^^
13 |
14 | import spVIPESmulti
   |
help: Remove unused import: `scipy.sparse`

E402 Module level import not at top of cell
  --> docs/notebooks/pbmc_citeseq_tutorial.ipynb:cell 4:14:1
   |
12 | import scipy.sparse as sp
13 |
14 | import spVIPESmulti
   | ^^^^^^^^^^^^^^^^^^^
15 |
16 | np.random.seed(42)
   |

W291 [*] Trailing whitespace
 --> docs/notebooks/pbmc_citeseq_tutorial.ipynb:cell 6:4:73
  |
2 | adata_full.obs_names_make_unique()
3 | # remove this small population of cells that are not well annotated
4 | adata_full = adata_full[adata_full.obs["celltype.l1"] != "other"].copy() 
  |                                                                         ^
5 |
6 | print("Shape         :", adata_full.shape)
  |
help: Remove trailing whitespace

F541 [*] f-string without any placeholders
  --> docs/notebooks/pbmc_citeseq_tutorial.ipynb:cell 11:26:7
   |
25 | print(f"After subsample + HVG : {adata.shape}")
26 | print(f"Cells per time point  :")
   |       ^^^^^^^^^^^^^^^^^^^^^^^^^^
27 | print(adata.obs["time_point"].value_counts().sort_index())
   |
help: Remove extraneous `f` prefix

E702 Multiple statements on one line (semicolon)
  --> docs/notebooks/pbmc_citeseq_tutorial.ipynb:cell 31:13:19
   |
11 |                     ax=axes[1, col], show=False,
12 |                     title=f"shared / {title} — time point", size=8)
13 | plt.tight_layout(); plt.show()
   |                   ^
14 |
   |

B905 `zip()` without an explicit `strict=` parameter
  --> docs/notebooks/pbmc_citeseq_tutorial.ipynb:cell 34:13:15
   |
11 | # Plot private latents coloured by cell type (should show little structure)
12 | fig, axes = plt.subplots(1, 3, figsize=(18, 5))
13 | for ax, tp in zip(axes, time_points):
   |               ^^^^^^^^^^^^^^^^^^^^^^
14 |     sc.pl.embedding(
15 |         group_adatas[tp], basis="X_umap_private", color=label_col,
   |
help: Add explicit value for parameter `strict=`

B905 `zip()` without an explicit `strict=` parameter
 --> docs/notebooks/pbmc_citeseq_tutorial.ipynb:cell 35:3:15
  |
1 | # Plot private latents coloured by donor to see if private space captures donor effects
2 | fig, axes = plt.subplots(1, 3, figsize=(18, 5))
3 | for ax, tp in zip(axes, time_points):
  |               ^^^^^^^^^^^^^^^^^^^^^^
4 |     sc.pl.embedding(
5 |         group_adatas[tp], basis="X_umap_private", color="orig.ident",
  |
help: Add explicit value for parameter `strict=`

W293 [*] Blank line contains whitespace
 --> docs/notebooks/pbmc_citeseq_tutorial.ipynb:cell 44:4:1
  |
2 | with rc_context({"figure.figsize": (10, 6)}):
3 |     sc.pl.violin(group_adatas["day_3"], "spVIPESmulti_private_6", groupby="celltype.l2", show=True, rotation=60)
4 |     
  | ^^^^
5 | sc.pl.embedding(
6 |         group_adatas["day_3"], basis="X_umap_private", color="spVIPESmulti_private_6",
  |
help: Remove whitespace from blank line

F541 [*] f-string without any placeholders
 --> docs/notebooks/pbmc_citeseq_tutorial.ipynb:cell 44:7:26
  |
5 | sc.pl.embedding(
6 |         group_adatas["day_3"], basis="X_umap_private", color="spVIPESmulti_private_6",
7 |         show=True, title=f"Private latent dim 6 — day_3",
  |                          ^^^^^^^^^^^^^^^^^^^^^^^^^^^^^^^
8 |         size=10)
  |
help: Remove extraneous `f` prefix

B905 `zip()` without an explicit `strict=` parameter
  --> docs/notebooks/pbmc_citeseq_tutorial.ipynb:cell 48:10:17
   |
 8 | ax.set_ylim(0, 1.05)
 9 | ax.set_title("Shared latent quality")
10 | for bar, val in zip(bars, results_df.values[0]):
   |                 ^^^^^^^^^^^^^^^^^^^^^^^^^^^^^^^
11 |     ax.text(bar.get_x() + bar.get_width() / 2, bar.get_height() + 0.02,
12 |             f"{val:.3f}", ha="center", fontsize=11, fontweight="bold")
   |
help: Add explicit value for parameter `strict=`

F811 [*] Redefinition of unused `ad` from cell 4, line 11
  --> docs/notebooks/pbmc_citeseq_tutorial.ipynb:cell 50:1:19
   |
 1 | import anndata as ad
   |                   ^^ `ad` redefined here
 2 |
 3 | PROT_KEY = next(k for k in ("protein_counts", "protein_expression") if k in adata_full.obsm)
   |
  ::: docs/notebooks/pbmc_citeseq_tutorial.ipynb:cell 4:11:19
   |
 9 | import matplotlib.pyplot as plt
10 | import seaborn as sns
11 | import anndata as ad
   |                   -- previous definition of `ad` here
12 | import scipy.sparse as sp
   |
help: Remove definition: `ad`

UP035 [*] Import from `collections.abc` instead: `Sequence`
  --> scripts/benchmark_f11_nonlinear_diagnostics.py:14:1
   |
12 | from pathlib import Path
13 | from time import perf_counter
14 | from typing import Any, Sequence
   | ^^^^^^^^^^^^^^^^^^^^^^^^^^^^^^^^
15 |
16 | os.environ.setdefault("CUDA_VISIBLE_DEVICES", "")
   |
help: Import from `collections.abc`

I001 [*] Import block is un-sorted or un-formatted
  --> scripts/benchmark_f1_overhead.py:17:1
   |
15 |   os.environ.setdefault("CUDA_VISIBLE_DEVICES", "")
16 |
17 | / import numpy as np
18 | | import scanpy as sc
19 | | import torch
20 | | from scipy import sparse
21 | |
22 | | import spVIPESmulti as sv
   | |_________________________^
   |
help: Organize imports

D101 Missing docstring in public class
  --> scripts/benchmark_f1_overhead.py:33:7
   |
32 | @dataclass
33 | class Config:
   |       ^^^^^^
34 |     run_id: str
35 |     kang_h5ad_path: str
   |

D103 Missing docstring in public function
  --> scripts/benchmark_f1_overhead.py:48:5
   |
48 | def parse_args() -> Config:
   |     ^^^^^^^^^^
49 |     parser = argparse.ArgumentParser(description=__doc__)
50 |     parser.add_argument("--run-id", default=f"f1_overhead_{datetime.now(timezone.utc).strftime('%Y%m%dT%H%M%SZ')}")
   |

D103 Missing docstring in public function
  --> scripts/benchmark_f1_overhead.py:79:5
   |
79 | def set_seed(seed: int) -> None:
   |     ^^^^^^^^
80 |     np.random.seed(seed)
81 |     torch.manual_seed(seed)
   |

D103 Missing docstring in public function
  --> scripts/benchmark_f1_overhead.py:90:5
   |
90 | def load_kang_subset(cfg: Config, seed: int):
   |     ^^^^^^^^^^^^^^^^
91 |     path = Path(cfg.kang_h5ad_path).expanduser()
92 |     if not path.is_absolute():
   |

D103 Missing docstring in public function
   --> scripts/benchmark_f1_overhead.py:121:5
    |
121 | def prepare_model_input(adata):
    |     ^^^^^^^^^^^^^^^^^^^
122 |     groups = sorted(map(str, adata.obs["label"].unique()))
123 |     adatas = {g: adata[adata.obs["label"].astype(str) == g].copy() for g in groups}
    |

BLE001 Do not catch blind exception: `Exception`
   --> scripts/benchmark_f1_overhead.py:146:12
    |
144 |     try:
145 |         return float(val.iloc[0]) if hasattr(val, "iloc") else float(val)
146 |     except Exception:
    |            ^^^^^^^^^
147 |         arr = np.asarray(val).ravel()
148 |         return float(arr[0]) if arr.size else None
    |

D103 Missing docstring in public function
   --> scripts/benchmark_f1_overhead.py:151:5
    |
151 | def train_once(cfg: Config, prepared, group_indices_list, *, seed: int, repeat: int, enabled: bool) -> dict[str, Any]:
    |     ^^^^^^^^^^
152 |     set_seed(seed)
153 |     model = sv.model.spVIPESmulti(
    |

D103 Missing docstring in public function
   --> scripts/benchmark_f1_overhead.py:200:5
    |
200 | def summarize(rows: list[dict[str, Any]], cfg: Config) -> dict[str, Any]:
    |     ^^^^^^^^^
201 |     disabled = [r["train_wall_time_sec"] for r in rows if not r["compute_orthogonality_metric"]]
202 |     enabled = [r["train_wall_time_sec"] for r in rows if r["compute_orthogonality_metric"]]
    |

D103 Missing docstring in public function
   --> scripts/benchmark_f1_overhead.py:219:5
    |
219 | def write_artifacts(rows: list[dict[str, Any]], recommendation: dict[str, Any]) -> None:
    |     ^^^^^^^^^^^^^^^
220 |     AUDIT_DIR.mkdir(parents=True, exist_ok=True)
221 |     fieldnames = list(rows[0].keys())
    |

D103 Missing docstring in public function
   --> scripts/benchmark_f1_overhead.py:257:5
    |
257 | def main() -> None:
    |     ^^^^
258 |     cfg = parse_args()
259 |     rows: list[dict[str, Any]] = []
    |

I001 [*] Import block is un-sorted or un-formatted
  --> scripts/benchmark_f4_covariate_probes.py:17:1
   |
15 |   os.environ.setdefault("CUDA_VISIBLE_DEVICES", "")
16 |
17 | / import numpy as np
18 | | import scanpy as sc
19 | | from scipy import sparse
20 | | from sklearn.linear_model import LogisticRegression
21 | | from sklearn.metrics import accuracy_score, balanced_accuracy_score
22 | | from sklearn.model_selection import train_test_split
23 | |
24 | | import spVIPESmulti as sv
   | |_________________________^
   |
help: Organize imports

D101 Missing docstring in public class
  --> scripts/benchmark_f4_covariate_probes.py:38:7
   |
37 | @dataclass
38 | class Config:
   |       ^^^^^^
39 |     run_id: str
40 |     kang_h5ad_path: str
   |

D103 Missing docstring in public function
  --> scripts/benchmark_f4_covariate_probes.py:55:5
   |
55 | def parse_args() -> Config:
   |     ^^^^^^^^^^
56 |     parser = argparse.ArgumentParser(description=__doc__)
57 |     parser.add_argument("--run-id", default=f"f4_probes_{datetime.now(timezone.utc).strftime('%Y%m%dT%H%M%SZ')}")
   |

D103 Missing docstring in public function
  --> scripts/benchmark_f4_covariate_probes.py:96:5
   |
96 | def load_kang_subset(cfg: Config, seed: int):
   |     ^^^^^^^^^^^^^^^^
97 |     path = Path(cfg.kang_h5ad_path).expanduser()
98 |     if not path.is_absolute():
   |

D103 Missing docstring in public function
   --> scripts/benchmark_f4_covariate_probes.py:129:5
    |
129 | def prepare_model_input(adata, cfg: Config):
    |     ^^^^^^^^^^^^^^^^^^^
130 |     groups = sorted(map(str, adata.obs[cfg.condition_key].unique()))
131 |     adatas = {g: adata[adata.obs[cfg.condition_key].astype(str) == g].copy() for g in groups}
    |

D103 Missing docstring in public function
   --> scripts/benchmark_f4_covariate_probes.py:179:5
    |
179 | def train_variant(cfg: Config, prepared, group_indices_list, variant: str) -> tuple[dict[str, np.ndarray], float, str]:
    |     ^^^^^^^^^^^^^
180 |     kwargs, skip_note = _variant_kwargs(cfg, variant)
181 |     if skip_note is not None:
    |

BLE001 Do not catch blind exception: `Exception`
   --> scripts/benchmark_f4_covariate_probes.py:232:12
    |
230 |         pred = clf.predict(x_test)
231 |         return float(accuracy_score(y_test, pred)), float(balanced_accuracy_score(y_test, pred)), "ok"
232 |     except Exception as exc:
    |            ^^^^^^^^^
233 |         return None, None, f"failed: {type(exc).__name__}: {exc}"
    |

D103 Missing docstring in public function
   --> scripts/benchmark_f4_covariate_probes.py:236:5
    |
236 | def probe_rows(cfg: Config, prepared, latents: dict[str, np.ndarray], variant: str, seed: int, wall_time: float, note: str):
    |     ^^^^^^^^^^
237 |     base = {
238 |         "run_id": cfg.run_id,
    |

D103 Missing docstring in public function
   --> scripts/benchmark_f4_covariate_probes.py:497:5
    |
497 | def build_recommendation(rows: list[dict[str, Any]], cfg: Config) -> dict[str, Any]:
    |     ^^^^^^^^^^^^^^^^^^^^
498 |     aggregates = _aggregate_probe_metrics(rows)
499 |     seeds_observed = sorted({int(r["seed"]) for r in rows})
    |

D103 Missing docstring in public function
   --> scripts/benchmark_f4_covariate_probes.py:679:5
    |
679 | def write_artifacts(rows: list[dict[str, Any]], cfg: Config) -> None:
    |     ^^^^^^^^^^^^^^^
680 |     AUDIT_DIR.mkdir(parents=True, exist_ok=True)
681 |     fieldnames = list(rows[0].keys())
    |

D103 Missing docstring in public function
   --> scripts/benchmark_f4_covariate_probes.py:729:5
    |
729 | def main() -> None:
    |     ^^^^
730 |     cfg = parse_args()
731 |     rows: list[dict[str, Any]] = []
    |

BLE001 Do not catch blind exception: `Exception`
  --> scripts/benchmark_kang_celldisect_parity.py:32:12
   |
30 |     except RuntimeError:
31 |         pass
32 |     except Exception:
   |            ^^^^^^^^^
33 |         return
   |

BLE001 Do not catch blind exception: `Exception`
  --> scripts/benchmark_kang_celldisect_parity.py:41:12
   |
39 |         lib.define("nms(Tensor dets, Tensor scores, float iou_threshold) -> Tensor")
40 |         globals()["_TORCHVISION_COMPAT_LIB"] = lib
41 |     except Exception:
   |            ^^^^^^^^^
42 |         return
   |

E402 Module level import not at top of file
  --> scripts/benchmark_kang_celldisect_parity.py:47:1
   |
45 | _ensure_torchvision_nms_schema()
46 |
47 | import numpy as np
   | ^^^^^^^^^^^^^^^^^^
48 | import scanpy as sc
49 | from scipy import sparse
   |

I001 [*] Import block is un-sorted or un-formatted
  --> scripts/benchmark_kang_celldisect_parity.py:47:1
   |
45 |   _ensure_torchvision_nms_schema()
46 |
47 | / import numpy as np
48 | | import scanpy as sc
49 | | from scipy import sparse
50 | |
51 | | import spVIPESmulti as sv
52 | | from spVIPESmulti.interventions import metrics as f10_metrics
53 | | from spVIPESmulti.interventions import transfer_condition
   | |_________________________________________________________^
   |
help: Organize imports

E402 Module level import not at top of file
  --> scripts/benchmark_kang_celldisect_parity.py:48:1
   |
47 | import numpy as np
48 | import scanpy as sc
   | ^^^^^^^^^^^^^^^^^^^
49 | from scipy import sparse
   |

E402 Module level import not at top of file
  --> scripts/benchmark_kang_celldisect_parity.py:49:1
   |
47 | import numpy as np
48 | import scanpy as sc
49 | from scipy import sparse
   | ^^^^^^^^^^^^^^^^^^^^^^^^
50 |
51 | import spVIPESmulti as sv
   |

E402 Module level import not at top of file
  --> scripts/benchmark_kang_celldisect_parity.py:51:1
   |
49 | from scipy import sparse
50 |
51 | import spVIPESmulti as sv
   | ^^^^^^^^^^^^^^^^^^^^^^^^^
52 | from spVIPESmulti.interventions import metrics as f10_metrics
53 | from spVIPESmulti.interventions import transfer_condition
   |

E402 Module level import not at top of file
  --> scripts/benchmark_kang_celldisect_parity.py:52:1
   |
51 | import spVIPESmulti as sv
52 | from spVIPESmulti.interventions import metrics as f10_metrics
   | ^^^^^^^^^^^^^^^^^^^^^^^^^^^^^^^^^^^^^^^^^^^^^^^^^^^^^^^^^^^^^
53 | from spVIPESmulti.interventions import transfer_condition
   |

E402 Module level import not at top of file
  --> scripts/benchmark_kang_celldisect_parity.py:53:1
   |
51 | import spVIPESmulti as sv
52 | from spVIPESmulti.interventions import metrics as f10_metrics
53 | from spVIPESmulti.interventions import transfer_condition
   | ^^^^^^^^^^^^^^^^^^^^^^^^^^^^^^^^^^^^^^^^^^^^^^^^^^^^^^^^^
   |

D101 Missing docstring in public class
  --> scripts/benchmark_kang_celldisect_parity.py:90:7
   |
89 | @dataclass
90 | class Config:
   |       ^^^^^^
91 |     run_id: str
92 |     kang_h5ad_path: str
   |

D103 Missing docstring in public function
   --> scripts/benchmark_kang_celldisect_parity.py:111:5
    |
111 | def parse_args(argv: list[str] | None = None) -> Config:
    |     ^^^^^^^^^^
112 |     parser = argparse.ArgumentParser(description=__doc__)
113 |     parser.add_argument("--run-id", default=f"f10b_{datetime.now(timezone.utc).strftime('%Y%m%dT%H%M%SZ')}")
    |

D103 Missing docstring in public function
   --> scripts/benchmark_kang_celldisect_parity.py:169:5
    |
169 | def strip_group_prefixes(var_names: list[str], group_name: str) -> list[str]:
    |     ^^^^^^^^^^^^^^^^^^^^
170 |     prefix = f"{group_name}_"
171 |     stripped = []
    |

D103 Missing docstring in public function
   --> scripts/benchmark_kang_celldisect_parity.py:202:5
    |
202 | def empty_metric_rows(
    |     ^^^^^^^^^^^^^^^^^
203 |     cfg: Config,
204 |     seed: int,
    |

D103 Missing docstring in public function
   --> scripts/benchmark_kang_celldisect_parity.py:219:5
    |
219 | def metric_rows_for_prediction(
    |     ^^^^^^^^^^^^^^^^^^^^^^^^^^
220 |     cfg: Config,
221 |     seed: int,
    |

D103 Missing docstring in public function
   --> scripts/benchmark_kang_celldisect_parity.py:247:5
    |
247 | def load_kang_subset(cfg: Config, seed: int):
    |     ^^^^^^^^^^^^^^^^
248 |     path = _resolve_path(cfg.kang_h5ad_path)
249 |     if not path.exists():
    |

D103 Missing docstring in public function
   --> scripts/benchmark_kang_celldisect_parity.py:278:5
    |
278 | def infer_condition_pair(adata, cfg: Config) -> tuple[str, str]:
    |     ^^^^^^^^^^^^^^^^^^^^
279 |     values = sorted(map(str, adata.obs[cfg.condition_key].unique()))
280 |     if len(values) < 2:
    |

D103 Missing docstring in public function
   --> scripts/benchmark_kang_celldisect_parity.py:296:5
    |
296 | def split_to_cell_type(adata, cfg: Config, split: str) -> str:
    |     ^^^^^^^^^^^^^^^^^^
297 |     raw = split.removeprefix("split_")
298 |     alias = SPLIT_ALIASES.get(raw.lower(), raw)
    |

D103 Missing docstring in public function
   --> scripts/benchmark_kang_celldisect_parity.py:316:5
    |
316 | def prepare_model_input(adata, cfg: Config):
    |     ^^^^^^^^^^^^^^^^^^^
317 |     groups = sorted(map(str, adata.obs[cfg.condition_key].unique()))
318 |     adatas = {group: adata[adata.obs[cfg.condition_key].astype(str) == group].copy() for group in groups}
    |

D103 Missing docstring in public function
   --> scripts/benchmark_kang_celldisect_parity.py:332:5
    |
332 | def run_spvipesmulti_split(cfg: Config, adata, seed: int, split: str) -> list[dict[str, Any]]:
    |     ^^^^^^^^^^^^^^^^^^^^^^
333 |     try:
334 |         condition_from, condition_to = infer_condition_pair(adata, cfg)
    |

BLE001 Do not catch blind exception: `Exception`
   --> scripts/benchmark_kang_celldisect_parity.py:430:12
    |
428 |         )
429 |         return metric_rows_for_prediction(cfg, seed, "spVIPESmulti", split, x_ctrl, x_true, result.X, notes=note)
430 |     except Exception as exc:  # pragma: no cover - benchmark guardrail
    |            ^^^^^^^^^
431 |         return empty_metric_rows(cfg, seed, "spVIPESmulti", split, "failed", f"{type(exc).__name__}: {exc}")
    |

BLE001 Do not catch blind exception: `Exception`
   --> scripts/benchmark_kang_celldisect_parity.py:439:16
    |
437 |         try:
438 |             return importlib.import_module(name), f"imported {name}"
439 |         except Exception as exc:
    |                ^^^^^^^^^
440 |             errors.append(f"{name}: {type(exc).__name__}: {exc}")
441 |     return None, "; ".join(errors)
    |

D103 Missing docstring in public function
   --> scripts/benchmark_kang_celldisect_parity.py:444:5
    |
444 | def external_celldisect_rows(cfg: Config, seed: int, split: str) -> list[dict[str, Any]]:
    |     ^^^^^^^^^^^^^^^^^^^^^^^^
445 |     module, note = _import_external_celldisect()
446 |     if module is None:
    |

D103 Missing docstring in public function
   --> scripts/benchmark_kang_celldisect_parity.py:465:5
    |
465 | def build_recommendation(rows: list[dict[str, Any]], cfg: Config) -> dict[str, Any]:
    |     ^^^^^^^^^^^^^^^^^^^^
466 |     statuses = [str(row.get("status", "")) for row in rows]
467 |     sp_rows = [row for row in rows if row.get("model") == "spVIPESmulti"]
    |

D103 Missing docstring in public function
   --> scripts/benchmark_kang_celldisect_parity.py:515:5
    |
515 | def write_artifacts(
    |     ^^^^^^^^^^^^^^^
516 |     rows: list[dict[str, Any]],
517 |     cfg: Config,
    |

D103 Missing docstring in public function
   --> scripts/benchmark_kang_celldisect_parity.py:548:5
    |
548 | def main(argv: list[str] | None = None) -> None:
    |     ^^^^
549 |     cfg = parse_args(argv)
550 |     all_rows: list[dict[str, Any]] = []
    |

D101 Missing docstring in public class
  --> scripts/benchmark_kang_ifnb.py:56:7
   |
55 | @dataclass
56 | class BenchmarkConfig:
   |       ^^^^^^^^^^^^^^^
57 |     run_id: str
58 |     feature_id: str
   |

D103 Missing docstring in public function
  --> scripts/benchmark_kang_ifnb.py:73:5
   |
73 | def parse_args() -> BenchmarkConfig:
   |     ^^^^^^^^^^
74 |     parser = argparse.ArgumentParser(description="Benchmark Kang IFNB and append metrics rows.")
75 |     parser.add_argument("--run-id", required=True)
   |

D103 Missing docstring in public function
   --> scripts/benchmark_kang_ifnb.py:120:5
    |
120 | def set_seed(seed: int) -> None:
    |     ^^^^^^^^
121 |     np.random.seed(seed)
122 |     torch.manual_seed(seed)
    |

BLE001 Do not catch blind exception: `Exception`
   --> scripts/benchmark_kang_ifnb.py:184:12
    |
182 |     try:
183 |         return float(x)
184 |     except Exception:
    |            ^^^^^^^^^
185 |         return None
    |

BLE001 Do not catch blind exception: `Exception`
   --> scripts/benchmark_kang_ifnb.py:194:12
    |
192 |     try:
193 |         return float(val.iloc[0]) if hasattr(val, "iloc") else float(val)
194 |     except Exception:
    |            ^^^^^^^^^
195 |         arr = np.asarray(val).ravel()
196 |         return float(arr[0]) if arr.size else None
    |

D103 Missing docstring in public function
   --> scripts/benchmark_kang_ifnb.py:311:5
    |
311 | def run_spvipesmulti(cfg: BenchmarkConfig, adata, seed: int) -> dict[str, Any]:
    |     ^^^^^^^^^^^^^^^^
312 |     row = _build_base_row(cfg, seed, "spvipesmulti", adata.n_obs, adata.n_vars)
313 |     try:
    |

BLE001 Do not catch blind exception: `Exception`
   --> scripts/benchmark_kang_ifnb.py:371:12
    |
369 |         row["notes"] = "ok"
370 |         return row
371 |     except Exception as exc:  # pragma: no cover - benchmark guardrail
    |            ^^^^^^^^^
372 |         row["notes"] = f"failed: {type(exc).__name__}: {exc}"
373 |         return row
    |

BLE001 Do not catch blind exception: `Exception`
   --> scripts/benchmark_kang_ifnb.py:380:16
    |
378 |         try:
379 |             return importlib.import_module(name)
380 |         except Exception:
    |                ^^^^^^^^^
381 |             continue
382 |     return None
    |

D103 Missing docstring in public function
   --> scripts/benchmark_kang_ifnb.py:385:5
    |
385 | def run_spvipes_original(cfg: BenchmarkConfig, adata, seed: int) -> dict[str, Any]:
    |     ^^^^^^^^^^^^^^^^^^^^
386 |     row = _build_base_row(cfg, seed, "spvipes_original", adata.n_obs, adata.n_vars)
387 |     mod = _import_original_spvipes_module()
    |

BLE001 Do not catch blind exception: `Exception`
   --> scripts/benchmark_kang_ifnb.py:456:12
    |
454 |         row["notes"] = "ok"
455 |         return row
456 |     except Exception as exc:  # pragma: no cover - benchmark guardrail
    |            ^^^^^^^^^
457 |         row["notes"] = f"failed: {type(exc).__name__}: {exc}"
458 |         return row
    |

BLE001 Do not catch blind exception: `Exception`
   --> scripts/benchmark_kang_ifnb.py:475:20
    |
473 |                 shared = fn(adata=adata, **shared_kw)
474 |                 break
475 |             except Exception:
    |                    ^^^^^^^^^
476 |                 try:
477 |                     shared = fn(**shared_kw)
    |

BLE001 Do not catch blind exception: `Exception`
   --> scripts/benchmark_kang_ifnb.py:479:24
    |
477 |                     shared = fn(**shared_kw)
478 |                     break
479 |                 except Exception:
    |                        ^^^^^^^^^
480 |                     pass
    |

BLE001 Do not catch blind exception: `Exception`
   --> scripts/benchmark_kang_ifnb.py:489:20
    |
487 |                 private = fn(adata=adata, **private_kw)
488 |                 break
489 |             except Exception:
    |                    ^^^^^^^^^
490 |                 try:
491 |                     private = fn(**private_kw)
    |

BLE001 Do not catch blind exception: `Exception`
   --> scripts/benchmark_kang_ifnb.py:493:24
    |
491 |                     private = fn(**private_kw)
492 |                     break
493 |                 except Exception:
    |                        ^^^^^^^^^
494 |                     pass
    |

BLE001 Do not catch blind exception: `Exception`
   --> scripts/benchmark_kang_ifnb.py:500:20
    |
498 |             try:
499 |                 shared = fn(adata=adata, batch_size=batch_size)
500 |             except Exception:
    |                    ^^^^^^^^^
501 |                 shared = fn(batch_size=batch_size)
    |

D103 Missing docstring in public function
   --> scripts/benchmark_kang_ifnb.py:509:5
    |
509 | def run_contrastivevae(cfg: BenchmarkConfig, adata, seed: int) -> dict[str, Any]:
    |     ^^^^^^^^^^^^^^^^^^
510 |     row = _build_base_row(cfg, seed, "contrastivevae", adata.n_obs, adata.n_vars)
511 |     try:
    |

BLE001 Do not catch blind exception: `Exception`
   --> scripts/benchmark_kang_ifnb.py:513:12
    |
511 |     try:
512 |         from scvi.external import ContrastiveVI
513 |     except Exception as exc:
    |            ^^^^^^^^^
514 |         row["notes"] = f"unavailable: {type(exc).__name__}: {exc}"
515 |         return row
    |

BLE001 Do not catch blind exception: `Exception`
   --> scripts/benchmark_kang_ifnb.py:567:12
    |
565 |         row["notes"] = f"ok (background={bg_label}, target={tg_label})"
566 |         return row
567 |     except Exception as exc:  # pragma: no cover - benchmark guardrail
    |            ^^^^^^^^^
568 |         row["notes"] = f"failed: {type(exc).__name__}: {exc}"
569 |         return row
    |

D103 Missing docstring in public function
   --> scripts/benchmark_kang_ifnb.py:572:5
    |
572 | def append_rows(rows: list[dict[str, Any]]) -> None:
    |     ^^^^^^^^^^^
573 |     if not METRICS_CSV.exists():
574 |         raise RuntimeError(f"Missing metrics file: {METRICS_CSV}")
    |

D103 Missing docstring in public function
   --> scripts/benchmark_kang_ifnb.py:585:5
    |
585 | def summarize(rows: list[dict[str, Any]]) -> str:
    |     ^^^^^^^^^
586 |     compact = []
587 |     for r in rows:
    |

D103 Missing docstring in public function
   --> scripts/benchmark_kang_ifnb.py:604:5
    |
604 | def main() -> None:
    |     ^^^^
605 |     cfg = parse_args()
606 |     AUDIT_DIR.mkdir(parents=True, exist_ok=True)
    |

D103 Missing docstring in public function
  --> scripts/build_iri_days_vignette.py:17:5
   |
17 | def md(src: str) -> None:
   |     ^^
18 |     cells.append({"cell_type": "markdown", "metadata": {}, "source": src})
   |

D103 Missing docstring in public function
  --> scripts/build_iri_days_vignette.py:21:5
   |
21 | def code(src: str) -> None:
   |     ^^^^
22 |     cells.append(
23 |         {
   |

D301 Use `r"""` if any backslashes in a docstring
   --> scripts/build_iri_days_vignette.py:550:5
    |
548 | # ------------------------------------------------------------------
549 | def _to_source_lines(src: str) -> list:
550 |     """Split source into a list of strings, each ending in '\\n' except the last."""
    |     ^^^^^^^^^^^^^^^^^^^^^^^^^^^^^^^^^^^^^^^^^^^^^^^^^^^^^^^^^^^^^^^^^^^^^^^^^^^^^^^^
551 |     lines = src.split("\n")
552 |     out = [l + "\n" for l in lines[:-1]]
    |
help: Add `r` prefix

D103 Missing docstring in public function
 --> scripts/build_notebook.py:7:5
  |
5 | cells = []
6 |
7 | def md(src):
  |     ^^
8 |     cells.append({"cell_type": "markdown", "metadata": {}, "source": src.rstrip("\n").split("\n") and [l + "\n" for l in src.rstrip("\n…
  |

D103 Missing docstring in public function
  --> scripts/build_notebook.py:10:5
   |
 8 |     cells.append({"cell_type": "markdown", "metadata": {}, "source": src.rstrip("\n").split("\n") and [l + "\n" for l in src.rstrip("\…
 9 |
10 | def code(src):
   |     ^^^^
11 |     cells.append({"cell_type": "code", "metadata": {}, "execution_count": None, "outputs": [], "source": [l + "\n" for l in src.rstrip…
   |

E402 Module level import not at top of file
  --> scripts/pilot_celltype_separation.py:37:1
   |
35 | warnings.filterwarnings("ignore")
36 |
37 | import anndata as ad
   | ^^^^^^^^^^^^^^^^^^^^
38 | import numpy as np
39 | import pandas as pd
   |

E402 Module level import not at top of file
  --> scripts/pilot_celltype_separation.py:38:1
   |
37 | import anndata as ad
38 | import numpy as np
   | ^^^^^^^^^^^^^^^^^^
39 | import pandas as pd
40 | import scanpy as sc
   |

E402 Module level import not at top of file
  --> scripts/pilot_celltype_separation.py:39:1
   |
37 | import anndata as ad
38 | import numpy as np
39 | import pandas as pd
   | ^^^^^^^^^^^^^^^^^^^
40 | import scanpy as sc
41 | import torch
   |

E402 Module level import not at top of file
  --> scripts/pilot_celltype_separation.py:40:1
   |
38 | import numpy as np
39 | import pandas as pd
40 | import scanpy as sc
   | ^^^^^^^^^^^^^^^^^^^
41 | import torch
   |

E402 Module level import not at top of file
  --> scripts/pilot_celltype_separation.py:41:1
   |
39 | import pandas as pd
40 | import scanpy as sc
41 | import torch
   | ^^^^^^^^^^^^
42 |
43 | import spVIPESmulti
   |

E402 Module level import not at top of file
  --> scripts/pilot_celltype_separation.py:43:1
   |
41 | import torch
42 |
43 | import spVIPESmulti
   | ^^^^^^^^^^^^^^^^^^^
44 | from spVIPESmulti.metrics import integration_report
45 | from spVIPESmulti.utils import (
   |

E402 Module level import not at top of file
  --> scripts/pilot_celltype_separation.py:44:1
   |
43 | import spVIPESmulti
44 | from spVIPESmulti.metrics import integration_report
   | ^^^^^^^^^^^^^^^^^^^^^^^^^^^^^^^^^^^^^^^^^^^^^^^^^^^
45 | from spVIPESmulti.utils import (
46 |     highly_variable_genes_union,
   |

E402 Module level import not at top of file
  --> scripts/pilot_celltype_separation.py:45:1
   |
43 |   import spVIPESmulti
44 |   from spVIPESmulti.metrics import integration_report
45 | / from spVIPESmulti.utils import (
46 | |     highly_variable_genes_union,
47 | |     resolve_group_indices_list,
48 | |     store_latents,
49 | | )
   | |_^
50 |
51 |   # ── Constants ─────────────────────────────────────────────────────────────────
   |

D103 Missing docstring in public function
   --> scripts/pilot_celltype_separation.py:224:5
    |
222 | # ── Main ──────────────────────────────────────────────────────────────────────
223 |
224 | def main(max_epochs: int = PILOT_EPOCHS) -> None:
    |     ^^^^
225 |     print(f"\n{'=' * 70}")
226 |     print(f"Malaria B-cell pilot sweep — {max_epochs} epochs per variant")
    |

D103 Missing docstring in public function
  --> scripts/save_spvipesmulti_model.py:72:5
   |
72 | def parse_args() -> argparse.Namespace:
   |     ^^^^^^^^^^
73 |     parser = argparse.ArgumentParser(description="Save a trained spVIPESmulti model from notebook variables.")
74 |     parser.add_argument(
   |

D103 Missing docstring in public function
  --> scripts/save_spvipesmulti_model.py:97:5
   |
97 | def main() -> None:
   |     ^^^^
98 |     args = parse_args()
99 |     model = _resolve_model_from_ipython(args.model_var)
   |

I001 [*] Import block is un-sorted or un-formatted
 --> scripts/smoke_test.py:2:1
  |
1 | """Smoke test: run full spVIPESmulti multimodal + NF-prior path on a tiny subsample."""
2 | import warnings
  | ^^^^^^^^^^^^^^^
3 | warnings.filterwarnings("ignore")
4 | import numpy as np
  |
help: Organize imports

E402 Module level import not at top of file
 --> scripts/smoke_test.py:4:1
  |
2 | import warnings
3 | warnings.filterwarnings("ignore")
4 | import numpy as np
  | ^^^^^^^^^^^^^^^^^^
5 | import pandas as pd
6 | import scanpy as sc
  |

I001 [*] Import block is un-sorted or un-formatted
  --> scripts/smoke_test.py:4:1
   |
 2 |   import warnings
 3 |   warnings.filterwarnings("ignore")
 4 | / import numpy as np
 5 | | import pandas as pd
 6 | | import scanpy as sc
 7 | | import scvi
 8 | | import torch
 9 | | import anndata as ad
10 | | import spVIPESmulti
   | |___________________^
11 |
12 |   np.random.seed(0)
   |
help: Organize imports

E402 Module level import not at top of file
 --> scripts/smoke_test.py:5:1
  |
3 | warnings.filterwarnings("ignore")
4 | import numpy as np
5 | import pandas as pd
  | ^^^^^^^^^^^^^^^^^^^
6 | import scanpy as sc
7 | import scvi
  |

E402 Module level import not at top of file
 --> scripts/smoke_test.py:6:1
  |
4 | import numpy as np
5 | import pandas as pd
6 | import scanpy as sc
  | ^^^^^^^^^^^^^^^^^^^
7 | import scvi
8 | import torch
  |

F401 [*] `scanpy` imported but unused
 --> scripts/smoke_test.py:6:18
  |
4 | import numpy as np
5 | import pandas as pd
6 | import scanpy as sc
  |                  ^^
7 | import scvi
8 | import torch
  |
help: Remove unused import: `scanpy`

E402 Module level import not at top of file
 --> scripts/smoke_test.py:7:1
  |
5 | import pandas as pd
6 | import scanpy as sc
7 | import scvi
  | ^^^^^^^^^^^
8 | import torch
9 | import anndata as ad
  |

E402 Module level import not at top of file
  --> scripts/smoke_test.py:8:1
   |
 6 | import scanpy as sc
 7 | import scvi
 8 | import torch
   | ^^^^^^^^^^^^
 9 | import anndata as ad
10 | import spVIPESmulti
   |

E402 Module level import not at top of file
  --> scripts/smoke_test.py:9:1
   |
 7 | import scvi
 8 | import torch
 9 | import anndata as ad
   | ^^^^^^^^^^^^^^^^^^^^
10 | import spVIPESmulti
   |

E402 Module level import not at top of file
  --> scripts/smoke_test.py:10:1
   |
 8 | import torch
 9 | import anndata as ad
10 | import spVIPESmulti
   | ^^^^^^^^^^^^^^^^^^^
11 |
12 | np.random.seed(0)
   |

D103 Missing docstring in public function
  --> scripts/smoke_test.py:20:5
   |
19 | # Build a stable 3-group label
20 | def g_label(row):
   |     ^^^^^^^
21 |     b = row["batch"]
22 |     t = row["tissue"]
   |

E402 Module level import not at top of file
  --> scripts/smoke_test.py:54:1
   |
53 | # HVG: select top-500 genes by variance of raw counts (simple + robust on tiny subsamples)
54 | import scipy.sparse as sp
   | ^^^^^^^^^^^^^^^^^^^^^^^^^
55 | X = adata_small.X
56 | if sp.issparse(X):
   |

I001 [*] Import block is un-sorted or un-formatted
  --> scripts/smoke_test.py:54:1
   |
53 | # HVG: select top-500 genes by variance of raw counts (simple + robust on tiny subsamples)
54 | import scipy.sparse as sp
   | ^^^^^^^^^^^^^^^^^^^^^^^^^
55 | X = adata_small.X
56 | if sp.issparse(X):
   |
help: Organize imports

E402 Module level import not at top of file
  --> scripts/smoke_vignettes.py:33:1
   |
31 | warnings.filterwarnings("ignore")
32 |
33 | import anndata as ad
   | ^^^^^^^^^^^^^^^^^^^^
34 | import numpy as np
35 | import pandas as pd
   |

E402 Module level import not at top of file
  --> scripts/smoke_vignettes.py:34:1
   |
33 | import anndata as ad
34 | import numpy as np
   | ^^^^^^^^^^^^^^^^^^
35 | import pandas as pd
36 | import scipy.sparse as sp
   |

E402 Module level import not at top of file
  --> scripts/smoke_vignettes.py:35:1
   |
33 | import anndata as ad
34 | import numpy as np
35 | import pandas as pd
   | ^^^^^^^^^^^^^^^^^^^
36 | import scipy.sparse as sp
37 | import scvi
   |

E402 Module level import not at top of file
  --> scripts/smoke_vignettes.py:36:1
   |
34 | import numpy as np
35 | import pandas as pd
36 | import scipy.sparse as sp
   | ^^^^^^^^^^^^^^^^^^^^^^^^^
37 | import scvi
38 | import torch
   |

E402 Module level import not at top of file
  --> scripts/smoke_vignettes.py:37:1
   |
35 | import pandas as pd
36 | import scipy.sparse as sp
37 | import scvi
   | ^^^^^^^^^^^
38 | import torch
   |

E402 Module level import not at top of file
  --> scripts/smoke_vignettes.py:38:1
   |
36 | import scipy.sparse as sp
37 | import scvi
38 | import torch
   | ^^^^^^^^^^^^
39 |
40 | import spVIPESmulti
   |

E402 Module level import not at top of file
  --> scripts/smoke_vignettes.py:40:1
   |
38 | import torch
39 |
40 | import spVIPESmulti
   | ^^^^^^^^^^^^^^^^^^^
41 |
42 | # Vignette --> combination mapping for the report.
   |

D103 Missing docstring in public function
  --> scripts/smoke_vignettes.py:70:5
   |
70 | def parse_args():
   |     ^^^^^^^^^^
71 |     p = argparse.ArgumentParser()
72 |     p.add_argument("--epochs", type=int, default=5)
   |

D103 Missing docstring in public function
  --> scripts/smoke_vignettes.py:78:5
   |
78 | def set_seeds(s=0):
   |     ^^^^^^^^^
79 |     np.random.seed(s)
80 |     torch.manual_seed(s)
   |

D103 Missing docstring in public function
  --> scripts/smoke_vignettes.py:83:5
   |
83 | def load_sln(remove_outliers=True):
   |     ^^^^^^^^
84 |     a = scvi.data.spleen_lymph_cite_seq(save_path="./data/", remove_outliers=remove_outliers)
85 |     a.obs_names_make_unique()
   |

D103 Missing docstring in public function
   --> scripts/smoke_vignettes.py:143:5
    |
143 | def make_groups_dict(adata, group_col):
    |     ^^^^^^^^^^^^^^^^
144 |     return {str(g): adata[adata.obs[group_col] == g].copy() for g in sorted(adata.obs[group_col].unique())}
    |

D103 Missing docstring in public function
   --> scripts/smoke_vignettes.py:162:5
    |
162 | def build_and_train(prepared, *, epochs, batch_size, **model_kwargs):
    |     ^^^^^^^^^^^^^^^
163 |     set_seeds(0)
164 |     model = spVIPESmulti.model.spVIPESmulti(prepared, n_hidden=64, n_dimensions_shared=12,
    |

D103 Missing docstring in public function
   --> scripts/smoke_vignettes.py:183:5
    |
181 | # ----------------------------------------------------------------------
182 |
183 | def case_single_2g_label_off(adata2, args):
    |     ^^^^^^^^^^^^^^^^^^^^^^^^
184 |     prepared = spVIPESmulti.data.prepare_adatas(make_groups_dict(adata2, "donor"))
185 |     spVIPESmulti.model.spVIPESmulti.setup_anndata(prepared, groups_key="groups", label_key="cell_types")
    |

D103 Missing docstring in public function
   --> scripts/smoke_vignettes.py:189:5
    |
189 | def case_single_2g_nsf_off(adata2, args):
    |     ^^^^^^^^^^^^^^^^^^^^^^
190 |     prepared = spVIPESmulti.data.prepare_adatas(make_groups_dict(adata2, "donor"))
191 |     spVIPESmulti.model.spVIPESmulti.setup_anndata(prepared, groups_key="groups", label_key="cell_types")
    |

D103 Missing docstring in public function
   --> scripts/smoke_vignettes.py:197:5
    |
197 | def case_single_2g_nsf_full(adata2, args):
    |     ^^^^^^^^^^^^^^^^^^^^^^^
198 |     prepared = spVIPESmulti.data.prepare_adatas(make_groups_dict(adata2, "donor"))
199 |     spVIPESmulti.model.spVIPESmulti.setup_anndata(prepared, groups_key="groups", label_key="cell_types")
    |

D103 Missing docstring in public function
   --> scripts/smoke_vignettes.py:205:5
    |
205 | def case_single_3g_label_off(adata3, args):
    |     ^^^^^^^^^^^^^^^^^^^^^^^^
206 |     prepared = spVIPESmulti.data.prepare_adatas(make_groups_dict(adata3, "donor_tissue"))
207 |     spVIPESmulti.model.spVIPESmulti.setup_anndata(prepared, groups_key="groups", label_key="cell_types")
    |

D103 Missing docstring in public function
   --> scripts/smoke_vignettes.py:211:5
    |
211 | def case_single_3g_label_full(adata3, args):
    |     ^^^^^^^^^^^^^^^^^^^^^^^^^
212 |     prepared = spVIPESmulti.data.prepare_adatas(make_groups_dict(adata3, "donor_tissue"))
213 |     spVIPESmulti.model.spVIPESmulti.setup_anndata(prepared, groups_key="groups", label_key="cell_types")
    |

D103 Missing docstring in public function
   --> scripts/smoke_vignettes.py:217:5
    |
217 | def case_multimodal_3g_nsf_off(adata3, args):
    |     ^^^^^^^^^^^^^^^^^^^^^^^^^^
218 |     adatas_dict = split_modalities(adata3)
219 |     prepared = spVIPESmulti.data.prepare_multimodal_adatas(
    |

D103 Missing docstring in public function
   --> scripts/smoke_vignettes.py:256:5
    |
256 | def main():
    |     ^^^^
257 |     args = parse_args()
258 |     print("=" * 78)
    |

BLE001 Do not catch blind exception: `Exception`
   --> scripts/smoke_vignettes.py:278:16
    |
276 |             status = "PASS"
277 |             err = ""
278 |         except Exception as e:
    |                ^^^^^^^^^
279 |             status = "FAIL"
280 |             err = f"{type(e).__name__}: {e}"
    |

I001 Import block is un-sorted or un-formatted
   --> scripts/smoke_vignettes.py:281:13
    |
279 |             status = "FAIL"
280 |             err = f"{type(e).__name__}: {e}"
281 |             import traceback; traceback.print_exc()
    |             ^^^^^^^^^^^^^^^^
282 |         secs = round(perf_counter() - t0, 1)
283 |         summary.append({"case": name, "status": status, "secs": secs, "error": err})
    |
help: Organize imports

E702 Multiple statements on one line (semicolon)
   --> scripts/smoke_vignettes.py:281:29
    |
279 |             status = "FAIL"
280 |             err = f"{type(e).__name__}: {e}"
281 |             import traceback; traceback.print_exc()
    |                             ^
282 |         secs = round(perf_counter() - t0, 1)
283 |         summary.append({"case": name, "status": status, "secs": secs, "error": err})
    |

E402 Module level import not at top of file
  --> scripts/validate_disentanglement.py:38:1
   |
36 | warnings.filterwarnings("ignore")
37 |
38 | import numpy as np
   | ^^^^^^^^^^^^^^^^^^
39 | import pandas as pd
40 | import scanpy as sc
   |

E402 Module level import not at top of file
  --> scripts/validate_disentanglement.py:39:1
   |
38 | import numpy as np
39 | import pandas as pd
   | ^^^^^^^^^^^^^^^^^^^
40 | import scanpy as sc
41 | import scipy.sparse as sp
   |

E402 Module level import not at top of file
  --> scripts/validate_disentanglement.py:40:1
   |
38 | import numpy as np
39 | import pandas as pd
40 | import scanpy as sc
   | ^^^^^^^^^^^^^^^^^^^
41 | import scipy.sparse as sp
42 | import scvi
   |

E402 Module level import not at top of file
  --> scripts/validate_disentanglement.py:41:1
   |
39 | import pandas as pd
40 | import scanpy as sc
41 | import scipy.sparse as sp
   | ^^^^^^^^^^^^^^^^^^^^^^^^^
42 | import scvi
43 | import torch
   |

E402 Module level import not at top of file
  --> scripts/validate_disentanglement.py:42:1
   |
40 | import scanpy as sc
41 | import scipy.sparse as sp
42 | import scvi
   | ^^^^^^^^^^^
43 | import torch
44 | from sklearn.metrics import adjusted_rand_score, silhouette_score
   |

E402 Module level import not at top of file
  --> scripts/validate_disentanglement.py:43:1
   |
41 | import scipy.sparse as sp
42 | import scvi
43 | import torch
   | ^^^^^^^^^^^^
44 | from sklearn.metrics import adjusted_rand_score, silhouette_score
45 | from sklearn.neighbors import NearestNeighbors
   |

E402 Module level import not at top of file
  --> scripts/validate_disentanglement.py:44:1
   |
42 | import scvi
43 | import torch
44 | from sklearn.metrics import adjusted_rand_score, silhouette_score
   | ^^^^^^^^^^^^^^^^^^^^^^^^^^^^^^^^^^^^^^^^^^^^^^^^^^^^^^^^^^^^^^^^^
45 | from sklearn.neighbors import NearestNeighbors
   |

E402 Module level import not at top of file
  --> scripts/validate_disentanglement.py:45:1
   |
43 | import torch
44 | from sklearn.metrics import adjusted_rand_score, silhouette_score
45 | from sklearn.neighbors import NearestNeighbors
   | ^^^^^^^^^^^^^^^^^^^^^^^^^^^^^^^^^^^^^^^^^^^^^^
46 |
47 | import spVIPESmulti
   |

E402 Module level import not at top of file
  --> scripts/validate_disentanglement.py:47:1
   |
45 | from sklearn.neighbors import NearestNeighbors
46 |
47 | import spVIPESmulti
   | ^^^^^^^^^^^^^^^^^^^
48 |
49 | SEED = 0
   |

D103 Missing docstring in public function
  --> scripts/validate_disentanglement.py:65:5
   |
65 | def set_seeds(seed: int = SEED) -> None:
   |     ^^^^^^^^^
66 |     np.random.seed(seed)
67 |     torch.manual_seed(seed)
   |

UP037 [*] Remove quotes from type annotation
  --> scripts/validate_disentanglement.py:70:20
   |
70 | def load_data() -> "anndata.AnnData":
   |                    ^^^^^^^^^^^^^^^^^
71 |     """Load SLN CITE-seq RNA, define 2 donor groups, subsample, HVG."""
72 |     adata = scvi.data.spleen_lymph_cite_seq(save_path="./data/", remove_outliers=True)
   |
help: Remove quotes

D103 Missing docstring in public function
   --> scripts/validate_disentanglement.py:108:5
    |
108 | def prepare(adata):
    |     ^^^^^^^
109 |     groups_dict = {
110 |         d: adata[adata.obs["donor"] == d].copy() for d in sorted(adata.obs["donor"].unique())
    |

BLE001 Do not catch blind exception: `Exception`
   --> scripts/validate_disentanglement.py:219:20
    |
217 |             try:
218 |                 v = float(v.iloc[0]) if hasattr(v, "iloc") else float(v)
219 |             except Exception:
    |                    ^^^^^^^^^
220 |                 v = float(np.asarray(v).ravel()[0])
221 |             out[name] = v
    |

D103 Missing docstring in public function
   --> scripts/validate_disentanglement.py:244:5
    |
244 | def train_and_score(adata, *, label, **disentangle_kwargs):
    |     ^^^^^^^^^^^^^^^
245 |     set_seeds(SEED)
246 |     t0 = perf_counter()
    |

D103 Missing docstring in public function
   --> scripts/validate_disentanglement.py:296:5
    |
296 | def write_report(rows: list[dict]) -> None:
    |     ^^^^^^^^^^^^
297 |     df = pd.DataFrame(rows).set_index("label")
298 |     RESULTS_JSON.write_text(json.dumps(rows, indent=2))
    |

F541 [*] f-string without any placeholders
   --> scripts/validate_disentanglement.py:318:9
    |
316 |         "# Disentanglement Validation Results",
317 |         "",
318 |         f"**Dataset:** `scvi.data.spleen_lymph_cite_seq` (RNA only)  ",
    |         ^^^^^^^^^^^^^^^^^^^^^^^^^^^^^^^^^^^^^^^^^^^^^^^^^^^^^^^^^^^^^^
319 |         f"**Groups (donor):** SLN111 vs SLN208  ",
320 |         f"**Labels (cell_types):** {df['n_cell_types'].iloc[0]} types kept (>=25 cells per donor)  ",
    |
help: Remove extraneous `f` prefix

F541 [*] f-string without any placeholders
   --> scripts/validate_disentanglement.py:319:9
    |
317 |         "",
318 |         f"**Dataset:** `scvi.data.spleen_lymph_cite_seq` (RNA only)  ",
319 |         f"**Groups (donor):** SLN111 vs SLN208  ",
    |         ^^^^^^^^^^^^^^^^^^^^^^^^^^^^^^^^^^^^^^^^^
320 |         f"**Labels (cell_types):** {df['n_cell_types'].iloc[0]} types kept (>=25 cells per donor)  ",
321 |         f"**Cells per group:** {N_PER_GROUP}  HVG: {N_HVG}  ",
    |
help: Remove extraneous `f` prefix

D103 Missing docstring in public function
   --> scripts/validate_disentanglement.py:362:5
    |
362 | def main():
    |     ^^^^
363 |     print("=" * 70)
364 |     print(" spVIPESmulti disentanglement empirical validation")
    |

E402 Module level import not at top of file
  --> scripts/validate_disentanglement_multimodal.py:35:1
   |
33 | warnings.filterwarnings("ignore")
34 |
35 | import anndata as ad
   | ^^^^^^^^^^^^^^^^^^^^
36 | import numpy as np
37 | import pandas as pd
   |

E402 Module level import not at top of file
  --> scripts/validate_disentanglement_multimodal.py:36:1
   |
35 | import anndata as ad
36 | import numpy as np
   | ^^^^^^^^^^^^^^^^^^
37 | import pandas as pd
38 | import scanpy as sc
   |

E402 Module level import not at top of file
  --> scripts/validate_disentanglement_multimodal.py:37:1
   |
35 | import anndata as ad
36 | import numpy as np
37 | import pandas as pd
   | ^^^^^^^^^^^^^^^^^^^
38 | import scanpy as sc
39 | import scipy.sparse as sp
   |

E402 Module level import not at top of file
  --> scripts/validate_disentanglement_multimodal.py:38:1
   |
36 | import numpy as np
37 | import pandas as pd
38 | import scanpy as sc
   | ^^^^^^^^^^^^^^^^^^^
39 | import scipy.sparse as sp
40 | import scvi
   |

E402 Module level import not at top of file
  --> scripts/validate_disentanglement_multimodal.py:39:1
   |
37 | import pandas as pd
38 | import scanpy as sc
39 | import scipy.sparse as sp
   | ^^^^^^^^^^^^^^^^^^^^^^^^^
40 | import scvi
41 | import torch
   |

E402 Module level import not at top of file
  --> scripts/validate_disentanglement_multimodal.py:40:1
   |
38 | import scanpy as sc
39 | import scipy.sparse as sp
40 | import scvi
   | ^^^^^^^^^^^
41 | import torch
42 | from sklearn.metrics import adjusted_rand_score, silhouette_score
   |

E402 Module level import not at top of file
  --> scripts/validate_disentanglement_multimodal.py:41:1
   |
39 | import scipy.sparse as sp
40 | import scvi
41 | import torch
   | ^^^^^^^^^^^^
42 | from sklearn.metrics import adjusted_rand_score, silhouette_score
43 | from sklearn.neighbors import NearestNeighbors
   |

E402 Module level import not at top of file
  --> scripts/validate_disentanglement_multimodal.py:42:1
   |
40 | import scvi
41 | import torch
42 | from sklearn.metrics import adjusted_rand_score, silhouette_score
   | ^^^^^^^^^^^^^^^^^^^^^^^^^^^^^^^^^^^^^^^^^^^^^^^^^^^^^^^^^^^^^^^^^
43 | from sklearn.neighbors import NearestNeighbors
   |

E402 Module level import not at top of file
  --> scripts/validate_disentanglement_multimodal.py:43:1
   |
41 | import torch
42 | from sklearn.metrics import adjusted_rand_score, silhouette_score
43 | from sklearn.neighbors import NearestNeighbors
   | ^^^^^^^^^^^^^^^^^^^^^^^^^^^^^^^^^^^^^^^^^^^^^^
44 |
45 | import spVIPESmulti
   |

E402 Module level import not at top of file
  --> scripts/validate_disentanglement_multimodal.py:45:1
   |
43 | from sklearn.neighbors import NearestNeighbors
44 |
45 | import spVIPESmulti
   | ^^^^^^^^^^^^^^^^^^^
46 |
47 | SEED = 0
   |

D103 Missing docstring in public function
  --> scripts/validate_disentanglement_multimodal.py:63:5
   |
63 | def set_seeds(seed: int = SEED) -> None:
   |     ^^^^^^^^^
64 |     np.random.seed(seed)
65 |     torch.manual_seed(seed)
   |

D103 Missing docstring in public function
   --> scripts/validate_disentanglement_multimodal.py:126:5
    |
126 | def prepare(adata):
    |     ^^^^^^^
127 |     groups = split_modalities(adata)
128 |     prepared = spVIPESmulti.data.prepare_multimodal_adatas(
    |

D103 Missing docstring in public function
   --> scripts/validate_disentanglement_multimodal.py:138:5
    |
138 | def stitch(latents_dict, key, group_indices_list, n_obs):
    |     ^^^^^^
139 |     sample = next(iter(latents_dict[key].values()))
140 |     out = np.zeros((n_obs, sample.shape[1]), dtype=np.float32)
    |

D103 Missing docstring in public function
   --> scripts/validate_disentanglement_multimodal.py:156:5
    |
156 | def ilisi(rep, groups, k=30):
    |     ^^^^^
157 |     groups = np.asarray(groups)
158 |     nn = NearestNeighbors(n_neighbors=k + 1).fit(rep)
    |

D103 Missing docstring in public function
   --> scripts/validate_disentanglement_multimodal.py:169:5
    |
169 | def clisi(rep, labels, k=30):
    |     ^^^^^
170 |     return ilisi(rep, labels, k=k)
    |

D103 Missing docstring in public function
   --> scripts/validate_disentanglement_multimodal.py:173:5
    |
173 | def kbet_like(rep, groups, k=20):
    |     ^^^^^^^^^
174 |     groups = np.asarray(groups)
175 |     nn = NearestNeighbors(n_neighbors=k + 1).fit(rep)
    |

D103 Missing docstring in public function
   --> scripts/validate_disentanglement_multimodal.py:191:5
    |
191 | def knn_purity(rep, labels, k=20):
    |     ^^^^^^^^^^
192 |     labels = np.asarray(labels)
193 |     nn = NearestNeighbors(n_neighbors=k + 1).fit(rep)
    |

D103 Missing docstring in public function
   --> scripts/validate_disentanglement_multimodal.py:199:5
    |
199 | def leiden_ari(rep, labels, resolution=0.8):
    |     ^^^^^^^^^^
200 |     tmp = ad.AnnData(X=rep)
201 |     sc.pp.neighbors(tmp, use_rep="X", n_neighbors=15)
    |

D103 Missing docstring in public function
   --> scripts/validate_disentanglement_multimodal.py:206:5
    |
206 | def per_group_silhouette(z, groups):
    |     ^^^^^^^^^^^^^^^^^^^^
207 |     groups = np.asarray(groups)
208 |     if len(np.unique(groups)) < 2:
    |

D103 Missing docstring in public function
   --> scripts/validate_disentanglement_multimodal.py:216:5
    |
216 | def extract_history_summary(model):
    |     ^^^^^^^^^^^^^^^^^^^^^^^
217 |     h = model.history
218 |     out = {}
    |

BLE001 Do not catch blind exception: `Exception`
   --> scripts/validate_disentanglement_multimodal.py:228:20
    |
226 |             try:
227 |                 v = float(v.iloc[0]) if hasattr(v, "iloc") else float(v)
228 |             except Exception:
    |                    ^^^^^^^^^
229 |                 v = float(np.asarray(v).ravel()[0])
230 |             out[name] = v
    |

D103 Missing docstring in public function
   --> scripts/validate_disentanglement_multimodal.py:246:5
    |
246 | def train_and_score(adata, *, label, **disentangle_kwargs):
    |     ^^^^^^^^^^^^^^^
247 |     set_seeds(SEED)
248 |     t0 = perf_counter()
    |

D103 Missing docstring in public function
   --> scripts/validate_disentanglement_multimodal.py:304:5
    |
304 | def write_report(rows: list[dict]) -> None:
    |     ^^^^^^^^^^^^
305 |     df = pd.DataFrame(rows).set_index("label")
306 |     RESULTS_JSON.write_text(json.dumps(rows, indent=2))
    |

F541 [*] f-string without any placeholders
   --> scripts/validate_disentanglement_multimodal.py:326:9
    |
324 |         "# Multimodal Disentanglement Validation Results (P8)",
325 |         "",
326 |         f"**Dataset:** `scvi.data.spleen_lymph_cite_seq` (RNA + protein)  ",
    |         ^^^^^^^^^^^^^^^^^^^^^^^^^^^^^^^^^^^^^^^^^^^^^^^^^^^^^^^^^^^^^^^^^^^
327 |         f"**Groups (donor):** SLN111 vs SLN208  ",
328 |         f"**Modalities:** rna ({N_HVG_RNA} HVG, NB), protein (~15 features, NB)  ",
    |
help: Remove extraneous `f` prefix

F541 [*] f-string without any placeholders
   --> scripts/validate_disentanglement_multimodal.py:327:9
    |
325 |         "",
326 |         f"**Dataset:** `scvi.data.spleen_lymph_cite_seq` (RNA + protein)  ",
327 |         f"**Groups (donor):** SLN111 vs SLN208  ",
    |         ^^^^^^^^^^^^^^^^^^^^^^^^^^^^^^^^^^^^^^^^^
328 |         f"**Modalities:** rna ({N_HVG_RNA} HVG, NB), protein (~15 features, NB)  ",
329 |         f"**Labels (cell_types):** {df['n_cell_types'].iloc[0]} types kept (>=25 cells per donor)  ",
    |
help: Remove extraneous `f` prefix

D103 Missing docstring in public function
   --> scripts/validate_disentanglement_multimodal.py:379:5
    |
379 | def main():
    |     ^^^^
380 |     print("=" * 70)
381 |     print(" spVIPESmulti multimodal disentanglement empirical validation (P8)")
    |

E402 Module level import not at top of file
  --> src/spVIPESmulti/__init__.py:8:1
   |
 6 | del _apply_user_site_guard
 7 |
 8 | import logging
   | ^^^^^^^^^^^^^^
 9 |
10 | from rich.console import Console
   |

E402 Module level import not at top of file
  --> src/spVIPESmulti/__init__.py:10:1
   |
 8 | import logging
 9 |
10 | from rich.console import Console
   | ^^^^^^^^^^^^^^^^^^^^^^^^^^^^^^^^
11 | from rich.logging import RichHandler
   |

E402 Module level import not at top of file
  --> src/spVIPESmulti/__init__.py:11:1
   |
10 | from rich.console import Console
11 | from rich.logging import RichHandler
   | ^^^^^^^^^^^^^^^^^^^^^^^^^^^^^^^^^^^^
12 |
13 | # this import needs to come after prior imports to prevent circular import
   |

E402 Module level import not at top of file
  --> src/spVIPESmulti/__init__.py:14:1
   |
13 | # this import needs to come after prior imports to prevent circular import
14 | from . import data, interventions, metrics, model, module, nn, pl, traversal, utils
   | ^^^^^^^^^^^^^^^^^^^^^^^^^^^^^^^^^^^^^^^^^^^^^^^^^^^^^^^^^^^^^^^^^^^^^^^^^^^^^^^^^^^
15 |
16 | __all__ = ["data", "interventions", "metrics", "model", "module", "nn", "pl", "traversal", "utils"]
   |

UP045 [*] Use `X | None` for type annotations
  --> src/spVIPESmulti/data/_multi_datasplitter.py:15:78
   |
15 | def _validate_data_split(n_samples: int, train_size: float, validation_size: Optional[float] = None) -> tuple[int, int]:
   |                                                                              ^^^^^^^^^^^^^^^
16 |     """Compute (n_train, n_val) for a split, vendored from scvi-tools to avoid a private import."""
17 |     if train_size > 1.0 or train_size <= 0.0:
   |
help: Convert to `X | None`

UP045 [*] Use `X | None` for type annotations
  --> src/spVIPESmulti/data/_multi_datasplitter.py:63:26
   |
61 |         group_indices_list: list[list[int]],
62 |         train_size: float = 0.9,
63 |         validation_size: Optional[float] = None,
   |                          ^^^^^^^^^^^^^^^
64 |         **kwargs,
65 |     ) -> None:
   |
help: Convert to `X | None`

UP045 [*] Use `X | None` for type annotations
  --> src/spVIPESmulti/data/_multi_datasplitter.py:88:28
   |
86 |         self.n_val = int(sum(n_val_per_group))
87 |
88 |     def setup(self, stage: Optional[str] = None):
   |                            ^^^^^^^^^^^^^
89 |         random_state = np.random.RandomState(seed=settings.seed)
   |
help: Convert to `X | None`

UP045 [*] Use `X | None` for type annotations
   --> src/spVIPESmulti/data/_multi_datasplitter.py:132:33
    |
130 |         )
131 |
132 |     def val_dataloader(self) -> Optional[ConcatDataLoader]:
    |                                 ^^^^^^^^^^^^^^^^^^^^^^^^^^
133 |         # Lightning treats None as "no validation". We return None explicitly
134 |         # when any group ended up with zero validation cells, so the user gets
    |
help: Convert to `X | None`

UP045 [*] Use `X | None` for type annotations
   --> src/spVIPESmulti/data/_multi_datasplitter.py:146:34
    |
144 |         return None
145 |
146 |     def test_dataloader(self) -> Optional[ConcatDataLoader]:
    |                                  ^^^^^^^^^^^^^^^^^^^^^^^^^^
147 |         if np.all([len(test_idx) > 0 for test_idx in self.test_idx_per_group]):
148 |             return self._get_multigroup_dataloader(
    |
help: Convert to `X | None`

UP007 Use `X | Y` for type annotations
 --> src/spVIPESmulti/data/_types.py:8:15
  |
6 | from mudata import MuData
7 |
8 | AnnOrMuData = Union[AnnData, MuData]
  |               ^^^^^^^^^^^^^^^^^^^^^^
9 | MinifiedDataType = Literal["latent_posterior_parameters"]
  |
help: Convert to `X | Y`

RUF100 [*] Unused `noqa` directive (non-enabled: `D401`)
  --> src/spVIPESmulti/data/_utils.py:21:31
   |
19 |         from anndata._core.sparse_dataset import BaseCompressedSparseDataset as SparseDataset
20 |     except ImportError:
21 |         class SparseDataset:  # noqa: D401 — sentinel for isinstance fallthrough
   |                               ^^^^^^^^^^^^
22 |             """Sentinel; no real SparseDataset is available on this anndata version."""
   |
help: Remove unused `noqa` directive

UP045 [*] Use `X | None` for type annotations
  --> src/spVIPESmulti/data/_utils.py:43:15
   |
41 |     adata: AnnOrMuData,
42 |     attr_name: str,
43 |     attr_key: Optional[str],
   |               ^^^^^^^^^^^^^
44 |     mod_key: Optional[str] = None,
45 | ) -> Union[np.ndarray, pd.DataFrame]:
   |
help: Convert to `X | None`

UP045 [*] Use `X | None` for type annotations
  --> src/spVIPESmulti/data/_utils.py:44:14
   |
42 |     attr_name: str,
43 |     attr_key: Optional[str],
44 |     mod_key: Optional[str] = None,
   |              ^^^^^^^^^^^^^
45 | ) -> Union[np.ndarray, pd.DataFrame]:
46 |     """Returns the requested data from a given AnnData/MuData object."""
   |
help: Convert to `X | None`

UP007 [*] Use `X | Y` for type annotations
  --> src/spVIPESmulti/data/_utils.py:45:6
   |
43 |     attr_key: Optional[str],
44 |     mod_key: Optional[str] = None,
45 | ) -> Union[np.ndarray, pd.DataFrame]:
   |      ^^^^^^^^^^^^^^^^^^^^^^^^^^^^^^^
46 |     """Returns the requested data from a given AnnData/MuData object."""
47 |     if mod_key is not None:
   |
help: Convert to `X | Y`

UP007 [*] Use `X | Y` for type annotations
  --> src/spVIPESmulti/data/_utils.py:72:11
   |
70 | def _set_data_in_registry(
71 |     adata: AnnData,
72 |     data: Union[np.ndarray, pd.DataFrame],
   |           ^^^^^^^^^^^^^^^^^^^^^^^^^^^^^^^
73 |     attr_name: str,
74 |     attr_key: Optional[str],
   |
help: Convert to `X | Y`

UP045 [*] Use `X | None` for type annotations
  --> src/spVIPESmulti/data/_utils.py:74:15
   |
72 |     data: Union[np.ndarray, pd.DataFrame],
73 |     attr_name: str,
74 |     attr_key: Optional[str],
   |               ^^^^^^^^^^^^^
75 | ):
76 |     """Sets the data in the AnnData object according to the attr_name and attr_key.
   |
help: Convert to `X | None`

UP045 [*] Use `X | None` for type annotations
   --> src/spVIPESmulti/data/_utils.py:105:79
    |
105 | def _verify_and_correct_data_format(adata: AnnData, attr_name: str, attr_key: Optional[str]):
    |                                                                               ^^^^^^^^^^^^^
106 |     """Will make sure that the user's AnnData field is C_CONTIGUOUS and csr if it is dense numpy or sparse respectively.
    |
help: Convert to `X | None`

UP045 [*] Use `X | None` for type annotations
   --> src/spVIPESmulti/data/_utils.py:142:24
    |
140 |     column_key: str,
141 |     alternate_column_key: str,
142 |     categorical_dtype: Optional[Union[str, CategoricalDtype]] = None,
    |                        ^^^^^^^^^^^^^^^^^^^^^^^^^^^^^^^^^^^^^^
143 | ):
144 |     """Makes the data in column_key in DataFrame all categorical.
    |
help: Convert to `X | None`

UP007 [*] Use `X | Y` for type annotations
   --> src/spVIPESmulti/data/_utils.py:142:33
    |
140 |     column_key: str,
141 |     alternate_column_key: str,
142 |     categorical_dtype: Optional[Union[str, CategoricalDtype]] = None,
    |                                 ^^^^^^^^^^^^^^^^^^^^^^^^^^^^
143 | ):
144 |     """Makes the data in column_key in DataFrame all categorical.
    |
help: Convert to `X | Y`

UP032 [*] Use f-string instead of `format` call
   --> src/spVIPESmulti/data/_utils.py:170:13
    |
168 |           category = unique[np.argmin(counts)]
169 |           warnings.warn(
170 | /             "Category {} in adata.obs['{}'] has fewer than 3 cells. Models may not train properly.".format(
171 | |                 category, alternate_column_key
172 | |             ),
    | |_____________^
173 |               UserWarning,
174 |               stacklevel=settings.warnings_stacklevel,
    |
help: Convert to f-string

UP007 [*] Use `X | Y` for type annotations
   --> src/spVIPESmulti/data/_utils.py:190:11
    |
189 | def _check_nonnegative_integers(
190 |     data: Union[pd.DataFrame, np.ndarray, sp_sparse.spmatrix, h5py.Dataset],
    |           ^^^^^^^^^^^^^^^^^^^^^^^^^^^^^^^^^^^^^^^^^^^^^^^^^^^^^^^^^^^^^^^^^
191 |     n_to_check: int = 20,
192 | ):
    |
help: Convert to `X | Y`

UP007 [*] Use `X | Y` for type annotations
   --> src/spVIPESmulti/data/_utils.py:249:47
    |
249 | def _get_adata_minify_type(adata: AnnData) -> Union[MinifiedDataType, None]:
    |                                               ^^^^^^^^^^^^^^^^^^^^^^^^^^^^^
250 |     return adata.uns.get(_constants._ADATA_MINIFY_TYPE_UNS_KEY, None)
    |
help: Convert to `X | Y`

UP007 [*] Use `X | Y` for type annotations
   --> src/spVIPESmulti/data/_utils.py:253:25
    |
253 | def _is_minified(adata: Union[AnnData, str]) -> bool:
    |                         ^^^^^^^^^^^^^^^^^^^
254 |     uns_key = _constants._ADATA_MINIFY_TYPE_UNS_KEY
255 |     if isinstance(adata, AnnData):
    |
help: Convert to `X | Y`

UP045 [*] Use `X | None` for type annotations
  --> src/spVIPESmulti/data/fields/_base_field.py:32:27
   |
30 |     @property
31 |     @abstractmethod
32 |     def attr_key(self) -> Optional[str]:
   |                           ^^^^^^^^^^^^^
33 |         """The key of the data field within the relevant AnnData attribute."""
   |
help: Convert to `X | None`

UP045 [*] Use `X | None` for type annotations
  --> src/spVIPESmulti/data/fields/_base_field.py:36:26
   |
35 |     @property
36 |     def mod_key(self) -> Optional[str]:
   |                          ^^^^^^^^^^^^^
37 |         """The modality key of the data field within the MuData (if applicable)."""
38 |         return None
   |
help: Convert to `X | None`

UP045 [*] Use `X | None` for type annotations
   --> src/spVIPESmulti/data/fields/_base_field.py:110:60
    |
109 |     @abstractmethod
110 |     def view_state_registry(self, state_registry: dict) -> Optional[rich.table.Table]:
    |                                                            ^^^^^^^^^^^^^^^^^^^^^^^^^^
111 |         """Returns a :class:`rich.table.Table` summarizing a state registry produced by this field.
    |
help: Convert to `X | None`

UP007 [*] Use `X | Y` for type annotations
   --> src/spVIPESmulti/data/fields/_base_field.py:125:53
    |
123 |         """
124 |
125 |     def get_field_data(self, adata: AnnOrMuData) -> Union[np.ndarray, pd.DataFrame]:
    |                                                     ^^^^^^^^^^^^^^^^^^^^^^^^^^^^^^^
126 |         """Returns the requested data as determined by the field for a given AnnData/MuData object."""
127 |         if self.is_empty:
    |
help: Convert to `X | Y`

F401 [*] `scipy.sparse.issparse` imported but unused
 --> src/spVIPESmulti/data/prepare_adatas.py:5:26
  |
3 | import anndata as ad
4 | import numpy as np
5 | from scipy.sparse import issparse
  |                          ^^^^^^^^
  |
help: Remove unused import: `scipy.sparse.issparse`

UP045 [*] Use `X | None` for type annotations
  --> src/spVIPESmulti/data/prepare_adatas.py:8:53
   |
 8 | def _apply_selected_layer(adata: ad.AnnData, layer: Optional[str], *, context: str) -> ad.AnnData:
   |                                                     ^^^^^^^^^^^^^
 9 |     if layer is None:
10 |         return adata
   |
help: Convert to `X | None`

UP045 [*] Use `X | None` for type annotations
  --> src/spVIPESmulti/data/prepare_adatas.py:25:13
   |
23 | def prepare_adatas(
24 |     adatas: dict[str, ad.AnnData],
25 |     layers: Optional[dict[str, Optional[str]]] = None,
   |             ^^^^^^^^^^^^^^^^^^^^^^^^^^^^^^^^^^
26 | ):
27 |     """
   |
help: Convert to `X | None`

UP045 [*] Use `X | None` for type annotations
  --> src/spVIPESmulti/data/prepare_adatas.py:25:32
   |
23 | def prepare_adatas(
24 |     adatas: dict[str, ad.AnnData],
25 |     layers: Optional[dict[str, Optional[str]]] = None,
   |                                ^^^^^^^^^^^^^
26 | ):
27 |     """
   |
help: Convert to `X | None`

B905 `zip()` without an explicit `strict=` parameter
   --> src/spVIPESmulti/data/prepare_adatas.py:162:29
    |
160 |     # Create indices column
161 |     indices = []
162 |     for _, group_indices in zip(adatas.keys(), multigroups_adata.uns["groups_obs_indices"]):
    |                             ^^^^^^^^^^^^^^^^^^^^^^^^^^^^^^^^^^^^^^^^^^^^^^^^^^^^^^^^^^^^^^^
163 |         group_size = len(group_indices)
164 |         indices.extend(np.arange(group_size, dtype=np.int32))
    |
help: Add explicit value for parameter `strict=`

UP045 [*] Use `X | None` for type annotations
   --> src/spVIPESmulti/data/prepare_adatas.py:172:27
    |
170 | def prepare_multimodal_adatas(
171 |     adatas: dict[str, dict[str, ad.AnnData]],
172 |     modality_likelihoods: Optional[dict[str, str]] = None,
    |                           ^^^^^^^^^^^^^^^^^^^^^^^^
173 |     layers: Optional[dict[str, dict[str, Optional[str]]]] = None,
174 | ):
    |
help: Convert to `X | None`

UP045 [*] Use `X | None` for type annotations
   --> src/spVIPESmulti/data/prepare_adatas.py:173:13
    |
171 |     adatas: dict[str, dict[str, ad.AnnData]],
172 |     modality_likelihoods: Optional[dict[str, str]] = None,
173 |     layers: Optional[dict[str, dict[str, Optional[str]]]] = None,
    |             ^^^^^^^^^^^^^^^^^^^^^^^^^^^^^^^^^^^^^^^^^^^^^
174 | ):
175 |     """
    |
help: Convert to `X | None`

UP045 [*] Use `X | None` for type annotations
   --> src/spVIPESmulti/data/prepare_adatas.py:173:42
    |
171 |     adatas: dict[str, dict[str, ad.AnnData]],
172 |     modality_likelihoods: Optional[dict[str, str]] = None,
173 |     layers: Optional[dict[str, dict[str, Optional[str]]]] = None,
    |                                          ^^^^^^^^^^^^^
174 | ):
175 |     """
    |
help: Convert to `X | None`

C420 [*] Unnecessary dict comprehension for iterable; use `dict.fromkeys` instead
   --> src/spVIPESmulti/data/prepare_adatas.py:251:32
    |
249 |     # Set default likelihoods
250 |     if modality_likelihoods is None:
251 |         modality_likelihoods = {m: "nb" for m in modality_names}
    |                                ^^^^^^^^^^^^^^^^^^^^^^^^^^^^^^^^^
252 |     else:
253 |         for m in modality_names:
    |
help: Replace with `dict.fromkeys(iterable)`)

B007 Loop control variable `group_name` not used within loop body
   --> src/spVIPESmulti/data/prepare_adatas.py:349:12
    |
347 |     # Compute per-group, per-modality var indices in the concatenated adata
348 |     groups_modality_var_indices = {}
349 |     for i, group_name in enumerate(group_names):
    |            ^^^^^^^^^^
350 |         groups_modality_var_indices[i] = {}
351 |         for modality in modality_names:
    |
help: Rename unused `group_name` to `_group_name`

B905 `zip()` without an explicit `strict=` parameter
   --> src/spVIPESmulti/data/prepare_adatas.py:377:29
    |
375 |     # Create indices column (within-group cell indices)
376 |     indices = []
377 |     for _, group_indices in zip(group_names, multigroups_adata.uns["groups_obs_indices"]):
    |                             ^^^^^^^^^^^^^^^^^^^^^^^^^^^^^^^^^^^^^^^^^^^^^^^^^^^^^^^^^^^^^
378 |         group_size = len(group_indices)
379 |         indices.extend(np.arange(group_size, dtype=np.int32))
    |
help: Add explicit value for parameter `strict=`

UP007 [*] Use `X | Y` for type annotations
  --> src/spVIPESmulti/dataloaders/_ann_dataloader.py:49:18
   |
47 |         shuffle: bool = False,
48 |         use_labels: bool = False,
49 |         indices: Union[Sequence[int], Sequence[bool]] = None,
   |                  ^^^^^^^^^^^^^^^^^^^^^^^^^^^^^^^^^^^^
50 |         batch_size: int = 128,
51 |         sampler: Optional[Sampler] = None,
   |
help: Convert to `X | Y`

UP045 [*] Use `X | None` for type annotations
  --> src/spVIPESmulti/dataloaders/_ann_dataloader.py:51:18
   |
49 |         indices: Union[Sequence[int], Sequence[bool]] = None,
50 |         batch_size: int = 128,
51 |         sampler: Optional[Sampler] = None,
   |                  ^^^^^^^^^^^^^^^^^
52 |         data_and_attributes: Optional[Union[list[str], dict[str, np.dtype]]] = None,
53 |         drop_last: bool = False,
   |
help: Convert to `X | None`

UP045 [*] Use `X | None` for type annotations
  --> src/spVIPESmulti/dataloaders/_ann_dataloader.py:52:30
   |
50 |         batch_size: int = 128,
51 |         sampler: Optional[Sampler] = None,
52 |         data_and_attributes: Optional[Union[list[str], dict[str, np.dtype]]] = None,
   |                              ^^^^^^^^^^^^^^^^^^^^^^^^^^^^^^^^^^^^^^^^^^^^^^^
53 |         drop_last: bool = False,
54 |         iter_ndarray: bool = False,
   |
help: Convert to `X | None`

UP007 [*] Use `X | Y` for type annotations
  --> src/spVIPESmulti/dataloaders/_ann_dataloader.py:52:39
   |
50 |         batch_size: int = 128,
51 |         sampler: Optional[Sampler] = None,
52 |         data_and_attributes: Optional[Union[list[str], dict[str, np.dtype]]] = None,
   |                                       ^^^^^^^^^^^^^^^^^^^^^^^^^^^^^^^^^^^^^
53 |         drop_last: bool = False,
54 |         iter_ndarray: bool = False,
   |
help: Convert to `X | Y`

UP045 [*] Use `X | None` for type annotations
  --> src/spVIPESmulti/dataloaders/_concat_dataloader.py:41:30
   |
39 |         use_labels: bool = False,
40 |         batch_size: int = 128,
41 |         data_and_attributes: Optional[dict] = None,
   |                              ^^^^^^^^^^^^^^
42 |         drop_last: Union[bool, int] = False,
43 |         **data_loader_kwargs,
   |
help: Convert to `X | None`

UP007 [*] Use `X | Y` for type annotations
  --> src/spVIPESmulti/dataloaders/_concat_dataloader.py:42:20
   |
40 |         batch_size: int = 128,
41 |         data_and_attributes: Optional[dict] = None,
42 |         drop_last: Union[bool, int] = False,
   |                    ^^^^^^^^^^^^^^^^
43 |         **data_loader_kwargs,
44 |     ):
   |
help: Convert to `X | Y`

B007 Loop control variable `gi` not used within loop body
  --> src/spVIPESmulti/dataloaders/_concat_dataloader.py:54:13
   |
53 |         self.dataloaders = []
54 |         for gi, indices in enumerate(indices_list):
   |             ^^
55 |             # If a group is too small to fill a single batch under drop_last=True
56 |             # the resulting dataloader has length 0 — and `cycle()` over an empty
   |
help: Rename unused `gi` to `_gi`

UP007 [*] Use `X | Y` for type annotations
  --> src/spVIPESmulti/dataloaders/_concat_dataloader.py:62:34
   |
60 |             n_indices = len(indices)
61 |             if drop_last and n_indices < batch_size:
62 |                 group_drop_last: Union[bool, int] = False
   |                                  ^^^^^^^^^^^^^^^^
63 |             else:
64 |                 group_drop_last = drop_last
   |
help: Convert to `X | Y`

I001 [*] Import block is un-sorted or un-formatted
   --> src/spVIPESmulti/dataloaders/_concat_dataloader.py:97:9
    |
 96 |       def __iter__(self):
 97 | /         import torch
 98 | |         import numpy as np
    | |__________________________^
 99 |           iter_list = [cycle(dl) if dl != self.largest_dl else dl for dl in self.dataloaders]
100 |           for batches in zip(*iter_list):
    |
help: Organize imports

B905 `zip()` without an explicit `strict=` parameter
   --> src/spVIPESmulti/dataloaders/_concat_dataloader.py:100:24
    |
 98 |         import numpy as np
 99 |         iter_list = [cycle(dl) if dl != self.largest_dl else dl for dl in self.dataloaders]
100 |         for batches in zip(*iter_list):
    |                        ^^^^^^^^^^^^^^^
101 |             # batches is a tuple of dicts, one per group
102 |             merged = {}
    |
help: Add explicit value for parameter `strict=`

I001 [*] Import block is un-sorted or un-formatted
  --> src/spVIPESmulti/interventions/counterfactual.py:3:1
   |
 1 |   """Encode, edit, decode, and diagnose safe single-modal counterfactuals."""
 2 |
 3 | / from __future__ import annotations
 4 | |
 5 | | from dataclasses import dataclass
 6 | | from typing import Any, Literal
 7 | | import warnings
 8 | |
 9 | | import numpy as np
10 | |
11 | | from .latent_operators import (
12 | |     condition_centroid_shift,
13 | |     latent_arithmetic,
14 | |     latent_interpolation,
15 | |     latent_replacement,
16 | | )
17 | | from .utils import (
18 | |     _batch_from_adata,
19 | |     _collect_encoded,
20 | |     _decode_arrays,
21 | |     _library_from_adata,
22 | |     _prepare_adata,
23 | |     _select_group_positions,
24 | |     _target_var_names,
25 | |     _validate_group_idx,
26 | | )
   | |_^
   |
help: Organize imports

BLE001 Do not catch blind exception: `Exception`
   --> src/spVIPESmulti/interventions/counterfactual.py:241:12
    |
240 |         score = leakage_score(model, adata, group_key="groups", latent_type="shared")
241 |     except Exception:
    |            ^^^^^^^^^
242 |         return
243 |     if score > 0.4:
    |

I001 [*] Import block is un-sorted or un-formatted
 --> src/spVIPESmulti/interventions/latent_operators.py:3:1
  |
1 |   """Low-level latent arithmetic operators used by counterfactual helpers."""
2 |
3 | / from __future__ import annotations
4 | |
5 | | from typing import Any
6 | |
7 | | import numpy as np
8 | | import torch
  | |____________^
  |
help: Organize imports

F401 [*] `collections.abc.Mapping` imported but unused
  --> src/spVIPESmulti/metrics.py:23:29
   |
21 | from __future__ import annotations
22 |
23 | from collections.abc import Mapping, Sequence
   |                             ^^^^^^^
24 | from typing import Any, Optional
   |
help: Remove unused import

F401 [*] `collections.abc.Sequence` imported but unused
  --> src/spVIPESmulti/metrics.py:23:38
   |
21 | from __future__ import annotations
22 |
23 | from collections.abc import Mapping, Sequence
   |                                      ^^^^^^^^
24 | from typing import Any, Optional
   |
help: Remove unused import

D403 [*] First word of the docstring should be capitalized: `kBET` -> `KBET`
   --> src/spVIPESmulti/metrics.py:252:5
    |
251 |   def kbet(rep: np.ndarray, groups: np.ndarray, k: int = 20) -> float:
252 | /     """kBET acceptance rate (Büttner et al., 2019) — chi-squared per-cell test.
253 | |
254 | |     For each cell, compares the observed group frequency in its k-NN
255 | |     neighbourhood to the global expected frequency via a chi-squared
256 | |     statistic, then returns the **fraction of cells whose neighbourhood does
257 | |     not reject H0 at alpha=0.05** (i.e. is well-mixed).
258 | |
259 | |     A *higher* acceptance rate means better mixing.
260 | |
261 | |     .. note::
262 | |         The previous implementation returned ``exp(-mean_chi2)`` which is
263 | |         a monotone transformation, not the chi-squared acceptance rate.
264 | |
265 | |     Parameters
266 | |     ----------
267 | |     rep:
268 | |         2-D array of shape ``(n_cells, n_dims)``.
269 | |     groups:
270 | |         1-D array of group labels, length ``n_cells``.
271 | |     k:
272 | |         Neighbourhood size.
273 | |
274 | |     Returns
275 | |     -------
276 | |     float
277 | |         kBET acceptance rate in [0, 1]. **Higher = better mixing.**
278 | |     """
    | |_______^
279 |       from scipy.stats import chi2 as _chi2
280 |       from sklearn.neighbors import NearestNeighbors
    |
help: Capitalize `kBET` to `KBET`

UP045 [*] Use `X | None` for type annotations
   --> src/spVIPESmulti/metrics.py:419:21
    |
417 |     cell_labels: np.ndarray,
418 |     *,
419 |     z_private_dict: Optional[dict[str, np.ndarray]] = None,
    |                     ^^^^^^^^^^^^^^^^^^^^^^^^^^^^^^^
420 |     k: int = 20,
421 |     leiden_resolution: float = 0.8,
    |
help: Convert to `X | None`

F841 Local variable `unique_group_names` is assigned to but never used
   --> src/spVIPESmulti/metrics.py:499:9
    |
497 |         # We need cell-type labels aligned to each group's rows. Build a mapping
498 |         # from global cell order: for group g we use the cells in group_labels==g.
499 |         unique_group_names = list(z_private_dict.keys())
    |         ^^^^^^^^^^^^^^^^^^
500 |         group_label_arr = np.asarray(group_labels)
501 |         cell_label_arr = np.asarray(cell_labels)
    |
help: Remove assignment to unused variable `unique_group_names`

UP045 [*] Use `X | None` for type annotations
   --> src/spVIPESmulti/metrics.py:548:15
    |
546 | def latent_dimension_stats(
547 |     latent_array: np.ndarray,
548 |     mu_array: Optional[np.ndarray] = None,
    |               ^^^^^^^^^^^^^^^^^^^^
549 |     sigma_array: Optional[np.ndarray] = None,
550 |     threshold: float = 0.05,
    |
help: Convert to `X | None`

UP045 [*] Use `X | None` for type annotations
   --> src/spVIPESmulti/metrics.py:549:18
    |
547 |     latent_array: np.ndarray,
548 |     mu_array: Optional[np.ndarray] = None,
549 |     sigma_array: Optional[np.ndarray] = None,
    |                  ^^^^^^^^^^^^^^^^^^^^
550 |     threshold: float = 0.05,
551 | ) -> pd.DataFrame:
    |
help: Convert to `X | None`

D301 Use `r"""` if any backslashes in a docstring
   --> src/spVIPESmulti/metrics.py:552:5
    |
550 |       threshold: float = 0.05,
551 |   ) -> pd.DataFrame:
552 | /     """Per-dimension activity statistics for a latent matrix.
553 | |
554 | |     Computes the standard deviation and mean absolute value of each column.
555 | |     When ``mu_array`` and ``sigma_array`` are provided (posterior mean and
556 | |     standard deviation), uses the **per-dimension marginal KL** against
557 | |     N(0, 1) to flag collapsed dimensions (W-052):
558 | |
559 | |     .. math::
560 | |         \\text{KL}_d = \\frac{1}{N}\\sum_i \\left[
561 | |             \\frac{\\mu_{i,d}^2 + \\sigma_{i,d}^2}{2}
562 | |             - \\log \\sigma_{i,d} - \\frac{1}{2}
563 | |         \\right]
564 | |
565 | |     A dimension is flagged ``is_collapsed`` when its mean KL < ``threshold``
566 | |     (default 0.05, following Bowman et al. and the standard VAE collapse
567 | |     literature). When only the sample array is provided, falls back to the
568 | |     std-heuristic with the same ``threshold``.
569 | |
570 | |     Parameters
571 | |     ----------
572 | |     latent_array:
573 | |         2-D array of shape ``(n_cells, n_dims)``.
574 | |     mu_array:
575 | |         Optional posterior mean array, same shape as ``latent_array``.
576 | |     sigma_array:
577 | |         Optional posterior std array, same shape as ``latent_array``.
578 | |     threshold:
579 | |         KL threshold below which a dimension is flagged as collapsed
580 | |         (when mu/sigma provided), or std threshold (fallback).
581 | |
582 | |     Returns
583 | |     -------
584 | |     pd.DataFrame
585 | |         One row per dimension. Columns:
586 | |
587 | |         ``dim``
588 | |             Dimension index.
589 | |         ``std``
590 | |             Population standard deviation of z across cells.
591 | |         ``mean_abs``
592 | |             Mean absolute value of z across cells.
593 | |         ``mean_kl``
594 | |             Per-dimension mean KL against N(0, 1). ``nan`` if mu/sigma
595 | |             not provided.
596 | |         ``is_collapsed``
597 | |             ``True`` if the dimension is deemed collapsed.
598 | |         ``rank``
599 | |             Rank by std (1 = most active).
600 | |
601 | |     Examples
602 | |     --------
603 | |     >>> stats = spVIPESmulti.metrics.latent_dimension_stats(z_shared)
604 | |     >>> print(stats[stats.is_collapsed])
605 | |     """
    | |_______^
606 |       latent_array = np.asarray(latent_array)
607 |       n_dims = latent_array.shape[1]
    |
help: Add `r` prefix

C420 [*] Unnecessary dict comprehension for iterable; use `dict.fromkeys` instead
   --> src/spVIPESmulti/metrics.py:707:20
    |
705 |     module.eval()
706 |
707 |     accum_sq_err = {g: 0.0 for g in range(n_groups)}
    |                    ^^^^^^^^^^^^^^^^^^^^^^^^^^^^^^^^^
708 |     accum_nll = {g: 0.0 for g in range(n_groups)}
709 |     accum_count = {g: 0 for g in range(n_groups)}
    |
help: Replace with `dict.fromkeys(iterable)`)

C420 [*] Unnecessary dict comprehension for iterable; use `dict.fromkeys` instead
   --> src/spVIPESmulti/metrics.py:708:17
    |
707 |     accum_sq_err = {g: 0.0 for g in range(n_groups)}
708 |     accum_nll = {g: 0.0 for g in range(n_groups)}
    |                 ^^^^^^^^^^^^^^^^^^^^^^^^^^^^^^^^^
709 |     accum_count = {g: 0 for g in range(n_groups)}
    |
help: Replace with `dict.fromkeys(iterable)`)

C420 [*] Unnecessary dict comprehension for iterable; use `dict.fromkeys` instead
   --> src/spVIPESmulti/metrics.py:709:19
    |
707 |     accum_sq_err = {g: 0.0 for g in range(n_groups)}
708 |     accum_nll = {g: 0.0 for g in range(n_groups)}
709 |     accum_count = {g: 0 for g in range(n_groups)}
    |                   ^^^^^^^^^^^^^^^^^^^^^^^^^^^^^^^
710 |
711 |     try:
    |
help: Replace with `dict.fromkeys(iterable)`)

F841 Local variable `px_scale` is assigned to but never used
   --> src/spVIPESmulti/metrics.py:733:21
    |
731 |                         continue
732 |
733 |                     px_scale = gen_out["private_poe"][key]["px_scale"].cpu()
    |                     ^^^^^^^^
734 |                     px_rate = gen_out["private_poe"][key]["px_rate_shared"].cpu()
    |
help: Remove assignment to unused variable `px_scale`

F841 Local variable `px_rate` is assigned to but never used
   --> src/spVIPESmulti/metrics.py:734:21
    |
733 |                     px_scale = gen_out["private_poe"][key]["px_scale"].cpu()
734 |                     px_rate = gen_out["private_poe"][key]["px_rate_shared"].cpu()
    |                     ^^^^^^^
735 |
736 |                     # Raw observed counts, sliced to group's genes
    |
help: Remove assignment to unused variable `px_rate`

I001 [*] Import block is un-sorted or un-formatted
  --> src/spVIPESmulti/model/base/training_mixin.py:8:1
   |
 8 | / from typing import Literal, Optional
 9 | | import warnings
10 | |
11 | | import numpy as np
12 | | from scvi.train import TrainingPlan, TrainRunner
13 | | from scvi.train._trainrunner import TrainRunner as OrigTrainRunner
   | |__________________________________________________________________^
   |
help: Organize imports

F401 [*] `scvi.train.TrainRunner` imported but unused
  --> src/spVIPESmulti/model/base/training_mixin.py:12:38
   |
11 | import numpy as np
12 | from scvi.train import TrainingPlan, TrainRunner
   |                                      ^^^^^^^^^^^
13 | from scvi.train._trainrunner import TrainRunner as OrigTrainRunner
   |
help: Remove unused import: `scvi.train.TrainRunner`

D102 Missing docstring in public method
  --> src/spVIPESmulti/model/base/training_mixin.py:46:9
   |
44 |         self._lr_cosine_T_max = lr_cosine_T_max
45 |
46 |     def configure_optimizers(self):
   |         ^^^^^^^^^^^^^^^^^^^^
47 |         config = super().configure_optimizers()
   |

D101 Missing docstring in public class
  --> src/spVIPESmulti/model/base/training_mixin.py:68:7
   |
68 | class PatchedTrainRunner(OrigTrainRunner):
   |       ^^^^^^^^^^^^^^^^^^
69 |     def __init__(self, *args, **kwargs):
70 |         super().__init__(*args, **kwargs)
   |

D102 Missing docstring in public method
  --> src/spVIPESmulti/model/base/training_mixin.py:72:9
   |
70 |         super().__init__(*args, **kwargs)
71 |
72 |     def __call__(self):
   |         ^^^^^^^^
73 |         import lightning as pl
74 |         from packaging import version
   |

B904 Within an `except` clause, raise exceptions with `raise ... from err` or `raise ... from None` to distinguish them from errors in exception handling
   --> src/spVIPESmulti/model/base/training_mixin.py:98:17
    |
 96 |                   )
 97 |               except TypeError as e:
 98 | /                 raise RuntimeError(f"PatchedTrainRunner: Trainer.fit argument mismatch (Lightning {lightning_version}): {e}\n"
 99 | |                                    f"training_plan={type(self.training_plan)}, data_splitter={type(self.data_splitter)}")
    | |_________________________________________________________________________________________________________________________^
100 |           else:
101 |               try:
    |

B904 Within an `except` clause, raise exceptions with `raise ... from err` or `raise ... from None` to distinguish them from errors in exception handling
   --> src/spVIPESmulti/model/base/training_mixin.py:108:17
    |
106 |                   )
107 |               except TypeError as e:
108 | /                 raise RuntimeError(f"PatchedTrainRunner: Trainer.fit argument mismatch (Lightning {lightning_version}): {e}\n"
109 | |                                    f"training_plan={type(self.training_plan)}, data_splitter={type(self.data_splitter)}")
    | |_________________________________________________________________________________________________________________________^
110 |
111 |           # Post-fit bookkeeping (mirrors TrainRunner.__call__)
    |

E402 Module level import not at top of file
   --> src/spVIPESmulti/model/base/training_mixin.py:121:1
    |
119 |         self.model.trainer = self.trainer
120 |
121 | from spVIPESmulti.data._multi_datasplitter import MultiGroupDataSplitter
    | ^^^^^^^^^^^^^^^^^^^^^^^^^^^^^^^^^^^^^^^^^^^^^^^^^^^^^^^^^^^^^^^^^^^^^^^^
122 | from spVIPESmulti.utils import resolve_group_indices_list
    |

E402 Module level import not at top of file
   --> src/spVIPESmulti/model/base/training_mixin.py:122:1
    |
121 | from spVIPESmulti.data._multi_datasplitter import MultiGroupDataSplitter
122 | from spVIPESmulti.utils import resolve_group_indices_list
    | ^^^^^^^^^^^^^^^^^^^^^^^^^^^^^^^^^^^^^^^^^^^^^^^^^^^^^^^^^
    |

UP045 [*] Use `X | None` for type annotations
   --> src/spVIPESmulti/model/base/training_mixin.py:130:29
    |
128 |     def train(
129 |         self,
130 |         group_indices_list: Optional[list[list[int]]] = None,
    |                             ^^^^^^^^^^^^^^^^^^^^^^^^^
131 |         batch_size: Optional[int] = 128,
132 |         max_epochs: Optional[int] = None,
    |
help: Convert to `X | None`

UP045 [*] Use `X | None` for type annotations
   --> src/spVIPESmulti/model/base/training_mixin.py:131:21
    |
129 |         self,
130 |         group_indices_list: Optional[list[list[int]]] = None,
131 |         batch_size: Optional[int] = 128,
    |                     ^^^^^^^^^^^^^
132 |         max_epochs: Optional[int] = None,
133 |         train_size: float = 0.9,
    |
help: Convert to `X | None`

UP045 [*] Use `X | None` for type annotations
   --> src/spVIPESmulti/model/base/training_mixin.py:132:21
    |
130 |         group_indices_list: Optional[list[list[int]]] = None,
131 |         batch_size: Optional[int] = 128,
132 |         max_epochs: Optional[int] = None,
    |                     ^^^^^^^^^^^^^
133 |         train_size: float = 0.9,
134 |         validation_size: Optional[float] = None,
    |
help: Convert to `X | None`

UP045 [*] Use `X | None` for type annotations
   --> src/spVIPESmulti/model/base/training_mixin.py:134:26
    |
132 |         max_epochs: Optional[int] = None,
133 |         train_size: float = 0.9,
134 |         validation_size: Optional[float] = None,
    |                          ^^^^^^^^^^^^^^^
135 |         early_stopping: bool = False,
136 |         plan_kwargs: Optional[dict] = None,
    |
help: Convert to `X | None`

UP045 [*] Use `X | None` for type annotations
   --> src/spVIPESmulti/model/base/training_mixin.py:136:22
    |
134 |         validation_size: Optional[float] = None,
135 |         early_stopping: bool = False,
136 |         plan_kwargs: Optional[dict] = None,
    |                      ^^^^^^^^^^^^^^
137 |         n_steps_kl_warmup: Optional[int] = None,
138 |         n_epochs_kl_warmup: Optional[int] = 400,
    |
help: Convert to `X | None`

UP045 [*] Use `X | None` for type annotations
   --> src/spVIPESmulti/model/base/training_mixin.py:137:28
    |
135 |         early_stopping: bool = False,
136 |         plan_kwargs: Optional[dict] = None,
137 |         n_steps_kl_warmup: Optional[int] = None,
    |                            ^^^^^^^^^^^^^
138 |         n_epochs_kl_warmup: Optional[int] = 400,
139 |         num_workers: int = 0,
    |
help: Convert to `X | None`

UP045 [*] Use `X | None` for type annotations
   --> src/spVIPESmulti/model/base/training_mixin.py:138:29
    |
136 |         plan_kwargs: Optional[dict] = None,
137 |         n_steps_kl_warmup: Optional[int] = None,
138 |         n_epochs_kl_warmup: Optional[int] = 400,
    |                             ^^^^^^^^^^^^^
139 |         num_workers: int = 0,
140 |         **trainer_kwargs,
    |
help: Convert to `X | None`

UP045 [*] Use `X | None` for type annotations
   --> src/spVIPESmulti/model/spvipesmulti.py:184:42
    |
182 |         nf_target: str = "shared",
183 |         disentangle_preset: str = "off",
184 |         disentangle_group_shared_weight: Optional[float] = None,
    |                                          ^^^^^^^^^^^^^^^
185 |         disentangle_label_shared_weight: Optional[float] = None,
186 |         disentangle_group_private_weight: Optional[float] = None,
    |
help: Convert to `X | None`

UP045 [*] Use `X | None` for type annotations
   --> src/spVIPESmulti/model/spvipesmulti.py:185:42
    |
183 |         disentangle_preset: str = "off",
184 |         disentangle_group_shared_weight: Optional[float] = None,
185 |         disentangle_label_shared_weight: Optional[float] = None,
    |                                          ^^^^^^^^^^^^^^^
186 |         disentangle_group_private_weight: Optional[float] = None,
187 |         disentangle_label_private_weight: Optional[float] = None,
    |
help: Convert to `X | None`

UP045 [*] Use `X | None` for type annotations
   --> src/spVIPESmulti/model/spvipesmulti.py:186:43
    |
184 |         disentangle_group_shared_weight: Optional[float] = None,
185 |         disentangle_label_shared_weight: Optional[float] = None,
186 |         disentangle_group_private_weight: Optional[float] = None,
    |                                           ^^^^^^^^^^^^^^^
187 |         disentangle_label_private_weight: Optional[float] = None,
188 |         disentangle_batch_shared_weight: Optional[float] = None,
    |
help: Convert to `X | None`

UP045 [*] Use `X | None` for type annotations
   --> src/spVIPESmulti/model/spvipesmulti.py:187:43
    |
185 |         disentangle_label_shared_weight: Optional[float] = None,
186 |         disentangle_group_private_weight: Optional[float] = None,
187 |         disentangle_label_private_weight: Optional[float] = None,
    |                                           ^^^^^^^^^^^^^^^
188 |         disentangle_batch_shared_weight: Optional[float] = None,
189 |         disentangle_donor_shared_weight: Optional[float] = None,
    |
help: Convert to `X | None`

UP045 [*] Use `X | None` for type annotations
   --> src/spVIPESmulti/model/spvipesmulti.py:188:42
    |
186 |         disentangle_group_private_weight: Optional[float] = None,
187 |         disentangle_label_private_weight: Optional[float] = None,
188 |         disentangle_batch_shared_weight: Optional[float] = None,
    |                                          ^^^^^^^^^^^^^^^
189 |         disentangle_donor_shared_weight: Optional[float] = None,
190 |         disentangle_donor_private_weight: Optional[float] = None,
    |
help: Convert to `X | None`

UP045 [*] Use `X | None` for type annotations
   --> src/spVIPESmulti/model/spvipesmulti.py:189:42
    |
187 |         disentangle_label_private_weight: Optional[float] = None,
188 |         disentangle_batch_shared_weight: Optional[float] = None,
189 |         disentangle_donor_shared_weight: Optional[float] = None,
    |                                          ^^^^^^^^^^^^^^^
190 |         disentangle_donor_private_weight: Optional[float] = None,
191 |         contrastive_weight: Optional[float] = None,
    |
help: Convert to `X | None`

UP045 [*] Use `X | None` for type annotations
   --> src/spVIPESmulti/model/spvipesmulti.py:190:43
    |
188 |         disentangle_batch_shared_weight: Optional[float] = None,
189 |         disentangle_donor_shared_weight: Optional[float] = None,
190 |         disentangle_donor_private_weight: Optional[float] = None,
    |                                           ^^^^^^^^^^^^^^^
191 |         contrastive_weight: Optional[float] = None,
192 |         orthogonality_weight: Optional[float] = None,
    |
help: Convert to `X | None`

UP045 [*] Use `X | None` for type annotations
   --> src/spVIPESmulti/model/spvipesmulti.py:191:29
    |
189 |         disentangle_donor_shared_weight: Optional[float] = None,
190 |         disentangle_donor_private_weight: Optional[float] = None,
191 |         contrastive_weight: Optional[float] = None,
    |                             ^^^^^^^^^^^^^^^
192 |         orthogonality_weight: Optional[float] = None,
193 |         contrastive_temperature: float = 0.1,
    |
help: Convert to `X | None`

UP045 [*] Use `X | None` for type annotations
   --> src/spVIPESmulti/model/spvipesmulti.py:192:31
    |
190 |         disentangle_donor_private_weight: Optional[float] = None,
191 |         contrastive_weight: Optional[float] = None,
192 |         orthogonality_weight: Optional[float] = None,
    |                               ^^^^^^^^^^^^^^^
193 |         contrastive_temperature: float = 0.1,
194 |         disentangle_warmup: bool = True,
    |
help: Convert to `X | None`

UP045 [*] Use `X | None` for type annotations
   --> src/spVIPESmulti/model/spvipesmulti.py:195:32
    |
193 |         contrastive_temperature: float = 0.1,
194 |         disentangle_warmup: bool = True,
195 |         modality_loss_weights: Optional[dict] = None,
    |                                ^^^^^^^^^^^^^^
196 |         use_jeffreys_integ: bool = False,
197 |         jeffreys_integ_weight: float = 1.0,
    |
help: Convert to `X | None`

UP045 [*] Use `X | None` for type annotations
   --> src/spVIPESmulti/model/spvipesmulti.py:198:29
    |
196 |         use_jeffreys_integ: bool = False,
197 |         jeffreys_integ_weight: float = 1.0,
198 |         group_loss_weights: Optional[list] = None,
    |                             ^^^^^^^^^^^^^^
199 |         **model_kwargs,
200 |     ):
    |
help: Convert to `X | None`

UP045 [*] Use `X | None` for type annotations
   --> src/spVIPESmulti/model/spvipesmulti.py:233:30
    |
231 |         # minority cell types (e.g. Activated MZ n≈200 vs Atypical n≈3155)
232 |         # receive proportionally larger gradient signals.
233 |         label_class_weights: Optional[torch.Tensor] = None
    |                              ^^^^^^^^^^^^^^^^^^^^^^
234 |         if use_labels and n_labels is not None:
235 |             label_codes = self.adata_manager.get_from_registry("labels")
    |
help: Convert to `X | None`

UP045 [*] Use `X | None` for type annotations
   --> src/spVIPESmulti/model/spvipesmulti.py:340:20
    |
338 |         adata: AnnData,
339 |         groups_key: str,
340 |         label_key: Optional[str] = None,
    |                    ^^^^^^^^^^^^^
341 |         sample_key: Optional[str] = None,
342 |         condition_key: Optional[str] = None,
    |
help: Convert to `X | None`

UP045 [*] Use `X | None` for type annotations
   --> src/spVIPESmulti/model/spvipesmulti.py:341:21
    |
339 |         groups_key: str,
340 |         label_key: Optional[str] = None,
341 |         sample_key: Optional[str] = None,
    |                     ^^^^^^^^^^^^^
342 |         condition_key: Optional[str] = None,
343 |         donor_key: Optional[str] = None,
    |
help: Convert to `X | None`

UP045 [*] Use `X | None` for type annotations
   --> src/spVIPESmulti/model/spvipesmulti.py:342:24
    |
340 |         label_key: Optional[str] = None,
341 |         sample_key: Optional[str] = None,
342 |         condition_key: Optional[str] = None,
    |                        ^^^^^^^^^^^^^
343 |         donor_key: Optional[str] = None,
344 |         batch_key: Optional[str] = None,
    |
help: Convert to `X | None`

UP045 [*] Use `X | None` for type annotations
   --> src/spVIPESmulti/model/spvipesmulti.py:343:20
    |
341 |         sample_key: Optional[str] = None,
342 |         condition_key: Optional[str] = None,
343 |         donor_key: Optional[str] = None,
    |                    ^^^^^^^^^^^^^
344 |         batch_key: Optional[str] = None,
345 |         layer: Optional[str] = None,
    |
help: Convert to `X | None`

UP045 [*] Use `X | None` for type annotations
   --> src/spVIPESmulti/model/spvipesmulti.py:344:20
    |
342 |         condition_key: Optional[str] = None,
343 |         donor_key: Optional[str] = None,
344 |         batch_key: Optional[str] = None,
    |                    ^^^^^^^^^^^^^
345 |         layer: Optional[str] = None,
346 |         modality_likelihoods: Optional[dict[str, str]] = None,
    |
help: Convert to `X | None`

UP045 [*] Use `X | None` for type annotations
   --> src/spVIPESmulti/model/spvipesmulti.py:345:16
    |
343 |         donor_key: Optional[str] = None,
344 |         batch_key: Optional[str] = None,
345 |         layer: Optional[str] = None,
    |                ^^^^^^^^^^^^^
346 |         modality_likelihoods: Optional[dict[str, str]] = None,
347 |         **kwargs,
    |
help: Convert to `X | None`

UP045 [*] Use `X | None` for type annotations
   --> src/spVIPESmulti/model/spvipesmulti.py:346:31
    |
344 |         batch_key: Optional[str] = None,
345 |         layer: Optional[str] = None,
346 |         modality_likelihoods: Optional[dict[str, str]] = None,
    |                               ^^^^^^^^^^^^^^^^^^^^^^^^
347 |         **kwargs,
348 |     ) -> None:
    |
help: Convert to `X | None`

UP045 [*] Use `X | None` for type annotations
   --> src/spVIPESmulti/model/spvipesmulti.py:422:29
    |
420 |     def get_latent_representation(
421 |         self,
422 |         group_indices_list: Optional[list[list[int]]] = None,
    |                             ^^^^^^^^^^^^^^^^^^^^^^^^^
423 |         adata: Optional[AnnData] = None,
424 |         indices: Optional[Sequence[int]] = None,
    |
help: Convert to `X | None`

UP045 [*] Use `X | None` for type annotations
   --> src/spVIPESmulti/model/spvipesmulti.py:423:16
    |
421 |         self,
422 |         group_indices_list: Optional[list[list[int]]] = None,
423 |         adata: Optional[AnnData] = None,
    |                ^^^^^^^^^^^^^^^^^
424 |         indices: Optional[Sequence[int]] = None,
425 |         normalized: bool = False,
    |
help: Convert to `X | None`

UP045 [*] Use `X | None` for type annotations
   --> src/spVIPESmulti/model/spvipesmulti.py:424:18
    |
422 |         group_indices_list: Optional[list[list[int]]] = None,
423 |         adata: Optional[AnnData] = None,
424 |         indices: Optional[Sequence[int]] = None,
    |                  ^^^^^^^^^^^^^^^^^^^^^^^
425 |         normalized: bool = False,
426 |         give_mean: bool = True,
    |
help: Convert to `X | None`

UP045 [*] Use `X | None` for type annotations
   --> src/spVIPESmulti/model/spvipesmulti.py:428:21
    |
426 |         give_mean: bool = True,
427 |         mc_samples: int = 5000,
428 |         batch_size: Optional[int] = None,
    |                     ^^^^^^^^^^^^^
429 |         drop_last: Optional[bool] = None,
430 |     ) -> np.ndarray:
    |
help: Convert to `X | None`

UP045 [*] Use `X | None` for type annotations
   --> src/spVIPESmulti/model/spvipesmulti.py:429:20
    |
427 |         mc_samples: int = 5000,
428 |         batch_size: Optional[int] = None,
429 |         drop_last: Optional[bool] = None,
    |                    ^^^^^^^^^^^^^^
430 |     ) -> np.ndarray:
431 |         """
    |
help: Convert to `X | None`

UP045 [*] Use `X | None` for type annotations
   --> src/spVIPESmulti/model/spvipesmulti.py:489:29
    |
487 |     def embed(
488 |         self,
489 |         group_indices_list: Optional[list[list[int]]] = None,
    |                             ^^^^^^^^^^^^^^^^^^^^^^^^^
490 |         adata: Optional[AnnData] = None,
491 |         batch_size: Optional[int] = None,
    |
help: Convert to `X | None`

UP045 [*] Use `X | None` for type annotations
   --> src/spVIPESmulti/model/spvipesmulti.py:490:16
    |
488 |         self,
489 |         group_indices_list: Optional[list[list[int]]] = None,
490 |         adata: Optional[AnnData] = None,
    |                ^^^^^^^^^^^^^^^^^
491 |         batch_size: Optional[int] = None,
492 |         prefix: str = "spvm",
    |
help: Convert to `X | None`

UP045 [*] Use `X | None` for type annotations
   --> src/spVIPESmulti/model/spvipesmulti.py:491:21
    |
489 |         group_indices_list: Optional[list[list[int]]] = None,
490 |         adata: Optional[AnnData] = None,
491 |         batch_size: Optional[int] = None,
    |                     ^^^^^^^^^^^^^
492 |         prefix: str = "spvm",
493 |         overwrite: bool = False,
    |
help: Convert to `X | None`

UP045 [*] Use `X | None` for type annotations
   --> src/spVIPESmulti/model/spvipesmulti.py:598:29
    |
596 |     def get_shared_posterior(
597 |         self,
598 |         group_indices_list: Optional[list[list[int]]] = None,
    |                             ^^^^^^^^^^^^^^^^^^^^^^^^^
599 |         adata: Optional[AnnData] = None,
600 |         batch_size: Optional[int] = None,
    |
help: Convert to `X | None`

UP045 [*] Use `X | None` for type annotations
   --> src/spVIPESmulti/model/spvipesmulti.py:599:16
    |
597 |         self,
598 |         group_indices_list: Optional[list[list[int]]] = None,
599 |         adata: Optional[AnnData] = None,
    |                ^^^^^^^^^^^^^^^^^
600 |         batch_size: Optional[int] = None,
601 |         drop_last: Optional[bool] = None,
    |
help: Convert to `X | None`

UP045 [*] Use `X | None` for type annotations
   --> src/spVIPESmulti/model/spvipesmulti.py:600:21
    |
598 |         group_indices_list: Optional[list[list[int]]] = None,
599 |         adata: Optional[AnnData] = None,
600 |         batch_size: Optional[int] = None,
    |                     ^^^^^^^^^^^^^
601 |         drop_last: Optional[bool] = None,
602 |     ) -> dict[str, object]:
    |
help: Convert to `X | None`

UP045 [*] Use `X | None` for type annotations
   --> src/spVIPESmulti/model/spvipesmulti.py:601:20
    |
599 |         adata: Optional[AnnData] = None,
600 |         batch_size: Optional[int] = None,
601 |         drop_last: Optional[bool] = None,
    |                    ^^^^^^^^^^^^^^
602 |     ) -> dict[str, object]:
603 |         """Return shared posterior parameters for each group.
    |
help: Convert to `X | None`

UP045 [*] Use `X | None` for type annotations
   --> src/spVIPESmulti/model/spvipesmulti.py:653:24
    |
651 |         adata: AnnData,
652 |         shared_posterior: dict[str, object],
653 |         sample_subset: Optional[Sequence[str]] = None,
    |                        ^^^^^^^^^^^^^^^^^^^^^^^
654 |     ) -> tuple[pd.DataFrame, dict[str, object]]:
655 |         """Aggregate shared posterior by (group, sample)."""
    |
help: Convert to `X | None`

UP045 [*] Use `X | None` for type annotations
   --> src/spVIPESmulti/model/spvipesmulti.py:716:29
    |
714 |     def get_aggregated_posterior(
715 |         self,
716 |         group_indices_list: Optional[list[list[int]]] = None,
    |                             ^^^^^^^^^^^^^^^^^^^^^^^^^
717 |         adata: Optional[AnnData] = None,
718 |         batch_size: Optional[int] = None,
    |
help: Convert to `X | None`

UP045 [*] Use `X | None` for type annotations
   --> src/spVIPESmulti/model/spvipesmulti.py:717:16
    |
715 |         self,
716 |         group_indices_list: Optional[list[list[int]]] = None,
717 |         adata: Optional[AnnData] = None,
    |                ^^^^^^^^^^^^^^^^^
718 |         batch_size: Optional[int] = None,
719 |         sample_subset: Optional[Sequence[str]] = None,
    |
help: Convert to `X | None`

UP045 [*] Use `X | None` for type annotations
   --> src/spVIPESmulti/model/spvipesmulti.py:718:21
    |
716 |         group_indices_list: Optional[list[list[int]]] = None,
717 |         adata: Optional[AnnData] = None,
718 |         batch_size: Optional[int] = None,
    |                     ^^^^^^^^^^^^^
719 |         sample_subset: Optional[Sequence[str]] = None,
720 |     ) -> dict[str, object]:
    |
help: Convert to `X | None`

UP045 [*] Use `X | None` for type annotations
   --> src/spVIPESmulti/model/spvipesmulti.py:719:24
    |
717 |         adata: Optional[AnnData] = None,
718 |         batch_size: Optional[int] = None,
719 |         sample_subset: Optional[Sequence[str]] = None,
    |                        ^^^^^^^^^^^^^^^^^^^^^^^
720 |     ) -> dict[str, object]:
721 |         """Aggregate shared posterior by sample within each group.
    |
help: Convert to `X | None`

UP045 [*] Use `X | None` for type annotations
   --> src/spVIPESmulti/model/spvipesmulti.py:757:18
    |
755 |     def differential_abundance(
756 |         self,
757 |         group_a: Optional[int] = None,
    |                  ^^^^^^^^^^^^^
758 |         group_b: Optional[int] = None,
759 |         group_indices_list: Optional[list[list[int]]] = None,
    |
help: Convert to `X | None`

UP045 [*] Use `X | None` for type annotations
   --> src/spVIPESmulti/model/spvipesmulti.py:758:18
    |
756 |         self,
757 |         group_a: Optional[int] = None,
758 |         group_b: Optional[int] = None,
    |                  ^^^^^^^^^^^^^
759 |         group_indices_list: Optional[list[list[int]]] = None,
760 |         adata: Optional[AnnData] = None,
    |
help: Convert to `X | None`

UP045 [*] Use `X | None` for type annotations
   --> src/spVIPESmulti/model/spvipesmulti.py:759:29
    |
757 |         group_a: Optional[int] = None,
758 |         group_b: Optional[int] = None,
759 |         group_indices_list: Optional[list[list[int]]] = None,
    |                             ^^^^^^^^^^^^^^^^^^^^^^^^^
760 |         adata: Optional[AnnData] = None,
761 |         batch_size: Optional[int] = None,
    |
help: Convert to `X | None`

UP045 [*] Use `X | None` for type annotations
   --> src/spVIPESmulti/model/spvipesmulti.py:760:16
    |
758 |         group_b: Optional[int] = None,
759 |         group_indices_list: Optional[list[list[int]]] = None,
760 |         adata: Optional[AnnData] = None,
    |                ^^^^^^^^^^^^^^^^^
761 |         batch_size: Optional[int] = None,
762 |         sample_subset: Optional[Sequence[str]] = None,
    |
help: Convert to `X | None`

UP045 [*] Use `X | None` for type annotations
   --> src/spVIPESmulti/model/spvipesmulti.py:761:21
    |
759 |         group_indices_list: Optional[list[list[int]]] = None,
760 |         adata: Optional[AnnData] = None,
761 |         batch_size: Optional[int] = None,
    |                     ^^^^^^^^^^^^^
762 |         sample_subset: Optional[Sequence[str]] = None,
763 |     ) -> dict[str, object]:
    |
help: Convert to `X | None`

UP045 [*] Use `X | None` for type annotations
   --> src/spVIPESmulti/model/spvipesmulti.py:762:24
    |
760 |         adata: Optional[AnnData] = None,
761 |         batch_size: Optional[int] = None,
762 |         sample_subset: Optional[Sequence[str]] = None,
    |                        ^^^^^^^^^^^^^^^^^^^^^^^
763 |     ) -> dict[str, object]:
764 |         """Compute per-cell differential abundance score in shared latent space.
    |
help: Convert to `X | None`

UP045 [*] Use `X | None` for type annotations
   --> src/spVIPESmulti/model/spvipesmulti.py:884:16
    |
882 |         network: pd.DataFrame,
883 |         *,
884 |         adata: Optional[AnnData] = None,
    |                ^^^^^^^^^^^^^^^^^
885 |         methods: Optional[Sequence[str]] = None,
886 |         source_col: str = "source",
    |
help: Convert to `X | None`

UP045 [*] Use `X | None` for type annotations
   --> src/spVIPESmulti/model/spvipesmulti.py:885:18
    |
883 |         *,
884 |         adata: Optional[AnnData] = None,
885 |         methods: Optional[Sequence[str]] = None,
    |                  ^^^^^^^^^^^^^^^^^^^^^^^
886 |         source_col: str = "source",
887 |         target_col: str = "target",
    |
help: Convert to `X | None`

UP045 [*] Use `X | None` for type annotations
    --> src/spVIPESmulti/model/spvipesmulti.py:1072:16
     |
1070 |         groupby: str,
1071 |         *,
1072 |         adata: Optional[AnnData] = None,
     |                ^^^^^^^^^^^^^^^^^
1073 |         agg: str = "mean",
1074 |     ) -> pd.DataFrame:
     |
help: Convert to `X | None`

UP045 [*] Use `X | None` for type annotations
    --> src/spVIPESmulti/model/spvipesmulti.py:1115:16
     |
1113 |         groupby: str,
1114 |         *,
1115 |         adata: Optional[AnnData] = None,
     |                ^^^^^^^^^^^^^^^^^
1116 |         agg: str = "mean",
1117 |         top_n: int = 5,
     |
help: Convert to `X | None`

UP045 [*] Use `X | None` for type annotations
    --> src/spVIPESmulti/model/spvipesmulti.py:1119:20
     |
1117 |         top_n: int = 5,
1118 |         z_shared_key: str = "X_spvm_shared",
1119 |         label_key: Optional[str] = None,
     |                    ^^^^^^^^^^^^^
1120 |         k: int = 20,
1121 |         leiden_resolution: float = 0.8,
     |
help: Convert to `X | None`

UP045 [*] Use `X | None` for type annotations
    --> src/spVIPESmulti/model/spvipesmulti.py:1214:16
     |
1212 |         self,
1213 |         *,
1214 |         adata: Optional[AnnData] = None,
     |                ^^^^^^^^^^^^^^^^^
1215 |         group_indices_list: Optional[list[list[int]]] = None,
1216 |         batch_size: Optional[int] = None,
     |
help: Convert to `X | None`

UP045 [*] Use `X | None` for type annotations
    --> src/spVIPESmulti/model/spvipesmulti.py:1215:29
     |
1213 |         *,
1214 |         adata: Optional[AnnData] = None,
1215 |         group_indices_list: Optional[list[list[int]]] = None,
     |                             ^^^^^^^^^^^^^^^^^^^^^^^^^
1216 |         batch_size: Optional[int] = None,
1217 |         label_key: Optional[str] = None,
     |
help: Convert to `X | None`

UP045 [*] Use `X | None` for type annotations
    --> src/spVIPESmulti/model/spvipesmulti.py:1216:21
     |
1214 |         adata: Optional[AnnData] = None,
1215 |         group_indices_list: Optional[list[list[int]]] = None,
1216 |         batch_size: Optional[int] = None,
     |                     ^^^^^^^^^^^^^
1217 |         label_key: Optional[str] = None,
1218 |         z_shared_key: Optional[str] = None,
     |
help: Convert to `X | None`

UP045 [*] Use `X | None` for type annotations
    --> src/spVIPESmulti/model/spvipesmulti.py:1217:20
     |
1215 |         group_indices_list: Optional[list[list[int]]] = None,
1216 |         batch_size: Optional[int] = None,
1217 |         label_key: Optional[str] = None,
     |                    ^^^^^^^^^^^^^
1218 |         z_shared_key: Optional[str] = None,
1219 |         k: int = 20,
     |
help: Convert to `X | None`

UP045 [*] Use `X | None` for type annotations
    --> src/spVIPESmulti/model/spvipesmulti.py:1218:23
     |
1216 |         batch_size: Optional[int] = None,
1217 |         label_key: Optional[str] = None,
1218 |         z_shared_key: Optional[str] = None,
     |                       ^^^^^^^^^^^^^
1219 |         k: int = 20,
1220 |         leiden_resolution: float = 0.8,
     |
help: Convert to `X | None`

UP045 [*] Use `X | None` for type annotations
    --> src/spVIPESmulti/model/spvipesmulti.py:1333:25
     |
1332 | …     # ── Private latents ──────────────────────────────────────────────────
1333 | …     z_private_dict: Optional[dict[str, np.ndarray]] = None
     |                       ^^^^^^^^^^^^^^^^^^^^^^^^^^^^^^^
1334 | …     if include_private:
1335 | …         if not used_precomputed:
     |
help: Convert to `X | None`

B007 Loop control variable `idxs` not used within loop body
    --> src/spVIPESmulti/model/spvipesmulti.py:1339:25
     |
1337 |                 group_mapping = adata.uns.get("groups_mapping", {})
1338 |                 z_private_dict = {}
1339 |                 for gi, idxs in enumerate(group_indices_list):
     |                         ^^^^
1340 |                     token = (
1341 |                         str(group_mapping.get(gi, gi))
     |
help: Rename unused `idxs` to `_idxs`

B007 Loop control variable `idxs` not used within loop body
    --> src/spVIPESmulti/model/spvipesmulti.py:1358:25
     |
1356 |                 group_mapping = adata.uns.get("groups_mapping", {})
1357 |                 z_private_dict = {}
1358 |                 for gi, idxs in enumerate(group_indices_list):
     |                         ^^^^
1359 |                     token = (
1360 |                         str(group_mapping.get(gi, gi))
     |
help: Rename unused `idxs` to `_idxs`

BLE001 Do not catch blind exception: `Exception`
    --> src/spVIPESmulti/model/spvipesmulti.py:1402:28
     |
1400 |                     try:
1401 |                         value = float(value.iloc[0]) if hasattr(value, "iloc") else float(value)
1402 |                     except Exception:
     |                            ^^^^^^^^^
1403 |                         value = float(np.asarray(value).ravel()[0])
1404 |                     held_out_metrics[key] = value
     |

I001 [*] Import block is un-sorted or un-formatted
  --> src/spVIPESmulti/module/spVIPESmultimodule.py:2:1
   |
 1 |   """Main module."""
 2 | / from typing import Literal, Optional
 3 | |
 4 | | import numpy as np
 5 | | import torch
 6 | | import torch.nn.functional as F
 7 | | import zuko.flows
 8 | | from scvi import REGISTRY_KEYS
 9 | | from scvi.distributions import NegativeBinomialMixture
10 | | from scvi.module.base import BaseModuleClass, LossOutput, auto_move_data
11 | | from torch.distributions import Normal
12 | | from torch.distributions import kl_divergence as kl
13 | |
14 | | from scvi.nn import FCLayers
15 | | from spVIPESmulti.nn.networks import Encoder, LinearDecoderSPVIPE
16 | | from spVIPESmulti.module.utils import gradient_reversal
   | |_______________________________________________________^
   |
help: Organize imports

UP045 [*] Use `X | None` for type annotations
   --> src/spVIPESmulti/module/spVIPESmultimodule.py:276:19
    |
274 |         groups_var_indices,
275 |         use_labels: bool = False,
276 |         n_labels: Optional[int] = None,
    |                   ^^^^^^^^^^^^^
277 |         use_condition: bool = False,
278 |         n_conditions: Optional[int] = None,
    |
help: Convert to `X | None`

UP045 [*] Use `X | None` for type annotations
   --> src/spVIPESmulti/module/spVIPESmultimodule.py:278:23
    |
276 |         n_labels: Optional[int] = None,
277 |         use_condition: bool = False,
278 |         n_conditions: Optional[int] = None,
    |                       ^^^^^^^^^^^^^
279 |         use_donor: bool = False,
280 |         n_donors: Optional[int] = None,
    |
help: Convert to `X | None`

UP045 [*] Use `X | None` for type annotations
   --> src/spVIPESmulti/module/spVIPESmultimodule.py:280:19
    |
278 |         n_conditions: Optional[int] = None,
279 |         use_donor: bool = False,
280 |         n_donors: Optional[int] = None,
    |                   ^^^^^^^^^^^^^
281 |         use_batch_covariate: bool = False,
282 |         n_batch: int = 0,
    |
help: Convert to `X | None`

UP045 [*] Use `X | None` for type annotations
   --> src/spVIPESmulti/module/spVIPESmultimodule.py:293:34
    |
291 |         dispersion: Literal["gene", "gene-batch", "gene-cell"] = "gene",
292 |         # Multimodal parameters
293 |         groups_modality_lengths: Optional[dict] = None,
    |                                  ^^^^^^^^^^^^^^
294 |         groups_modality_var_indices: Optional[dict] = None,
295 |         modality_likelihoods: Optional[dict[str, str]] = None,
    |
help: Convert to `X | None`

UP045 [*] Use `X | None` for type annotations
   --> src/spVIPESmulti/module/spVIPESmultimodule.py:294:38
    |
292 |         # Multimodal parameters
293 |         groups_modality_lengths: Optional[dict] = None,
294 |         groups_modality_var_indices: Optional[dict] = None,
    |                                      ^^^^^^^^^^^^^^
295 |         modality_likelihoods: Optional[dict[str, str]] = None,
296 |         modality_names: Optional[list[str]] = None,
    |
help: Convert to `X | None`

UP045 [*] Use `X | None` for type annotations
   --> src/spVIPESmulti/module/spVIPESmultimodule.py:295:31
    |
293 |         groups_modality_lengths: Optional[dict] = None,
294 |         groups_modality_var_indices: Optional[dict] = None,
295 |         modality_likelihoods: Optional[dict[str, str]] = None,
    |                               ^^^^^^^^^^^^^^^^^^^^^^^^
296 |         modality_names: Optional[list[str]] = None,
297 |         groups_modality_masks: Optional[dict] = None,
    |
help: Convert to `X | None`

UP045 [*] Use `X | None` for type annotations
   --> src/spVIPESmulti/module/spVIPESmultimodule.py:296:25
    |
294 |         groups_modality_var_indices: Optional[dict] = None,
295 |         modality_likelihoods: Optional[dict[str, str]] = None,
296 |         modality_names: Optional[list[str]] = None,
    |                         ^^^^^^^^^^^^^^^^^^^
297 |         groups_modality_masks: Optional[dict] = None,
298 |         modality_loss_weights: Optional[dict[str, float]] = None,
    |
help: Convert to `X | None`

UP045 [*] Use `X | None` for type annotations
   --> src/spVIPESmulti/module/spVIPESmultimodule.py:297:32
    |
295 |         modality_likelihoods: Optional[dict[str, str]] = None,
296 |         modality_names: Optional[list[str]] = None,
297 |         groups_modality_masks: Optional[dict] = None,
    |                                ^^^^^^^^^^^^^^
298 |         modality_loss_weights: Optional[dict[str, float]] = None,
299 |         use_jeffreys_integ: bool = False,
    |
help: Convert to `X | None`

UP045 [*] Use `X | None` for type annotations
   --> src/spVIPESmulti/module/spVIPESmultimodule.py:298:32
    |
296 |         modality_names: Optional[list[str]] = None,
297 |         groups_modality_masks: Optional[dict] = None,
298 |         modality_loss_weights: Optional[dict[str, float]] = None,
    |                                ^^^^^^^^^^^^^^^^^^^^^^^^^^
299 |         use_jeffreys_integ: bool = False,
300 |         jeffreys_integ_weight: float = 1.0,
    |
help: Convert to `X | None`

UP045 [*] Use `X | None` for type annotations
   --> src/spVIPESmulti/module/spVIPESmultimodule.py:319:29
    |
317 |         contrastive_temperature: float = 0.1,
318 |         disentangle_warmup: bool = True,
319 |         group_loss_weights: Optional[list[float]] = None,
    |                             ^^^^^^^^^^^^^^^^^^^^^
320 |         strict_likelihood_support: bool = False,
321 |         validate_observations: bool = False,
    |
help: Convert to `X | None`

UP045 [*] Use `X | None` for type annotations
   --> src/spVIPESmulti/module/spVIPESmultimodule.py:325:30
    |
323 |         use_low_rank_mixer: bool = False,
324 |         low_rank_mixer_rank: int = 4,
325 |         label_class_weights: Optional[torch.Tensor] = None,
    |                              ^^^^^^^^^^^^^^^^^^^^^^
326 |         compute_orthogonality_metric: bool = False,
327 |         orthogonality_groupby_keys: tuple[str, ...] = ("sample",),
    |
help: Convert to `X | None`

B905 `zip()` without an explicit `strict=` parameter
   --> src/spVIPESmulti/module/spVIPESmultimodule.py:469:66
    |
468 |             # Register sub-modules
469 |             for (groups, values_encoder), (_, values_decoder) in zip(self.encoders.items(), self.decoders.items()):
    |                                                                  ^^^^^^^^^^^^^^^^^^^^^^^^^^^^^^^^^^^^^^^^^^^^^^^^^
470 |                 self.add_module(f"encoder_{groups}_shared", values_encoder["shared"])
471 |                 self.add_module(f"encoder_{groups}_private", values_encoder["private"])
    |
help: Add explicit value for parameter `strict=`

UP045 [*] Use `X | None` for type annotations
   --> src/spVIPESmulti/module/spVIPESmultimodule.py:577:38
    |
575 |         if group_loss_weights is not None:
576 |             s = sum(group_loss_weights)
577 |             self.group_loss_weights: Optional[list[float]] = [w / s for w in group_loss_weights]
    |                                      ^^^^^^^^^^^^^^^^^^^^^
578 |         else:
579 |             self.group_loss_weights = None
    |
help: Convert to `X | None`

C408 Unnecessary `dict()` call (rewrite as a literal)
   --> src/spVIPESmulti/module/spVIPESmultimodule.py:581:23
    |
579 |             self.group_loss_weights = None
580 |
581 |         _clf_kwargs = dict(n_layers=2, n_hidden=64, dropout_rate=0.1, use_batch_norm=True)
    |                       ^^^^^^^^^^^^^^^^^^^^^^^^^^^^^^^^^^^^^^^^^^^^^^^^^^^^^^^^^^^^^^^^^^^^
582 |
583 |         # Classifier 2: adversarial — erase group info from z_shared
    |
help: Rewrite as a literal

B905 `zip()` without an explicit `strict=` parameter
   --> src/spVIPESmulti/module/spVIPESmultimodule.py:806:47
    |
804 |         shared_stats = {}
805 |
806 |         for group, (item, batch) in enumerate(zip(x.values(), batch_index)):
    |                                               ^^^^^^^^^^^^^^^^^^^^^^^^^^^^
807 |             private_encoder = self.encoders[group]["private"]
808 |             shared_encoder = self.encoders[group]["shared"]
    |
help: Add explicit value for parameter `strict=`

UP045 [*] Use `X | None` for type annotations
   --> src/spVIPESmulti/module/spVIPESmultimodule.py:932:17
    |
930 |         self,
931 |         shared_stats,
932 |         labels: Optional[dict[int, torch.Tensor]],
    |                 ^^^^^^^^^^^^^^^^^^^^^^^^^^^^^^^^^
933 |     ):
934 |         if self.use_labels and labels is not None:
    |
help: Convert to `X | None`

F841 Local variable `n_groups` is assigned to but never used
    --> src/spVIPESmulti/module/spVIPESmultimodule.py:1035:9
     |
1033 |         stat_keys = ["logtheta_loc", "logtheta_logvar", "logtheta_scale"]
1034 |         group_keys = sorted(shared_stats.keys())
1035 |         n_groups = len(group_keys)
     |         ^^^^^^^^
1036 |
1037 |         # Extract per-group stats and labels
     |
help: Remove assignment to unused variable `n_groups`

B905 `zip()` without an explicit `strict=` parameter
    --> src/spVIPESmulti/module/spVIPESmultimodule.py:1176:38
     |
1175 |         poe_stats_out = {}
1176 |         for (group, stats), batch in zip(private_poe.items(), batch_index):
     |                                      ^^^^^^^^^^^^^^^^^^^^^^^^^^^^^^^^^^^^^
1177 |             key = str(group)
1178 |             decoder = self.decoders[group]
     |
help: Add explicit value for parameter `strict=`

F841 Local variable `poe_theta` is assigned to but never used
    --> src/spVIPESmulti/module/spVIPESmultimodule.py:1212:13
     |
1210 |             batch = batch_index[group]
1211 |             poe_log_z = poe_stats[group]["logtheta_log_z"]
1212 |             poe_theta = poe_stats[group]["logtheta_theta"]
     |             ^^^^^^^^^
1213 |
1214 |             for modality in self.group_modalities[group]:
     |
help: Remove assignment to unused variable `poe_theta`

F841 Local variable `private_theta` is assigned to but never used
    --> src/spVIPESmulti/module/spVIPESmultimodule.py:1222:17
     |
1221 |                 private_log_z = mod_private["log_z"]
1222 |                 private_theta = mod_private["theta"]
     |                 ^^^^^^^^^^^^^
1223 |
1224 |                 # Concatenate private + shared PoE
     |
help: Remove assignment to unused variable `private_theta`

B905 `zip()` without an explicit `strict=` parameter
   --> src/spVIPESmulti/nn/networks.py:133:27
    |
131 |         """
132 |         one_hot_cat_list = []
133 |         for n_cat, cat in zip(self.n_cat_list, cat_list):
    |                           ^^^^^^^^^^^^^^^^^^^^^^^^^^^^^^
134 |             if n_cat > 1:  # only proceed if there's more than one batch, if no batch key is specified this value == 1.
135 |                 if cat.size(1) != n_cat:
    |
help: Add explicit value for parameter `strict=`

UP045 [*] Use `X | None` for type annotations
  --> src/spVIPESmulti/pl.py:65:18
   |
64 | def heatmap_loadings(
65 |     loadings_df: Optional[pd.DataFrame] = None,
   |                  ^^^^^^^^^^^^^^^^^^^^^^
66 |     *,
67 |     model: object = None,
   |
help: Convert to `X | None`

UP045 [*] Use `X | None` for type annotations
  --> src/spVIPESmulti/pl.py:71:14
   |
69 |     latent_type: str = "shared",
70 |     n_top: int = 5,
71 |     figsize: Optional[tuple[float, float]] = None,
   |              ^^^^^^^^^^^^^^^^^^^^^^^^^^^^^
72 |     ax: Optional["Axes"] = None,
73 | ) -> "Axes":
   |
help: Convert to `X | None`

UP045 [*] Use `X | None` for type annotations
  --> src/spVIPESmulti/pl.py:72:9
   |
70 |     n_top: int = 5,
71 |     figsize: Optional[tuple[float, float]] = None,
72 |     ax: Optional["Axes"] = None,
   |         ^^^^^^^^^^^^^^^^
73 | ) -> "Axes":
74 |     """Heatmap of the top-*n_top* genes by absolute loading per latent dimension.
   |
help: Convert to `X | None`

UP037 [*] Remove quotes from type annotation
  --> src/spVIPESmulti/pl.py:72:18
   |
70 |     n_top: int = 5,
71 |     figsize: Optional[tuple[float, float]] = None,
72 |     ax: Optional["Axes"] = None,
   |                  ^^^^^^
73 | ) -> "Axes":
74 |     """Heatmap of the top-*n_top* genes by absolute loading per latent dimension.
   |
help: Remove quotes

UP037 [*] Remove quotes from type annotation
  --> src/spVIPESmulti/pl.py:73:6
   |
71 |     figsize: Optional[tuple[float, float]] = None,
72 |     ax: Optional["Axes"] = None,
73 | ) -> "Axes":
   |      ^^^^^^
74 |     """Heatmap of the top-*n_top* genes by absolute loading per latent dimension.
   |
help: Remove quotes

B904 Within an `except` clause, raise exceptions with `raise ... from err` or `raise ... from None` to distinguish them from errors in exception handling
   --> src/spVIPESmulti/pl.py:109:9
    |
107 |           import seaborn as sns
108 |       except ImportError:
109 | /         raise ImportError(
110 | |             "seaborn is required for heatmap_loadings. "
111 | |             "Install it with: pip install seaborn"
112 | |         )
    | |_________^
113 |       import matplotlib.pyplot as plt
    |

B905 `zip()` without an explicit `strict=` parameter
   --> src/spVIPESmulti/pl.py:125:29
    |
123 |       display_to_raw = {
124 |           display: raw
125 |           for raw, display in zip(
    |  _____________________________^
126 | |             df.index.tolist(),
127 | |             _strip_group_gene_prefix(df.index.tolist(), gene_prefix),
128 | |         )
    | |_________^
129 |       }
    |
help: Add explicit value for parameter `strict=`

UP037 [*] Remove quotes from type annotation
   --> src/spVIPESmulti/pl.py:171:12
    |
170 | def umap_shared(
171 |     adata: "AnnData",
    |            ^^^^^^^^^
172 |     color: Union[str, list[str]],
173 |     basis: str = "X_umap_spvipesmulti_shared",
    |
help: Remove quotes

UP007 [*] Use `X | Y` for type annotations
   --> src/spVIPESmulti/pl.py:172:12
    |
170 | def umap_shared(
171 |     adata: "AnnData",
172 |     color: Union[str, list[str]],
    |            ^^^^^^^^^^^^^^^^^^^^^
173 |     basis: str = "X_umap_spvipesmulti_shared",
174 |     **kwargs,
    |
help: Convert to `X | Y`

UP037 [*] Remove quotes from type annotation
   --> src/spVIPESmulti/pl.py:207:33
    |
206 | def umap_private(
207 |     adatas_per_group: dict[str, "AnnData"],
    |                                 ^^^^^^^^^
208 |     color: Union[str, list[str]],
209 |     basis: str = "X_umap_spvipesmulti_private",
    |
help: Remove quotes

UP007 [*] Use `X | Y` for type annotations
   --> src/spVIPESmulti/pl.py:208:12
    |
206 | def umap_private(
207 |     adatas_per_group: dict[str, "AnnData"],
208 |     color: Union[str, list[str]],
    |            ^^^^^^^^^^^^^^^^^^^^^
209 |     basis: str = "X_umap_spvipesmulti_private",
210 |     ncols: int = 3,
    |
help: Convert to `X | Y`

UP045 [*] Use `X | None` for type annotations
   --> src/spVIPESmulti/pl.py:211:14
    |
209 |     basis: str = "X_umap_spvipesmulti_private",
210 |     ncols: int = 3,
211 |     figsize: Optional[tuple[float, float]] = None,
    |              ^^^^^^^^^^^^^^^^^^^^^^^^^^^^^
212 |     **kwargs,
213 | ) -> "plt.Figure":
    |
help: Convert to `X | None`

UP037 [*] Remove quotes from type annotation
   --> src/spVIPESmulti/pl.py:213:6
    |
211 |     figsize: Optional[tuple[float, float]] = None,
212 |     **kwargs,
213 | ) -> "plt.Figure":
    |      ^^^^^^^^^^^^
214 |     """Grid of per-group private UMAP panels.
    |
help: Remove quotes

UP037 [*] Remove quotes from type annotation
   --> src/spVIPESmulti/pl.py:282:12
    |
281 | def factor_violin(
282 |     adata: "AnnData",
    |            ^^^^^^^^^
283 |     dim_idx: int,
284 |     groupby: str,
    |
help: Remove quotes

UP045 [*] Use `X | None` for type annotations
   --> src/spVIPESmulti/pl.py:287:9
    |
285 |     obsm_key: str,
286 |     latent_type: str = "private",
287 |     ax: Optional["Axes"] = None,
    |         ^^^^^^^^^^^^^^^^
288 |     **kwargs,
289 | ) -> None:
    |
help: Convert to `X | None`

UP037 [*] Remove quotes from type annotation
   --> src/spVIPESmulti/pl.py:287:18
    |
285 |     obsm_key: str,
286 |     latent_type: str = "private",
287 |     ax: Optional["Axes"] = None,
    |                  ^^^^^^
288 |     **kwargs,
289 | ) -> None:
    |
help: Remove quotes

UP045 [*] Use `X | None` for type annotations
   --> src/spVIPESmulti/pl.py:334:14
    |
332 | def training_curves(
333 |     model: object,
334 |     metrics: Optional[list[str]] = None,
    |              ^^^^^^^^^^^^^^^^^^^
335 |     figsize: Optional[tuple[float, float]] = None,
336 | ) -> "plt.Figure":
    |
help: Convert to `X | None`

UP045 [*] Use `X | None` for type annotations
   --> src/spVIPESmulti/pl.py:335:14
    |
333 |     model: object,
334 |     metrics: Optional[list[str]] = None,
335 |     figsize: Optional[tuple[float, float]] = None,
    |              ^^^^^^^^^^^^^^^^^^^^^^^^^^^^^
336 | ) -> "plt.Figure":
337 |     """Multi-panel plot of spVIPESmulti training history.
    |
help: Convert to `X | None`

UP037 [*] Remove quotes from type annotation
   --> src/spVIPESmulti/pl.py:336:6
    |
334 |     metrics: Optional[list[str]] = None,
335 |     figsize: Optional[tuple[float, float]] = None,
336 | ) -> "plt.Figure":
    |      ^^^^^^^^^^^^
337 |     """Multi-panel plot of spVIPESmulti training history.
    |
help: Remove quotes

UP037 [*] Remove quotes from type annotation
   --> src/spVIPESmulti/pl.py:473:12
    |
472 | def loadings_dotplot(
473 |     adata: "AnnData",
    |            ^^^^^^^^^
474 |     dims: Union[list[int], list[str]],
475 |     groupby: str,
    |
help: Remove quotes

UP007 [*] Use `X | Y` for type annotations
   --> src/spVIPESmulti/pl.py:474:11
    |
472 | def loadings_dotplot(
473 |     adata: "AnnData",
474 |     dims: Union[list[int], list[str]],
    |           ^^^^^^^^^^^^^^^^^^^^^^^^^^^
475 |     groupby: str,
476 |     *,
    |
help: Convert to `X | Y`

UP045 [*] Use `X | None` for type annotations
   --> src/spVIPESmulti/pl.py:477:18
    |
475 |     groupby: str,
476 |     *,
477 |     loadings_df: Optional[pd.DataFrame] = None,
    |                  ^^^^^^^^^^^^^^^^^^^^^^
478 |     model: object = None,
479 |     group_idx: int = 0,
    |
help: Convert to `X | None`

D403 [*] First word of the docstring should be capitalized: `scanpy` -> `Scanpy`
   --> src/spVIPESmulti/pl.py:484:5
    |
482 |       **kwargs,
483 |   ) -> None:
484 | /     """scanpy dotplot of top genes for selected latent dimensions.
485 | |
486 | |     For each requested dimension, the ``n_top`` genes with the largest
487 | |     absolute loadings are collected. A single :func:`scanpy.pl.dotplot` is
488 | |     then drawn with those gene sets as ``var_names``.
489 | |
490 | |     Parameters
491 | |     ----------
492 | |     adata:
493 | |         AnnData object (must contain the genes in its ``var_names``).
494 | |     dims:
495 | |         Latent dimensions to visualise. Either a list of integer indices
496 | |         (e.g. ``[0, 2, 4]``) or column name strings
497 | |         (e.g. ``["Z_shared_0", "Z_shared_2"]``).
498 | |     groupby:
499 | |         Column in ``adata.obs`` to group cells on the y-axis.
500 | |     loadings_df:
501 | |         Pre-computed loadings DataFrame. If ``None``, ``model`` must be provided.
502 | |     model:
503 | |         Fitted spVIPESmulti model.
504 | |     group_idx:
505 | |         Group index for ``model.get_loadings()``.
506 | |     latent_type:
507 | |         ``"shared"`` or ``"private"``.
508 | |     n_top:
509 | |         Number of top genes per dimension.
510 | |     **kwargs:
511 | |         Forwarded to :func:`scanpy.pl.dotplot`.
512 | |
513 | |     Examples
514 | |     --------
515 | |     >>> spVIPESmulti.pl.loadings_dotplot(
516 | |     ...     adata, dims=[0, 1, 2], groupby="cell_type", model=model, n_top=8
517 | |     ... )
518 | |     """
    | |_______^
519 |       import scanpy as sc
    |
help: Capitalize `scanpy` to `Scanpy`

UP045 [*] Use `X | None` for type annotations
   --> src/spVIPESmulti/pl.py:575:19
    |
573 |     scores_df: pd.DataFrame,
574 |     *,
575 |     group_labels: Optional[Sequence[object]] = None,
    |                   ^^^^^^^^^^^^^^^^^^^^^^^^^^
576 |     top_n: int = 20,
577 |     figsize: Optional[tuple[float, float]] = None,
    |
help: Convert to `X | None`

UP045 [*] Use `X | None` for type annotations
   --> src/spVIPESmulti/pl.py:577:14
    |
575 |     group_labels: Optional[Sequence[object]] = None,
576 |     top_n: int = 20,
577 |     figsize: Optional[tuple[float, float]] = None,
    |              ^^^^^^^^^^^^^^^^^^^^^^^^^^^^^
578 |     ax: Optional["Axes"] = None,
579 |     cmap: str = "RdBu_r",
    |
help: Convert to `X | None`

UP045 [*] Use `X | None` for type annotations
   --> src/spVIPESmulti/pl.py:578:9
    |
576 |     top_n: int = 20,
577 |     figsize: Optional[tuple[float, float]] = None,
578 |     ax: Optional["Axes"] = None,
    |         ^^^^^^^^^^^^^^^^
579 |     cmap: str = "RdBu_r",
580 |     center: float = 0.0,
    |
help: Convert to `X | None`

UP037 [*] Remove quotes from type annotation
   --> src/spVIPESmulti/pl.py:578:18
    |
576 |     top_n: int = 20,
577 |     figsize: Optional[tuple[float, float]] = None,
578 |     ax: Optional["Axes"] = None,
    |                  ^^^^^^
579 |     cmap: str = "RdBu_r",
580 |     center: float = 0.0,
    |
help: Remove quotes

UP037 [*] Remove quotes from type annotation
   --> src/spVIPESmulti/pl.py:581:6
    |
579 |     cmap: str = "RdBu_r",
580 |     center: float = 0.0,
581 | ) -> "Axes":
    |      ^^^^^^
582 |     """Heatmap of enrichment activity scores.
    |
help: Remove quotes

B904 Within an `except` clause, raise exceptions with `raise ... from err` or `raise ... from None` to distinguish them from errors in exception handling
   --> src/spVIPESmulti/pl.py:618:9
    |
616 |           import seaborn as sns
617 |       except ImportError:
618 | /         raise ImportError(
619 | |             "seaborn is required for enrichment_heatmap. "
620 | |             "Install it with: pip install seaborn"
621 | |         )
    | |_________^
622 |       import matplotlib.pyplot as plt
    |

UP037 [*] Remove quotes from type annotation
   --> src/spVIPESmulti/pl.py:650:12
    |
649 | def interpretation_dashboard(
650 |     adata: "AnnData",
    |            ^^^^^^^^^
651 |     scores_df: pd.DataFrame,
652 |     groupby: str,
    |
help: Remove quotes

UP037 [*] Remove quotes from type annotation
   --> src/spVIPESmulti/pl.py:658:6
    |
656 |     figsize: tuple[float, float] = (14.0, 5.0),
657 |     cmap: str = "RdBu_r",
658 | ) -> "plt.Figure":
    |      ^^^^^^^^^^^^
659 |     """Create a compact two-panel interpretation dashboard.
    |
help: Remove quotes

UP037 [*] Remove quotes from type annotation
   --> src/spVIPESmulti/pl.py:721:12
    |
720 | def plot_latent_dims_in_umap(
721 |     adata: "AnnData",
    |            ^^^^^^^^^
722 |     obsm_key: str,
723 |     *,
    |
help: Remove quotes

UP045 [*] Use `X | None` for type annotations
   --> src/spVIPESmulti/pl.py:724:11
    |
722 |     obsm_key: str,
723 |     *,
724 |     dims: Optional[list[int]] = None,
    |           ^^^^^^^^^^^^^^^^^^^
725 |     basis: str = "X_umap",
726 |     ncols: int = 5,
    |
help: Convert to `X | None`

UP037 [*] Remove quotes from type annotation
   --> src/spVIPESmulti/pl.py:730:6
    |
728 |     cmap: str = "RdBu_r",
729 |     figsize_per_panel: tuple[float, float] = (3.5, 3.0),
730 | ) -> "plt.Figure":
    |      ^^^^^^^^^^^^
731 |     """One UMAP panel per latent dimension, colored by that dimension's value.
    |
help: Remove quotes

UP037 [*] Remove quotes from type annotation
   --> src/spVIPESmulti/pl.py:820:12
    |
819 | def plot_latent_dims_in_heatmap(
820 |     adata: "AnnData",
    |            ^^^^^^^^^
821 |     obsm_key: str,
822 |     groupby: str,
    |
help: Remove quotes

UP045 [*] Use `X | None` for type annotations
   --> src/spVIPESmulti/pl.py:825:14
    |
823 |     *,
824 |     normalize: bool = True,
825 |     figsize: Optional[tuple[float, float]] = None,
    |              ^^^^^^^^^^^^^^^^^^^^^^^^^^^^^
826 |     cmap: str = "RdBu_r",
827 | ) -> "plt.Figure":
    |
help: Convert to `X | None`

UP037 [*] Remove quotes from type annotation
   --> src/spVIPESmulti/pl.py:827:6
    |
825 |     figsize: Optional[tuple[float, float]] = None,
826 |     cmap: str = "RdBu_r",
827 | ) -> "plt.Figure":
    |      ^^^^^^^^^^^^
828 |     """Heatmap of mean z_shared activity per cell-type (or other grouping).
    |
help: Remove quotes

B904 Within an `except` clause, raise exceptions with `raise ... from err` or `raise ... from None` to distinguish them from errors in exception handling
   --> src/spVIPESmulti/pl.py:862:9
    |
860 |         import seaborn as sns
861 |     except ImportError:
862 |         raise ImportError("seaborn is required. Install with: pip install seaborn")
    |         ^^^^^^^^^^^^^^^^^^^^^^^^^^^^^^^^^^^^^^^^^^^^^^^^^^^^^^^^^^^^^^^^^^^^^^^^^^^
863 |     import matplotlib.pyplot as plt
    |

UP045 [*] Use `X | None` for type annotations
   --> src/spVIPESmulti/pl.py:913:14
    |
911 |     *,
912 |     highlight_vanished: bool = True,
913 |     figsize: Optional[tuple[float, float]] = None,
    |              ^^^^^^^^^^^^^^^^^^^^^^^^^^^^^
914 | ) -> "plt.Figure":
915 |     """Barplot of per-dimension standard deviation, flagging vanished dims.
    |
help: Convert to `X | None`

UP037 [*] Remove quotes from type annotation
   --> src/spVIPESmulti/pl.py:914:6
    |
912 |     highlight_vanished: bool = True,
913 |     figsize: Optional[tuple[float, float]] = None,
914 | ) -> "plt.Figure":
    |      ^^^^^^^^^^^^
915 |     """Barplot of per-dimension standard deviation, flagging vanished dims.
    |
help: Remove quotes

UP045 [*] Use `X | None` for type annotations
   --> src/spVIPESmulti/pl.py:977:14
    |
975 |     *,
976 |     top_n: int = 20,
977 |     figsize: Optional[tuple[float, float]] = None,
    |              ^^^^^^^^^^^^^^^^^^^^^^^^^^^^^
978 |     color: str = "steelblue",
979 | ) -> "plt.Figure":
    |
help: Convert to `X | None`

UP037 [*] Remove quotes from type annotation
   --> src/spVIPESmulti/pl.py:979:6
    |
977 |     figsize: Optional[tuple[float, float]] = None,
978 |     color: str = "steelblue",
979 | ) -> "plt.Figure":
    |      ^^^^^^^^^^^^
980 |     """Horizontal bar chart of top genes for one z_shared dimension.
    |
help: Remove quotes

UP045 [*] Use `X | None` for type annotations
    --> src/spVIPESmulti/pl.py:1033:14
     |
1031 |     *,
1032 |     top_n_genes: int = 40,
1033 |     figsize: Optional[tuple[float, float]] = None,
     |              ^^^^^^^^^^^^^^^^^^^^^^^^^^^^^
1034 |     cmap: str = "YlOrRd",
1035 | ) -> "plt.Figure":
     |
help: Convert to `X | None`

UP037 [*] Remove quotes from type annotation
    --> src/spVIPESmulti/pl.py:1035:6
     |
1033 |     figsize: Optional[tuple[float, float]] = None,
1034 |     cmap: str = "YlOrRd",
1035 | ) -> "plt.Figure":
     |      ^^^^^^^^^^^^
1036 |     """Heatmap of traversal effects: z_shared dimensions × top genes.
     |
help: Remove quotes

B904 Within an `except` clause, raise exceptions with `raise ... from err` or `raise ... from None` to distinguish them from errors in exception handling
    --> src/spVIPESmulti/pl.py:1066:9
     |
1064 |         import seaborn as sns
1065 |     except ImportError:
1066 |         raise ImportError("seaborn is required. Install with: pip install seaborn")
     |         ^^^^^^^^^^^^^^^^^^^^^^^^^^^^^^^^^^^^^^^^^^^^^^^^^^^^^^^^^^^^^^^^^^^^^^^^^^^
1067 |     import matplotlib.pyplot as plt
     |

F401 [*] `typing.Optional` imported but unused
  --> src/spVIPESmulti/traversal.py:17:35
   |
15 | from __future__ import annotations
16 |
17 | from typing import TYPE_CHECKING, Optional
   |                                   ^^^^^^^^
18 |
19 | import numpy as np
   |
help: Remove unused import: `typing.Optional`

F841 Local variable `group_cell_indices` is assigned to but never used
   --> src/spVIPESmulti/traversal.py:102:5
    |
101 |     group_indices_list, _ = resolve_group_indices_list(adata, None)
102 |     group_cell_indices = group_indices_list[group_idx]
    |     ^^^^^^^^^^^^^^^^^^
103 |
104 |     latent_dict = model.get_latent_representation(
    |
help: Remove assignment to unused variable `group_cell_indices`

UP037 [*] Remove quotes from type annotation
  --> src/spVIPESmulti/utils.py:37:12
   |
36 | def highly_variable_genes_union(
37 |     adata: "AnnData",
   |            ^^^^^^^^^
38 |     group_key: str,
39 |     n_top_genes: int = 2000,
   |
help: Remove quotes

UP037 [*] Remove quotes from type annotation
  --> src/spVIPESmulti/utils.py:43:6
   |
41 |     subset: bool = True,
42 |     **hvg_kwargs,
43 | ) -> "AnnData":
   |      ^^^^^^^^^
44 |     """Select highly variable genes (HVGs) per group and return their union.
   |
help: Remove quotes

UP037 [*] Remove quotes from type annotation
   --> src/spVIPESmulti/utils.py:177:12
    |
176 | def resolve_group_indices_list(
177 |     adata: "AnnData",
    |            ^^^^^^^^^
178 |     group_indices_list: Optional[list[Union[np.ndarray, list[int], tuple[int, ...]]]] = None,
179 | ) -> tuple[list[list[int]], bool]:
    |
help: Remove quotes

UP045 [*] Use `X | None` for type annotations
   --> src/spVIPESmulti/utils.py:178:25
    |
176 | def resolve_group_indices_list(
177 |     adata: "AnnData",
178 |     group_indices_list: Optional[list[Union[np.ndarray, list[int], tuple[int, ...]]]] = None,
    |                         ^^^^^^^^^^^^^^^^^^^^^^^^^^^^^^^^^^^^^^^^^^^^^^^^^^^^^^^^^^^^^
179 | ) -> tuple[list[list[int]], bool]:
180 |     """Resolve and validate group indices for training/latent APIs.
    |
help: Convert to `X | None`

UP007 [*] Use `X | Y` for type annotations
   --> src/spVIPESmulti/utils.py:178:39
    |
176 | def resolve_group_indices_list(
177 |     adata: "AnnData",
178 |     group_indices_list: Optional[list[Union[np.ndarray, list[int], tuple[int, ...]]]] = None,
    |                                       ^^^^^^^^^^^^^^^^^^^^^^^^^^^^^^^^^^^^^^^^^^^^^
179 | ) -> tuple[list[list[int]], bool]:
180 |     """Resolve and validate group indices for training/latent APIs.
    |
help: Convert to `X | Y`

UP045 [*] Use `X | None` for type annotations
   --> src/spVIPESmulti/utils.py:257:12
    |
255 |     target_col: str = "target",
256 |     weight_col: str = "weight",
257 |     adata: Optional["AnnData"] = None,
    |            ^^^^^^^^^^^^^^^^^^^
258 |     tmin: int = 5,
259 | ) -> tuple[pd.DataFrame, dict[str, object]]:
    |
help: Convert to `X | None`

UP037 [*] Remove quotes from type annotation
   --> src/spVIPESmulti/utils.py:257:21
    |
255 |     target_col: str = "target",
256 |     weight_col: str = "weight",
257 |     adata: Optional["AnnData"] = None,
    |                     ^^^^^^^^^
258 |     tmin: int = 5,
259 | ) -> tuple[pd.DataFrame, dict[str, object]]:
    |
help: Remove quotes

B904 Within an `except` clause, raise exceptions with `raise ... from err` or `raise ... from None` to distinguish them from errors in exception handling
   --> src/spVIPESmulti/utils.py:410:9
    |
408 |           indices = [int(c[len(prefix):]) for c in df.columns]
409 |       except ValueError:
410 | /         raise ValueError(
411 | |             f"Column suffixes after '{prefix}' must be integers, "
412 | |             f"e.g. '{prefix}0', '{prefix}1', ..."
413 | |         )
    | |_________^
414 |
415 |       expected = list(range(len(indices)))
    |

UP045 [*] Use `X | None` for type annotations
   --> src/spVIPESmulti/utils.py:424:18
    |
423 | def _resolve_loadings(
424 |     loadings_df: Optional[pd.DataFrame],
    |                  ^^^^^^^^^^^^^^^^^^^^^^
425 |     model: object,
426 |     group_idx: int,
    |
help: Convert to `X | None`

UP007 [*] Use `X | Y` for type annotations
   --> src/spVIPESmulti/utils.py:444:16
    |
442 |     gene_names: pd.Index,
443 |     model: object = None,
444 |     group_idx: Union[int, tuple] = 0,
    |                ^^^^^^^^^^^^^^^^^
445 | ) -> Optional[str]:
446 |     """Return the group prefix used in prepared var names, when identifiable."""
    |
help: Convert to `X | Y`

UP045 [*] Use `X | None` for type annotations
   --> src/spVIPESmulti/utils.py:445:6
    |
443 |     model: object = None,
444 |     group_idx: Union[int, tuple] = 0,
445 | ) -> Optional[str]:
    |      ^^^^^^^^^^^^^
446 |     """Return the group prefix used in prepared var names, when identifiable."""
447 |     if model is not None:
    |
help: Convert to `X | None`

UP045 [*] Use `X | None` for type annotations
   --> src/spVIPESmulti/utils.py:476:56
    |
476 | def _strip_group_gene_prefix(genes: list[str], prefix: Optional[str]) -> list[str]:
    |                                                        ^^^^^^^^^^^^^
477 |     if prefix is None:
478 |         return genes
    |
help: Convert to `X | None`

UP037 [*] Remove quotes from type annotation
   --> src/spVIPESmulti/utils.py:488:12
    |
487 | def store_latents(
488 |     adata: "AnnData",
    |            ^^^^^^^^^
489 |     latents: dict,
490 |     group_indices_list: list[np.ndarray],
    |
help: Remove quotes

UP037 [*] Remove quotes from type annotation
   --> src/spVIPESmulti/utils.py:492:6
    |
490 |     group_indices_list: list[np.ndarray],
491 |     obsm_prefix: str = "X_spVIPESmulti",
492 | ) -> "AnnData":
    |      ^^^^^^^^^
493 |     """Stitch per-group latent arrays back into ``adata.obsm`` (original cell order).
    |
help: Remove quotes

UP037 [*] Remove quotes from type annotation
   --> src/spVIPESmulti/utils.py:563:12
    |
562 | def add_latent_dims_to_obs(
563 |     adata: "AnnData",
    |            ^^^^^^^^^
564 |     obsm_key: str,
565 |     prefix: Optional[str] = None,
    |
help: Remove quotes

UP045 [*] Use `X | None` for type annotations
   --> src/spVIPESmulti/utils.py:565:13
    |
563 |     adata: "AnnData",
564 |     obsm_key: str,
565 |     prefix: Optional[str] = None,
    |             ^^^^^^^^^^^^^
566 |     max_dims: Optional[int] = None,
567 | ) -> "AnnData":
    |
help: Convert to `X | None`

UP045 [*] Use `X | None` for type annotations
   --> src/spVIPESmulti/utils.py:566:15
    |
564 |     obsm_key: str,
565 |     prefix: Optional[str] = None,
566 |     max_dims: Optional[int] = None,
    |               ^^^^^^^^^^^^^
567 | ) -> "AnnData":
568 |     """Copy latent dimensions from ``adata.obsm`` into ``adata.obs`` columns.
    |
help: Convert to `X | None`

UP037 [*] Remove quotes from type annotation
   --> src/spVIPESmulti/utils.py:567:6
    |
565 |     prefix: Optional[str] = None,
566 |     max_dims: Optional[int] = None,
567 | ) -> "AnnData":
    |      ^^^^^^^^^
568 |     """Copy latent dimensions from ``adata.obsm`` into ``adata.obs`` columns.
    |
help: Remove quotes

UP037 [*] Remove quotes from type annotation
   --> src/spVIPESmulti/utils.py:615:12
    |
614 | def compute_shared_umap(
615 |     adata: "AnnData",
    |            ^^^^^^^^^
616 |     obsm_key: str = "X_spVIPESmulti_shared",
617 |     n_neighbors: int = 15,
    |
help: Remove quotes

UP037 [*] Remove quotes from type annotation
   --> src/spVIPESmulti/utils.py:620:6
    |
618 |     min_dist: float = 0.3,
619 |     umap_key: str = "X_umap_spvipesmulti_shared",
620 | ) -> "AnnData":
    |      ^^^^^^^^^
621 |     """Compute UMAP on the shared latent and store it under a named key.
    |
help: Remove quotes

UP037 [*] Remove quotes from type annotation
   --> src/spVIPESmulti/utils.py:666:33
    |
665 | def compute_private_umaps(
666 |     adatas_per_group: dict[str, "AnnData"],
    |                                 ^^^^^^^^^
667 |     obsm_key: str = "X_spVIPESmulti_private",
668 |     n_neighbors: int = 15,
    |
help: Remove quotes

UP037 [*] Remove quotes from type annotation
   --> src/spVIPESmulti/utils.py:671:16
    |
669 |     min_dist: float = 0.3,
670 |     umap_key: str = "X_umap_spvipesmulti_private",
671 | ) -> dict[str, "AnnData"]:
    |                ^^^^^^^^^
672 |     """Compute UMAP on each group's private latent.
    |
help: Remove quotes

UP045 [*] Use `X | None` for type annotations
   --> src/spVIPESmulti/utils.py:720:18
    |
719 | def get_top_genes(
720 |     loadings_df: Optional[pd.DataFrame] = None,
    |                  ^^^^^^^^^^^^^^^^^^^^^^
721 |     *,
722 |     model: object = None,
    |
help: Convert to `X | None`

UP037 [*] Remove quotes from type annotation
   --> src/spVIPESmulti/utils.py:790:12
    |
789 | def score_cells_on_factor(
790 |     adata: "AnnData",
    |            ^^^^^^^^^
791 |     dim_idx: int,
792 |     obsm_key: str,
    |
help: Remove quotes

UP045 [*] Use `X | None` for type annotations
   --> src/spVIPESmulti/utils.py:793:15
    |
791 |     dim_idx: int,
792 |     obsm_key: str,
793 |     col_name: Optional[str] = None,
    |               ^^^^^^^^^^^^^
794 | ) -> "AnnData":
795 |     """Write a single latent dimension from ``adata.obsm`` into ``adata.obs``.
    |
help: Convert to `X | None`

UP037 [*] Remove quotes from type annotation
   --> src/spVIPESmulti/utils.py:794:6
    |
792 |     obsm_key: str,
793 |     col_name: Optional[str] = None,
794 | ) -> "AnnData":
    |      ^^^^^^^^^
795 |     """Write a single latent dimension from ``adata.obsm`` into ``adata.obs``.
    |
help: Remove quotes

I001 [*] Import block is un-sorted or un-formatted
 --> tests/test_celldisect_metric_parity.py:3:1
  |
1 |   """Tests for F10a CellDISECT-style internal metric helpers."""
2 |
3 | / import csv
4 | | import numpy as np
5 | |
6 | | from spVIPESmulti.interventions import metrics as m
  | |___________________________________________________^
  |
help: Organize imports

I001 [*] Import block is un-sorted or un-formatted
 --> tests/test_celldisect_parity_runner.py:3:1
  |
1 |   """Tests for the F10b CellDISECT parity runner helpers."""
2 |
3 | / import importlib.util
4 | | import sys
5 | | from pathlib import Path
6 | |
7 | | import csv
8 | | import json
9 | | import numpy as np
  | |__________________^
  |
help: Organize imports

I001 [*] Import block is un-sorted or un-formatted
  --> tests/test_counterfactual_basics.py:7:1
   |
 5 |   os.environ.setdefault("CUDA_VISIBLE_DEVICES", "")
 6 |
 7 | / import numpy as np
 8 | | import pytest
 9 | | import torch
10 | | from scipy.sparse import csr_matrix
11 | |
12 | | import anndata as ad
13 | |
14 | | import spVIPESmulti as sv
   | |_________________________^
   |
help: Organize imports

I001 [*] Import block is un-sorted or un-formatted
  --> tests/test_counterfactual_diagnostics.py:7:1
   |
 5 |   os.environ.setdefault("CUDA_VISIBLE_DEVICES", "")
 6 |
 7 | / import numpy as np
 8 | | import pytest
 9 | | from scipy.sparse import csr_matrix
10 | |
11 | | import anndata as ad
12 | |
13 | | import spVIPESmulti as sv
   | |_________________________^
   |
help: Organize imports

I001 [*] Import block is un-sorted or un-formatted
  --> tests/test_counterfactual_integration.py:7:1
   |
 5 |   os.environ.setdefault("CUDA_VISIBLE_DEVICES", "")
 6 |
 7 | / import numpy as np
 8 | | import pytest
 9 | | from scipy.sparse import csr_matrix
10 | |
11 | | import anndata as ad
12 | |
13 | | import spVIPESmulti as sv
   | |_________________________^
   |
help: Organize imports

C408 Unnecessary `dict()` call (rewrite as a literal)
  --> tests/test_counterfactual_integration.py:78:14
   |
76 |       model = _model(prepared)
77 |       encoded = svi.encode_cells(model, prepared)
78 |       kwargs = dict(
   |  ______________^
79 | |         model=model,
80 | |         z_shared=encoded["shared"][0][:6],
81 | |         z_private=encoded["private"][0][:6],
82 | |         group_idx=0,
83 | |         adata=prepared,
84 | |         cells=encoded["obs_indices"][0][:6],
85 | |         library=encoded["library"][0][:6],
86 | |         include_uncertainty=False,
87 | |     )
   | |_____^
88 |       first = svi.decode_counterfactual(**kwargs).X.ravel()
89 |       second = svi.decode_counterfactual(**kwargs).X.ravel()
   |
help: Rewrite as a literal

I001 [*] Import block is un-sorted or un-formatted
  --> tests/test_counterfactual_protocols.py:7:1
   |
 5 |   os.environ.setdefault("CUDA_VISIBLE_DEVICES", "")
 6 |
 7 | / import numpy as np
 8 | | import pytest
 9 | | from scipy.sparse import csr_matrix
10 | |
11 | | import anndata as ad
12 | |
13 | | import spVIPESmulti as sv
   | |_________________________^
   |
help: Organize imports

I001 [*] Import block is un-sorted or un-formatted
  --> tests/test_covariate_heads.py:10:1
   |
 8 |   os.environ.setdefault("CUDA_VISIBLE_DEVICES", "")
 9 |
10 | / import numpy as np
11 | | import pytest
12 | | import torch
13 | | from scipy.sparse import csr_matrix
14 | |
15 | | import anndata as ad
16 | |
17 | | import spVIPESmulti
18 | | from spVIPESmulti.dataloaders._concat_dataloader import ConcatDataLoader
   | |________________________________________________________________________^
19 |
20 |   _BENCHMARK_PATH = Path(__file__).resolve().parents[1] / "scripts" / "benchmark_f4_covariate_probes.py"
   |
help: Organize imports

F401 [*] `pytest` imported but unused
 --> tests/test_differential_abundance.py:7:8
  |
5 | import numpy as np
6 | import pandas as pd
7 | import pytest
  |        ^^^^^^
8 |
9 | import spVIPESmulti
  |
help: Remove unused import: `pytest`

I001 [*] Import block is un-sorted or un-formatted
  --> tests/test_disentangle_metrics.py:9:1
   |
 7 |   """
 8 |
 9 | / import numpy as np
10 | | import pytest
11 | | import os
   | |_________^
12 |   os.environ.setdefault("CUDA_VISIBLE_DEVICES", "")
13 |   import torch
   |
help: Organize imports

I001 [*] Import block is un-sorted or un-formatted
  --> tests/test_disentangle_metrics.py:13:1
   |
11 |   import os
12 |   os.environ.setdefault("CUDA_VISIBLE_DEVICES", "")
13 | / import torch
14 | | import anndata as ad
15 | | import scanpy as sc
16 | | from scipy import sparse
17 | |
18 | | import spVIPESmulti as sv
   | |_________________________^
   |
help: Organize imports

F401 [*] `torch` imported but unused
  --> tests/test_disentangle_metrics.py:13:8
   |
11 | import os
12 | os.environ.setdefault("CUDA_VISIBLE_DEVICES", "")
13 | import torch
   |        ^^^^^
14 | import anndata as ad
15 | import scanpy as sc
   |
help: Remove unused import: `torch`

F401 [*] `scanpy` imported but unused
  --> tests/test_disentangle_metrics.py:15:18
   |
13 | import torch
14 | import anndata as ad
15 | import scanpy as sc
   |                  ^^
16 | from scipy import sparse
   |
help: Remove unused import: `scanpy`

W293 [*] Blank line contains whitespace
  --> tests/test_disentangle_metrics.py:39:1
   |
37 |     """
38 |     np.random.seed(42)
39 |     
   | ^^^^
40 |     # Create sparse count matrix
41 |     n_cells, n_genes = 200, 50
   |
help: Remove whitespace from blank line

W293 [*] Blank line contains whitespace
  --> tests/test_disentangle_metrics.py:44:1
   |
42 |     X = np.random.poisson(lam=5.0, size=(n_cells, n_genes)).astype(np.float32)
43 |     X = sparse.csr_matrix(X)
44 |     
   | ^^^^
45 |     adata_full = ad.AnnData(X)
46 |     adata_full.obs["cell_type"] = (
   |
help: Remove whitespace from blank line

W293 [*] Blank line contains whitespace
  --> tests/test_disentangle_metrics.py:62:1
   |
60 |     )
61 |     adata.obs["indices"] = np.arange(adata.n_obs).astype(str)
62 |     
   | ^^^^
63 |     # Setup for spVIPESmulti
64 |     sv.model.spVIPESmulti.setup_anndata(
   |
help: Remove whitespace from blank line

W293 [*] Blank line contains whitespace
  --> tests/test_disentangle_metrics.py:70:1
   |
68 |         sample_key="sample",
69 |     )
70 |     
   | ^^^^
71 |     return adata
   |
help: Remove whitespace from blank line

W293 [*] Blank line contains whitespace
  --> tests/test_disentangle_metrics.py:89:1
   |
87 |         use_nf_prior=False,
88 |     )
89 |     
   | ^^^^
90 |     # Get group indices from uns
91 |     group_indices_list = [list(map(int, g)) for g in adata.uns["groups_obs_indices"]]
   |
help: Remove whitespace from blank line

W293 [*] Blank line contains whitespace
  --> tests/test_disentangle_metrics.py:92:1
   |
90 |     # Get group indices from uns
91 |     group_indices_list = [list(map(int, g)) for g in adata.uns["groups_obs_indices"]]
92 |     
   | ^^^^
93 |     # Train quickly (no orthogonality metric, just baseline)
94 |     model.train(
   |
help: Remove whitespace from blank line

W293 [*] Blank line contains whitespace
   --> tests/test_disentangle_metrics.py:104:1
    |
102 |         devices=1,
103 |     )
104 |     
    | ^^^^
105 |     return model, adata
    |
help: Remove whitespace from blank line

W293 [*] Blank line contains whitespace
   --> tests/test_disentangle_metrics.py:112:1
    |
110 |     Tests for presence and finite-ness of orthogonality metrics when enabled.
111 |     """
112 |     
    | ^^^^
113 |     def test_orthogonality_metric_present_when_enabled(self, minimal_two_group_model):
114 |         """
    |
help: Remove whitespace from blank line

W293 [*] Blank line contains whitespace
   --> tests/test_disentangle_metrics.py:119:1
    |
117 |         """
118 |         model, adata = minimal_two_group_model
119 |         
    | ^^^^^^^^
120 |         # Re-create model with orthogonality enabled
121 |         model_with_ortho = sv.model.spVIPESmulti(
    |
help: Remove whitespace from blank line

W293 [*] Blank line contains whitespace
   --> tests/test_disentangle_metrics.py:130:1
    |
128 |             use_nf_prior=False,
129 |         )
130 |         
    | ^^^^^^^^
131 |         # Get group indices
132 |         group_indices_list = [list(map(int, g)) for g in adata.uns["groups_obs_indices"]]
    |
help: Remove whitespace from blank line

W293 [*] Blank line contains whitespace
   --> tests/test_disentangle_metrics.py:133:1
    |
131 |         # Get group indices
132 |         group_indices_list = [list(map(int, g)) for g in adata.uns["groups_obs_indices"]]
133 |         
    | ^^^^^^^^
134 |         # Train with metric enabled
135 |         model_with_ortho.train(
    |
help: Remove whitespace from blank line

W293 [*] Blank line contains whitespace
   --> tests/test_disentangle_metrics.py:148:1
    |
146 |             devices=1,
147 |         )
148 |         
    | ^^^^^^^^
149 |         assert model_with_ortho is not None
    |
help: Remove whitespace from blank line

W293 [*] Blank line contains whitespace
   --> tests/test_disentangle_metrics.py:161:1
    |
159 |         """
160 |         model, adata = minimal_two_group_model
161 |         
    | ^^^^^^^^
162 |         assert model is not None
    |
help: Remove whitespace from blank line

W293 [*] Blank line contains whitespace
   --> tests/test_disentangle_metrics.py:166:1
    |
164 |         history_cols = _history_keys(model)
165 |         assert all("orthogonality_within_stratum" not in c for c in history_cols)
166 |         
    | ^^^^^^^^
167 |
168 | class TestOrthogonalityHelperUnit:
    |
help: Remove whitespace from blank line

W293 [*] Blank line contains whitespace
   --> tests/test_disentangle_metrics.py:173:1
    |
171 |     Tests the helper in isolation with synthetic latent data.
172 |     """
173 |     
    | ^^^^
174 |     def test_orthogonality_zero_for_independent_inputs(self):
175 |         """
    |
help: Remove whitespace from blank line

W293 [*] Blank line contains whitespace
   --> tests/test_disentangle_metrics.py:183:1
    |
181 |         n_dims_shared = 10
182 |         n_dims_private = 5
183 |         
    | ^^^^^^^^
184 |         # Independent random normals
185 |         z_shared = np.random.randn(n_cells, n_dims_shared)
    |
help: Remove whitespace from blank line

W293 [*] Blank line contains whitespace
   --> tests/test_disentangle_metrics.py:187:1
    |
185 |         z_shared = np.random.randn(n_cells, n_dims_shared)
186 |         z_private = np.random.randn(n_cells, n_dims_private)
187 |         
    | ^^^^^^^^
188 |         # Strata: simple uniform assignment
189 |         strata_ids = np.array([0] * 50 + [1] * 50)
    |
help: Remove whitespace from blank line

W293 [*] Blank line contains whitespace
   --> tests/test_disentangle_metrics.py:190:1
    |
188 |         # Strata: simple uniform assignment
189 |         strata_ids = np.array([0] * 50 + [1] * 50)
190 |         
    | ^^^^^^^^
191 |         # Import the helper (once implemented)
192 |         from spVIPESmulti.module.spVIPESmultimodule import _within_stratum_corr_norm
    |
help: Remove whitespace from blank line

W293 [*] Blank line contains whitespace
   --> tests/test_disentangle_metrics.py:193:1
    |
191 |         # Import the helper (once implemented)
192 |         from spVIPESmulti.module.spVIPESmultimodule import _within_stratum_corr_norm
193 |         
    | ^^^^^^^^
194 |         corr_norm_mean, corr_norm_worst, _ = _within_stratum_corr_norm(
195 |             z_shared, z_private, strata_ids, min_cells=10
    |
help: Remove whitespace from blank line

W293 [*] Blank line contains whitespace
   --> tests/test_disentangle_metrics.py:197:1
    |
195 |             z_shared, z_private, strata_ids, min_cells=10
196 |         )
197 |         
    | ^^^^^^^^
198 |         # Independent data should have low correlation.
199 |         assert corr_norm_mean < 0.1, f"Expected corr_norm_mean < 0.1, got {corr_norm_mean}"
    |
help: Remove whitespace from blank line

W293 [*] Blank line contains whitespace
   --> tests/test_disentangle_metrics.py:210:1
    |
208 |         n_cells = 100
209 |         n_dims = 10
210 |         
    | ^^^^^^^^
211 |         # Perfect copy: z_private is a slice of z_shared
212 |         z_shared = np.random.randn(n_cells, n_dims)
    |
help: Remove whitespace from blank line

W293 [*] Blank line contains whitespace
   --> tests/test_disentangle_metrics.py:214:1
    |
212 |         z_shared = np.random.randn(n_cells, n_dims)
213 |         z_private = z_shared[:, :5]  # First 5 dims
214 |         
    | ^^^^^^^^
215 |         strata_ids = np.array([0] * 50 + [1] * 50)
    |
help: Remove whitespace from blank line

W293 [*] Blank line contains whitespace
   --> tests/test_disentangle_metrics.py:216:1
    |
215 |         strata_ids = np.array([0] * 50 + [1] * 50)
216 |         
    | ^^^^^^^^
217 |         from spVIPESmulti.module.spVIPESmultimodule import _within_stratum_corr_norm
    |
help: Remove whitespace from blank line

W293 [*] Blank line contains whitespace
   --> tests/test_disentangle_metrics.py:218:1
    |
217 |         from spVIPESmulti.module.spVIPESmultimodule import _within_stratum_corr_norm
218 |         
    | ^^^^^^^^
219 |         corr_norm_mean, corr_norm_worst, _ = _within_stratum_corr_norm(
220 |             z_shared, z_private, strata_ids, min_cells=10
    |
help: Remove whitespace from blank line

W293 [*] Blank line contains whitespace
   --> tests/test_disentangle_metrics.py:222:1
    |
220 |             z_shared, z_private, strata_ids, min_cells=10
221 |         )
222 |         
    | ^^^^^^^^
223 |         # Perfect copy should have high correlation.
224 |         assert corr_norm_mean > 0.8, f"Expected corr_norm_mean > 0.8, got {corr_norm_mean}"
    |
help: Remove whitespace from blank line

W293 [*] Blank line contains whitespace
   --> tests/test_disentangle_metrics.py:235:1
    |
233 |         n_dims_shared = 10
234 |         n_dims_private = 5
235 |         
    | ^^^^^^^^
236 |         # Data with non-zero mean
237 |         z_shared = 5 + np.random.randn(n_cells, n_dims_shared)
    |
help: Remove whitespace from blank line

W293 [*] Blank line contains whitespace
   --> tests/test_disentangle_metrics.py:239:1
    |
237 |         z_shared = 5 + np.random.randn(n_cells, n_dims_shared)
238 |         z_private = -3 + np.random.randn(n_cells, n_dims_private)
239 |         
    | ^^^^^^^^
240 |         strata_ids = np.array([0] * 50 + [1] * 50)
    |
help: Remove whitespace from blank line

W293 [*] Blank line contains whitespace
   --> tests/test_disentangle_metrics.py:241:1
    |
240 |         strata_ids = np.array([0] * 50 + [1] * 50)
241 |         
    | ^^^^^^^^
242 |         from spVIPESmulti.module.spVIPESmultimodule import _within_stratum_corr_norm
    |
help: Remove whitespace from blank line

W293 [*] Blank line contains whitespace
   --> tests/test_disentangle_metrics.py:243:1
    |
242 |         from spVIPESmulti.module.spVIPESmultimodule import _within_stratum_corr_norm
243 |         
    | ^^^^^^^^
244 |         # Should not raise; helper should center internally
245 |         corr_norm_mean, corr_norm_worst, _ = _within_stratum_corr_norm(
    |
help: Remove whitespace from blank line

W293 [*] Blank line contains whitespace
   --> tests/test_disentangle_metrics.py:248:1
    |
246 |             z_shared, z_private, strata_ids, min_cells=10
247 |         )
248 |         
    | ^^^^^^^^
249 |         assert np.isfinite(corr_norm_mean)
250 |         assert np.isfinite(corr_norm_worst)
    |
help: Remove whitespace from blank line

W293 [*] Blank line contains whitespace
   --> tests/test_disentangle_metrics.py:257:1
    |
255 |     Tests for strata exclusion when below min_cells threshold.
256 |     """
257 |     
    | ^^^^
258 |     def test_min_cells_per_stratum_filter(self):
259 |         """
    |
help: Remove whitespace from blank line

W293 [*] Blank line contains whitespace
   --> tests/test_disentangle_metrics.py:267:1
    |
265 |         n_dims_shared = 10
266 |         n_dims_private = 5
267 |         
    | ^^^^^^^^
268 |         z_shared = np.random.randn(n_cells, n_dims_shared)
269 |         z_private = np.random.randn(n_cells, n_dims_private)
    |
help: Remove whitespace from blank line

W293 [*] Blank line contains whitespace
   --> tests/test_disentangle_metrics.py:270:1
    |
268 |         z_shared = np.random.randn(n_cells, n_dims_shared)
269 |         z_private = np.random.randn(n_cells, n_dims_private)
270 |         
    | ^^^^^^^^
271 |         # Strata: one large (90 cells), one tiny (10 cells)
272 |         strata_ids = np.array([0] * 90 + [1] * 10)
    |
help: Remove whitespace from blank line

W293 [*] Blank line contains whitespace
   --> tests/test_disentangle_metrics.py:273:1
    |
271 |         # Strata: one large (90 cells), one tiny (10 cells)
272 |         strata_ids = np.array([0] * 90 + [1] * 10)
273 |         
    | ^^^^^^^^
274 |         from spVIPESmulti.module.spVIPESmultimodule import _within_stratum_corr_norm
    |
help: Remove whitespace from blank line

W293 [*] Blank line contains whitespace
   --> tests/test_disentangle_metrics.py:275:1
    |
274 |         from spVIPESmulti.module.spVIPESmultimodule import _within_stratum_corr_norm
275 |         
    | ^^^^^^^^
276 |         corr_norm_mean, corr_norm_worst, excluded_count = _within_stratum_corr_norm(
277 |             z_shared, z_private, strata_ids, min_cells=50
    |
help: Remove whitespace from blank line

W293 [*] Blank line contains whitespace
   --> tests/test_disentangle_metrics.py:279:1
    |
277 |             z_shared, z_private, strata_ids, min_cells=50
278 |         )
279 |         
    | ^^^^^^^^
280 |         # Small stratum should be excluded
281 |         assert excluded_count == 1, f"Expected 1 excluded stratum, got {excluded_count}"
    |
help: Remove whitespace from blank line

W293 [*] Blank line contains whitespace
   --> tests/test_disentangle_metrics.py:290:1
    |
288 |     and scaled like existing multimodal private terms.
289 |     """
290 |     
    | ^^^^
291 |     def test_orthogonality_multimodal_independent_inputs(self):
292 |         """
    |
help: Remove whitespace from blank line

F841 Local variable `n_mods` is assigned to but never used
   --> tests/test_disentangle_metrics.py:297:9
    |
295 |         np.random.seed(42)
296 |         n_cells = 100
297 |         n_mods = 2
    |         ^^^^^^
298 |         n_dims_shared = 10
299 |         n_dims_private = 5
    |
help: Remove assignment to unused variable `n_mods`

W293 [*] Blank line contains whitespace
   --> tests/test_disentangle_metrics.py:300:1
    |
298 |         n_dims_shared = 10
299 |         n_dims_private = 5
300 |         
    | ^^^^^^^^
301 |         z_shared = np.random.randn(n_cells, n_dims_shared)
    |
help: Remove whitespace from blank line

W293 [*] Blank line contains whitespace
   --> tests/test_disentangle_metrics.py:302:1
    |
301 |         z_shared = np.random.randn(n_cells, n_dims_shared)
302 |         
    | ^^^^^^^^
303 |         # Two modalities, each with independent private latent
304 |         z_private_by_modality = {
    |
help: Remove whitespace from blank line

W293 [*] Blank line contains whitespace
   --> tests/test_disentangle_metrics.py:308:1
    |
306 |             1: np.random.randn(n_cells, n_dims_private),
307 |         }
308 |         
    | ^^^^^^^^
309 |         strata_ids = np.array([0] * 50 + [1] * 50)
    |
help: Remove whitespace from blank line

W293 [*] Blank line contains whitespace
   --> tests/test_disentangle_metrics.py:310:1
    |
309 |         strata_ids = np.array([0] * 50 + [1] * 50)
310 |         
    | ^^^^^^^^
311 |         from spVIPESmulti.module.spVIPESmultimodule import _within_stratum_corr_norm_multimodal
    |
help: Remove whitespace from blank line

W293 [*] Blank line contains whitespace
   --> tests/test_disentangle_metrics.py:312:1
    |
311 |         from spVIPESmulti.module.spVIPESmultimodule import _within_stratum_corr_norm_multimodal
312 |         
    | ^^^^^^^^
313 |         # Should compute corr_norm per modality and average
314 |         corr_norm_mean, corr_norm_worst, excluded_count = _within_stratum_corr_norm_multimodal(
    |
help: Remove whitespace from blank line

W293 [*] Blank line contains whitespace
   --> tests/test_disentangle_metrics.py:328:1
    |
326 |     Integration tests: verify metrics appear in extra_metrics only when enabled.
327 |     """
328 |     
    | ^^^^
329 |     def test_metrics_appear_when_enabled(self, minimal_two_group_model):
330 |         """
    |
help: Remove whitespace from blank line

I001 [*] Import block is un-sorted or un-formatted
  --> tests/test_evaluate.py:7:1
   |
 5 |   """
 6 |
 7 | / from __future__ import annotations
 8 | |
 9 | | import types
10 | | import warnings
11 | |
12 | | import anndata as ad
13 | | import numpy as np
14 | | import pandas as pd
15 | | import pytest
16 | |
17 | | from spVIPESmulti.model.spvipesmulti import spVIPESmulti as _ModelClass
   | |_______________________________________________________________________^
   |
help: Organize imports

F401 [*] `types` imported but unused
  --> tests/test_evaluate.py:9:8
   |
 7 | from __future__ import annotations
 8 |
 9 | import types
   |        ^^^^^
10 | import warnings
   |
help: Remove unused import: `types`

F401 [*] `warnings` imported but unused
  --> tests/test_evaluate.py:10:8
   |
 9 | import types
10 | import warnings
   |        ^^^^^^^^
11 |
12 | import anndata as ad
   |
help: Remove unused import: `warnings`

I001 [*] Import block is un-sorted or un-formatted
 --> tests/test_lightning_trainer_compat.py:1:1
  |
1 | / import pytest
2 | | import numpy as np
3 | | import anndata as ad
4 | | import torch
5 | | from spVIPESmulti.model.spvipesmulti import spVIPESmulti
6 | | from spVIPESmulti.model.base.training_mixin import MultiGroupTrainingMixin
  | |__________________________________________________________________________^
7 |
8 |   def make_dummy_adata(n_obs=20, n_vars=10, seed=0):
  |
help: Organize imports

F401 [*] `pytest` imported but unused
 --> tests/test_lightning_trainer_compat.py:1:8
  |
1 | import pytest
  |        ^^^^^^
2 | import numpy as np
3 | import anndata as ad
  |
help: Remove unused import: `pytest`

F401 [*] `spVIPESmulti.model.base.training_mixin.MultiGroupTrainingMixin` imported but unused
 --> tests/test_lightning_trainer_compat.py:6:52
  |
4 | import torch
5 | from spVIPESmulti.model.spvipesmulti import spVIPESmulti
6 | from spVIPESmulti.model.base.training_mixin import MultiGroupTrainingMixin
  |                                                    ^^^^^^^^^^^^^^^^^^^^^^^
7 |
8 | def make_dummy_adata(n_obs=20, n_vars=10, seed=0):
  |
help: Remove unused import: `spVIPESmulti.model.base.training_mixin.MultiGroupTrainingMixin`

I001 [*] Import block is un-sorted or un-formatted
  --> tests/test_multigroup_multimodal.py:3:1
   |
 1 |   """Tests for multi-group (N >= 2) and multimodal support in spVIPESmulti."""
 2 |
 3 | / import importlib.util
 4 | | import os
 5 | | import sys
 6 | |
 7 | | import numpy as np
 8 | | import pytest
 9 | | from scipy.sparse import csr_matrix
10 | |
11 | | import anndata as ad
   | |____________________^
12 |
13 |   # Direct module loaders to avoid triggering spVIPESmulti.__init__ (which requires scvi-tools >=1.0)
   |
help: Organize imports

F401 [*] `sys` imported but unused
 --> tests/test_multigroup_multimodal.py:5:8
  |
3 | import importlib.util
4 | import os
5 | import sys
  |        ^^^
6 |
7 | import numpy as np
  |
help: Remove unused import: `sys`

F401 [*] `torch.distributions.Normal` imported but unused
   --> tests/test_multigroup_multimodal.py:349:41
    |
347 |         """Verify _poe_n produces correct results for 2 groups with equal batch sizes."""
348 |         import torch
349 |         from torch.distributions import Normal
    |                                         ^^^^^^
350 |
351 |         # We can't easily instantiate spVIPESmultimodule without all the scvi deps,
    |
help: Remove unused import: `torch.distributions.Normal`

BLE001 Do not catch blind exception: `Exception`
   --> tests/test_multigroup_multimodal.py:463:16
    |
461 |             mod = _load_module("spvipesmulti_utils", os.path.join(_SRC, "spVIPESmulti", "module", "utils.py"))
462 |             self.build_likelihood = mod.build_likelihood
463 |         except Exception:
    |                ^^^^^^^^^
464 |             pytest.skip("scvi-tools version incompatible with this environment")
    |

I001 [*] Import block is un-sorted or un-formatted
  --> tests/test_multimodal_disentangle.py:8:1
   |
 6 |   into `_loss_multimodal`.
 7 |   """
 8 | / import numpy as np
 9 | | import pandas as pd
10 | | import pytest
11 | | import torch
12 | | from scipy.sparse import csr_matrix
13 | |
14 | | import anndata as ad
15 | |
16 | | import spVIPESmulti
17 | | from spVIPESmulti.dataloaders._concat_dataloader import ConcatDataLoader
   | |________________________________________________________________________^
   |
help: Organize imports

F841 Local variable `rng` is assigned to but never used
   --> tests/test_multimodal_disentangle.py:150:9
    |
148 |         # Build adata WITHOUT label_key; setup_anndata won't register labels.
149 |         groups = {}
150 |         rng = np.random.default_rng(0)
    |         ^^^
151 |         for gi in range(3):
152 |             gname = f"g{gi}"
    |
help: Remove assignment to unused variable `rng`

F401 [*] `numpy` imported but unused
 --> tests/test_nf_prior.py:6:17
  |
4 | import os
5 |
6 | import numpy as np
  |                 ^^
7 | import pytest
8 | import torch
  |
help: Remove unused import: `numpy`

F401 [*] `pytest` imported but unused
 --> tests/test_nf_prior.py:7:8
  |
6 | import numpy as np
7 | import pytest
  |        ^^^^^^
8 | import torch
9 | from torch.distributions import Normal
  |
help: Remove unused import: `pytest`

I001 [*] Import block is un-sorted or un-formatted
 --> tests/test_nonlinear_dependence_metrics.py:3:1
  |
1 |   """Tests for F11 nonlinear shared/private dependence diagnostics."""
2 |
3 | / import math
4 | |
5 | | import numpy as np
6 | | import pytest
7 | |
8 | | from scripts.benchmark_f11_nonlinear_diagnostics import recommend_f11_diagnostics
9 | | from spVIPESmulti.metrics import hsic_rbf, partial_corr_residualized
  | |____________________________________________________________________^
  |
help: Organize imports

C420 [*] Unnecessary dict comprehension for iterable; use `dict.fromkeys` instead
  --> tests/test_regression_fixes.py:60:22
   |
58 |     from spVIPESmulti.module.spVIPESmultimodule import spVIPESmultimodule
59 |
60 |     groups_lengths = {i: n_genes for i in range(n_groups)}
   |                      ^^^^^^^^^^^^^^^^^^^^^^^^^^^^^^^^^^^^^
61 |     groups_obs_names = [list(range(n_cells))] * n_groups
62 |     groups_var_names = [[f"g{v}" for v in range(n_genes)]] * n_groups
   |
help: Replace with `dict.fromkeys(iterable)`)

I001 [*] Import block is un-sorted or un-formatted
   --> tests/test_regression_fixes.py:476:9
    |
474 |         import sys
475 |         sys.path.insert(0, _SRC)
476 |         from spVIPESmulti.model._disentangle_presets import DISENTANGLE_PRESETS, _REQUIRED_PRESET_KEYS
    |         ^^^^^^^^^^^^^^^^^^^^^^^^^^^^^^^^^^^^^^^^^^^^^^^^^^^^^^^^^^^^^^^^^^^^^^^^^^^^^^^^^^^^^^^^^^^^^^
477 |
478 |         assert "orthogonality_weight" in _REQUIRED_PRESET_KEYS
    |
help: Organize imports

I001 [*] Import block is un-sorted or un-formatted
   --> tests/test_regression_fixes.py:511:9
    |
509 |       def test_negative_weight_raises(self):
510 |           """Passing a negative disentangle weight should raise ValueError."""
511 | /         import spVIPESmulti
512 | |         import anndata as ad
513 | |         from scipy.sparse import csr_matrix
    | |___________________________________________^
514 |
515 |           rng = np.random.default_rng(0)
    |
help: Organize imports

I001 [*] Import block is un-sorted or un-formatted
   --> tests/test_regression_fixes.py:542:9
    |
540 |       def test_empty_indices_list_raises(self):
541 |           """ConcatDataLoader with empty indices_list should raise ValueError."""
542 | /         import spVIPESmulti
543 | |         import anndata as ad
544 | |         from scipy.sparse import csr_matrix
    | |___________________________________________^
545 |
546 |           rng = np.random.default_rng(0)
    |
help: Organize imports

I001 [*] Import block is un-sorted or un-formatted
   --> tests/test_regression_fixes.py:565:9
    |
563 |       def test_all_groups_represented_each_batch(self):
564 |           """Every batch from ConcatDataLoader should contain cells from all groups."""
565 | /         import spVIPESmulti
566 | |         import anndata as ad
567 | |         from scipy.sparse import csr_matrix
568 | |         from spVIPESmulti.dataloaders._concat_dataloader import ConcatDataLoader
    | |________________________________________________________________________________^
569 |
570 |           rng = np.random.default_rng(0)
    |
help: Organize imports

I001 [*] Import block is un-sorted or un-formatted
   --> tests/test_regression_fixes.py:599:9
    |
597 |       def test_grad_flows_to_encoder_parameters(self):
598 |           """loss.backward() must produce non-zero gradients on model parameters."""
599 | /         import spVIPESmulti
600 | |         import anndata as ad
601 | |         import pandas as pd
602 | |         from scipy.sparse import csr_matrix
603 | |         from spVIPESmulti.dataloaders._concat_dataloader import ConcatDataLoader
    | |________________________________________________________________________________^
604 |
605 |           def _make_mod(n_obs, n_vars, seed):
    |
help: Organize imports

I001 [*] Import block is un-sorted or un-formatted
   --> tests/test_regression_fixes.py:664:9
    |
662 |       @pytest.mark.integration
663 |       def test_invalid_preset_raises(self):
664 | /         import spVIPESmulti
665 | |         import anndata as ad
666 | |         from scipy.sparse import csr_matrix
    | |___________________________________________^
667 |
668 |           rng = np.random.default_rng(0)
    |
help: Organize imports

I001 [*] Import block is un-sorted or un-formatted
   --> tests/test_regression_fixes.py:685:9
    |
683 |       def test_preset_off_with_weight_override_works(self):
684 |           """Preset='off' with a weight override should construct cleanly."""
685 | /         import spVIPESmulti
686 | |         import anndata as ad
687 | |         from scipy.sparse import csr_matrix
    | |___________________________________________^
688 |
689 |           rng = np.random.default_rng(0)
    |
help: Organize imports

I001 [*] Import block is un-sorted or un-formatted
   --> tests/test_regression_fixes.py:717:9
    |
715 |       def test_output_size_matches_n_cells(self):
716 |           """Latent output arrays must have exactly n_cells rows for each group."""
717 | /         import spVIPESmulti
718 | |         import anndata as ad
719 | |         from scipy.sparse import csr_matrix
    | |___________________________________________^
720 |
721 |           rng = np.random.default_rng(0)
    |
help: Organize imports

B007 Loop control variable `names` not used within loop body
  --> tests/test_scvi1x_compat.py:88:27
   |
86 |     def test_no_private_anntorchdataset(self):
87 |         """scvi.dataloaders._anntorchdataset must not be imported."""
88 |         for kind, module, names in _collect_imports(self.PATH):
   |                           ^^^^^
89 |             if kind == "from":
90 |                 assert not module.startswith("scvi.dataloaders._anntorchdataset"), (
   |
help: Rename unused `names` to `_names`

B007 Loop control variable `kind` not used within loop body
   --> tests/test_scvi1x_compat.py:113:13
    |
111 |     def test_no_pytorch_lightning(self):
112 |         """pytorch_lightning must not be imported (replaced by lightning.pytorch)."""
113 |         for kind, module, _ in _collect_imports(self.PATH):
    |             ^^^^
114 |             assert not module.startswith("pytorch_lightning"), (
115 |                 "Found 'pytorch_lightning' import — must use 'lightning.pytorch'"
    |
help: Rename unused `kind` to `_kind`

B007 Loop control variable `kind` not used within loop body
   --> tests/test_scvi1x_compat.py:120:13
    |
118 |     def test_no_private_data_splitting_import(self):
119 |         """scvi.dataloaders._data_splitting.validate_data_split must not be imported (vendored)."""
120 |         for kind, module, _ in _collect_imports(self.PATH):
    |             ^^^^
121 |             assert not module.startswith("scvi.dataloaders._data_splitting"), (
122 |                 "Found 'scvi.dataloaders._data_splitting' import — function is vendored locally"
    |
help: Rename unused `kind` to `_kind`

B007 Loop control variable `module` not used within loop body
   --> tests/test_scvi1x_compat.py:143:19
    |
141 |     def test_no_parse_use_gpu_arg(self):
142 |         """parse_use_gpu_arg (removed in scvi 1.1) must not be imported."""
143 |         for kind, module, names in _collect_imports(self.PATH):
    |                   ^^^^^^
144 |             if kind == "from":
145 |                 assert "parse_use_gpu_arg" not in names, (
    |
help: Rename unused `module` to `_module`

B007 Loop control variable `kind` not used within loop body
   --> tests/test_scvi1x_compat.py:160:13
    |
158 |     def test_no_use_gpu_scvi_model_utils(self):
159 |         """scvi.model._utils must not be imported (parse_use_gpu_arg lived there)."""
160 |         for kind, module, _ in _collect_imports(self.PATH):
    |             ^^^^
161 |             assert not module.startswith("scvi.model._utils"), (
162 |                 "Found import from 'scvi.model._utils' — must be removed"
    |
help: Rename unused `kind` to `_kind`

F401 [*] `types.SimpleNamespace` imported but unused
  --> tests/test_utils.py:11:19
   |
 9 | import sys
10 | from pathlib import Path
11 | from types import SimpleNamespace
   |                   ^^^^^^^^^^^^^^^
12 | from unittest.mock import MagicMock
   |
help: Remove unused import: `types.SimpleNamespace`

Found 755 errors.
[*] 326 fixable with the `--fix` option (47 hidden fixes can be enabled with the `--unsafe-fixes` option).
warning: The top-level linter settings are deprecated in favour of their counterparts in the `lint` section. Please update the following options in `pyproject.toml`:
  - 'ignore' -> 'lint.ignore'
  - 'select' -> 'lint.select'
  - 'pydocstyle' -> 'lint.pydocstyle'
  - 'per-file-ignores' -> 'lint.per-file-ignores'

ERROR conda.cli.main_run:execute(47): `conda run env PYTHONNOUSERSITE=1 PYTHONDONTWRITEBYTECODE=1 ruff check .` failed. (See above for error)

