audits/F1/summary.md:17:81 error MD013/line-length Line length [Expected: 80; Actual: 94]
audits/F1/summary.md:18:81 error MD013/line-length Line length [Expected: 80; Actual: 124]
audits/F10/summary.md:9:5 error MD060/table-column-style Table column style [Table pipe is missing space to the left for style "compact"]
audits/F10/summary.md:9:9 error MD060/table-column-style Table column style [Table pipe is missing space to the left for style "compact"]
audits/F10/summary.md:9:13 error MD060/table-column-style Table column style [Table pipe is missing space to the left for style "compact"]
audits/F10/summary.md:9:18 error MD060/table-column-style Table column style [Table pipe is missing space to the left for style "compact"]
audits/F10/summary.md:9:22 error MD060/table-column-style Table column style [Table pipe is missing space to the left for style "compact"]
audits/F10/summary.md:9:26 error MD060/table-column-style Table column style [Table pipe is missing space to the left for style "compact"]
audits/F10/summary.md:9:1 error MD060/table-column-style Table column style [Table pipe is missing space to the right for style "compact"]
audits/F10/summary.md:9:5 error MD060/table-column-style Table column style [Table pipe is missing space to the right for style "compact"]
audits/F10/summary.md:9:9 error MD060/table-column-style Table column style [Table pipe is missing space to the right for style "compact"]
audits/F10/summary.md:9:13 error MD060/table-column-style Table column style [Table pipe is missing space to the right for style "compact"]
audits/F10/summary.md:9:18 error MD060/table-column-style Table column style [Table pipe is missing space to the right for style "compact"]
audits/F10/summary.md:9:22 error MD060/table-column-style Table column style [Table pipe is missing space to the right for style "compact"]
audits/F10/summary.md:10:81 error MD013/line-length Line length [Expected: 80; Actual: 182]
audits/F10/summary.md:11:81 error MD013/line-length Line length [Expected: 80; Actual: 171]
audits/F10/summary.md:12:81 error MD013/line-length Line length [Expected: 80; Actual: 171]
audits/F10/summary.md:13:81 error MD013/line-length Line length [Expected: 80; Actual: 177]
audits/F10/summary.md:14:81 error MD013/line-length Line length [Expected: 80; Actual: 177]
audits/F10/summary.md:15:81 error MD013/line-length Line length [Expected: 80; Actual: 222]
audits/F10/summary.md:15:54 error MD060/table-column-style Table column style [Table pipe has extra space to the left for style "compact"]
audits/F10/summary.md:15:51 error MD060/table-column-style Table column style [Table pipe has extra space to the right for style "compact"]
audits/F10/summary.md:16:81 error MD013/line-length Line length [Expected: 80; Actual: 213]
audits/F10/summary.md:16:45 error MD060/table-column-style Table column style [Table pipe has extra space to the left for style "compact"]
audits/F10/summary.md:16:42 error MD060/table-column-style Table column style [Table pipe has extra space to the right for style "compact"]
audits/F10/summary.md:17:81 error MD013/line-length Line length [Expected: 80; Actual: 213]
audits/F10/summary.md:17:45 error MD060/table-column-style Table column style [Table pipe has extra space to the left for style "compact"]
audits/F10/summary.md:17:42 error MD060/table-column-style Table column style [Table pipe has extra space to the right for style "compact"]
audits/F10/summary.md:18:81 error MD013/line-length Line length [Expected: 80; Actual: 220]
audits/F10/summary.md:18:52 error MD060/table-column-style Table column style [Table pipe has extra space to the left for style "compact"]
audits/F10/summary.md:18:49 error MD060/table-column-style Table column style [Table pipe has extra space to the right for style "compact"]
audits/F10/summary.md:19:81 error MD013/line-length Line length [Expected: 80; Actual: 220]
audits/F10/summary.md:19:52 error MD060/table-column-style Table column style [Table pipe has extra space to the left for style "compact"]
audits/F10/summary.md:19:49 error MD060/table-column-style Table column style [Table pipe has extra space to the right for style "compact"]
audits/F11/summary.md:12:81 error MD013/line-length Line length [Expected: 80; Actual: 151]
audits/F11/summary.md:24:81 error MD013/line-length Line length [Expected: 80; Actual: 99]
audits/F3/smoke/summary.md:11:81 error MD013/line-length Line length [Expected: 80; Actual: 112]
audits/F3/summary.md:12:81 error MD013/line-length Line length [Expected: 80; Actual: 121]
audits/F3/summary.md:13:6 error MD060/table-column-style Table column style [Table pipe is missing space to the left for style "compact"]
audits/F3/summary.md:13:11 error MD060/table-column-style Table column style [Table pipe is missing space to the left for style "compact"]
audits/F3/summary.md:13:16 error MD060/table-column-style Table column style [Table pipe is missing space to the left for style "compact"]
audits/F3/summary.md:13:21 error MD060/table-column-style Table column style [Table pipe is missing space to the left for style "compact"]
audits/F3/summary.md:13:26 error MD060/table-column-style Table column style [Table pipe is missing space to the left for style "compact"]
audits/F3/summary.md:13:31 error MD060/table-column-style Table column style [Table pipe is missing space to the left for style "compact"]
audits/F3/summary.md:13:36 error MD060/table-column-style Table column style [Table pipe is missing space to the left for style "compact"]
audits/F3/summary.md:13:40 error MD060/table-column-style Table column style [Table pipe is missing space to the left for style "compact"]
audits/F3/summary.md:13:1 error MD060/table-column-style Table column style [Table pipe is missing space to the right for style "compact"]
audits/F3/summary.md:13:6 error MD060/table-column-style Table column style [Table pipe is missing space to the right for style "compact"]
audits/F3/summary.md:13:11 error MD060/table-column-style Table column style [Table pipe is missing space to the right for style "compact"]
audits/F3/summary.md:13:16 error MD060/table-column-style Table column style [Table pipe is missing space to the right for style "compact"]
audits/F3/summary.md:13:21 error MD060/table-column-style Table column style [Table pipe is missing space to the right for style "compact"]
audits/F3/summary.md:13:26 error MD060/table-column-style Table column style [Table pipe is missing space to the right for style "compact"]
audits/F3/summary.md:13:31 error MD060/table-column-style Table column style [Table pipe is missing space to the right for style "compact"]
audits/F3/summary.md:13:36 error MD060/table-column-style Table column style [Table pipe is missing space to the right for style "compact"]
audits/F3/summary.md:14:81 error MD013/line-length Line length [Expected: 80; Actual: 112]
audits/F3/summary.md:15:81 error MD013/line-length Line length [Expected: 80; Actual: 88]
audits/F3/summary.md:16:81 error MD013/line-length Line length [Expected: 80; Actual: 82]
audits/F3/summary.md:17:81 error MD013/line-length Line length [Expected: 80; Actual: 112]
audits/F4/summary.md:7:81 error MD013/line-length Line length [Expected: 80; Actual: 84]
audits/F4/summary.md:13:81 error MD013/line-length Line length [Expected: 80; Actual: 105]
audits/F4/summary.md:14:81 error MD013/line-length Line length [Expected: 80; Actual: 94]
audits/F4/summary.md:15:81 error MD013/line-length Line length [Expected: 80; Actual: 108]
audits/F4/summary.md:26:81 error MD013/line-length Line length [Expected: 80; Actual: 97]
audits/F4/summary.md:27:81 error MD013/line-length Line length [Expected: 80; Actual: 98]
audits/F4/summary.md:28:81 error MD013/line-length Line length [Expected: 80; Actual: 105]
audits/F4/summary.md:29:81 error MD013/line-length Line length [Expected: 80; Actual: 105]
audits/F4/summary.md:30:81 error MD013/line-length Line length [Expected: 80; Actual: 96]
audits/F4/summary.md:31:81 error MD013/line-length Line length [Expected: 80; Actual: 107]
audits/F4/summary.md:38:81 error MD013/line-length Line length [Expected: 80; Actual: 95]
audits/F5/summary.md:4:81 error MD013/line-length Line length [Expected: 80; Actual: 89]
audits/F5/summary.md:5:81 error MD013/line-length Line length [Expected: 80; Actual: 106]
audits/F5/summary.md:10:5 error MD060/table-column-style Table column style [Table pipe is missing space to the left for style "compact"]
audits/F5/summary.md:10:9 error MD060/table-column-style Table column style [Table pipe is missing space to the left for style "compact"]
audits/F5/summary.md:10:13 error MD060/table-column-style Table column style [Table pipe is missing space to the left for style "compact"]
audits/F5/summary.md:10:1 error MD060/table-column-style Table column style [Table pipe is missing space to the right for style "compact"]
audits/F5/summary.md:10:5 error MD060/table-column-style Table column style [Table pipe is missing space to the right for style "compact"]
audits/F5/summary.md:10:9 error MD060/table-column-style Table column style [Table pipe is missing space to the right for style "compact"]
audits/F5/summary.md:11:81 error MD013/line-length Line length [Expected: 80; Actual: 113]
audits/F5/summary.md:12:81 error MD013/line-length Line length [Expected: 80; Actual: 117]
audits/F5/summary.md:13:81 error MD013/line-length Line length [Expected: 80; Actual: 116]
audits/F5/summary.md:14:81 error MD013/line-length Line length [Expected: 80; Actual: 122]
audits/F5/summary.md:20:81 error MD013/line-length Line length [Expected: 80; Actual: 159]
audits/F5/summary.md:27:81 error MD013/line-length Line length [Expected: 80; Actual: 92]
audits/F5/summary.md:28:81 error MD013/line-length Line length [Expected: 80; Actual: 114]
audits/F5/summary.md:29:81 error MD013/line-length Line length [Expected: 80; Actual: 115]
audits/FEATURE_ROADMAP.md:13 error MD032/blanks-around-lists Lists should be surrounded by blank lines [Context: "1. **Background & motivation**..."]
audits/FEATURE_ROADMAP.md:15:81 error MD013/line-length Line length [Expected: 80; Actual: 91]
audits/FEATURE_ROADMAP.md:22:5 error MD060/table-column-style Table column style [Table pipe is missing space to the left for style "compact"]
audits/FEATURE_ROADMAP.md:22:9 error MD060/table-column-style Table column style [Table pipe is missing space to the left for style "compact"]
audits/FEATURE_ROADMAP.md:22:13 error MD060/table-column-style Table column style [Table pipe is missing space to the left for style "compact"]
audits/FEATURE_ROADMAP.md:22:17 error MD060/table-column-style Table column style [Table pipe is missing space to the left for style "compact"]
audits/FEATURE_ROADMAP.md:22:21 error MD060/table-column-style Table column style [Table pipe is missing space to the left for style "compact"]
audits/FEATURE_ROADMAP.md:22:1 error MD060/table-column-style Table column style [Table pipe is missing space to the right for style "compact"]
audits/FEATURE_ROADMAP.md:22:5 error MD060/table-column-style Table column style [Table pipe is missing space to the right for style "compact"]
audits/FEATURE_ROADMAP.md:22:9 error MD060/table-column-style Table column style [Table pipe is missing space to the right for style "compact"]
audits/FEATURE_ROADMAP.md:22:13 error MD060/table-column-style Table column style [Table pipe is missing space to the right for style "compact"]
audits/FEATURE_ROADMAP.md:22:17 error MD060/table-column-style Table column style [Table pipe is missing space to the right for style "compact"]
audits/FEATURE_ROADMAP.md:24:81 error MD013/line-length Line length [Expected: 80; Actual: 103]
audits/FEATURE_ROADMAP.md:25:81 error MD013/line-length Line length [Expected: 80; Actual: 93]
audits/FEATURE_ROADMAP.md:26:81 error MD013/line-length Line length [Expected: 80; Actual: 100]
audits/FEATURE_ROADMAP.md:27:81 error MD013/line-length Line length [Expected: 80; Actual: 94]
audits/FEATURE_ROADMAP.md:28:81 error MD013/line-length Line length [Expected: 80; Actual: 87]
audits/FEATURE_ROADMAP.md:30:81 error MD013/line-length Line length [Expected: 80; Actual: 93]
audits/FEATURE_ROADMAP.md:31:81 error MD013/line-length Line length [Expected: 80; Actual: 88]
audits/FEATURE_ROADMAP.md:32:81 error MD013/line-length Line length [Expected: 80; Actual: 97]
audits/FEATURE_ROADMAP.md:33:81 error MD013/line-length Line length [Expected: 80; Actual: 113]
audits/FEATURE_ROADMAP.md:34:81 error MD013/line-length Line length [Expected: 80; Actual: 82]
audits/FEATURE_ROADMAP.md:36:81 error MD013/line-length Line length [Expected: 80; Actual: 81]
audits/FEATURE_ROADMAP.md:39:81 error MD013/line-length Line length [Expected: 80; Actual: 87]
audits/FEATURE_ROADMAP.md:39 error MD032/blanks-around-lists Lists should be surrounded by blank lines [Context: "- No rewrites to encoders, dec..."]
audits/FEATURE_ROADMAP.md:42:81 error MD013/line-length Line length [Expected: 80; Actual: 85]
audits/FEATURE_ROADMAP.md:43:81 error MD013/line-length Line length [Expected: 80; Actual: 86]
audits/FEATURE_ROADMAP.md:68:81 error MD013/line-length Line length [Expected: 80; Actual: 95]
audits/FEATURE_ROADMAP.md:75:81 error MD013/line-length Line length [Expected: 80; Actual: 88]
audits/FEATURE_ROADMAP.md:97:81 error MD013/line-length Line length [Expected: 80; Actual: 88]
audits/FEATURE_ROADMAP.md:102:81 error MD013/line-length Line length [Expected: 80; Actual: 88]
audits/FEATURE_ROADMAP.md:113:81 error MD013/line-length Line length [Expected: 80; Actual: 98]
audits/FEATURE_ROADMAP.md:114:81 error MD013/line-length Line length [Expected: 80; Actual: 83]
audits/FEATURE_ROADMAP.md:115:81 error MD013/line-length Line length [Expected: 80; Actual: 86]
audits/FEATURE_ROADMAP.md:123:81 error MD013/line-length Line length [Expected: 80; Actual: 184]
audits/FEATURE_ROADMAP.md:126 error MD032/blanks-around-lists Lists should be surrounded by blank lines [Context: "- `encode_cells`, `decode_coun..."]
audits/FEATURE_ROADMAP.md:128:81 error MD013/line-length Line length [Expected: 80; Actual: 108]
audits/FEATURE_ROADMAP.md:130:81 error MD013/line-length Line length [Expected: 80; Actual: 105]
audits/FEATURE_ROADMAP.md:133:81 error MD013/line-length Line length [Expected: 80; Actual: 92]
audits/FEATURE_ROADMAP.md:141:81 error MD013/line-length Line length [Expected: 80; Actual: 91]
audits/FEATURE_ROADMAP.md:144 error MD032/blanks-around-lists Lists should be surrounded by blank lines [Context: "- Model/module kwargs (all def..."]
audits/FEATURE_ROADMAP.md:145:81 error MD013/line-length Line length [Expected: 80; Actual: 91]
audits/FEATURE_ROADMAP.md:150:81 error MD013/line-length Line length [Expected: 80; Actual: 108]
audits/FEATURE_ROADMAP.md:150 error MD032/blanks-around-lists Lists should be surrounded by blank lines [Context: "1. `tests/test_orthogonality_l..."]
audits/FEATURE_ROADMAP.md:151:81 error MD013/line-length Line length [Expected: 80; Actual: 99]
audits/FEATURE_ROADMAP.md:153:81 error MD013/line-length Line length [Expected: 80; Actual: 92]
audits/FEATURE_ROADMAP.md:157:81 error MD013/line-length Line length [Expected: 80; Actual: 88]
audits/FEATURE_ROADMAP.md:160:5 error MD060/table-column-style Table column style [Table pipe is missing space to the left for style "compact"]
audits/FEATURE_ROADMAP.md:160:9 error MD060/table-column-style Table column style [Table pipe is missing space to the left for style "compact"]
audits/FEATURE_ROADMAP.md:160:13 error MD060/table-column-style Table column style [Table pipe is missing space to the left for style "compact"]
audits/FEATURE_ROADMAP.md:160:1 error MD060/table-column-style Table column style [Table pipe is missing space to the right for style "compact"]
audits/FEATURE_ROADMAP.md:160:5 error MD060/table-column-style Table column style [Table pipe is missing space to the right for style "compact"]
audits/FEATURE_ROADMAP.md:160:9 error MD060/table-column-style Table column style [Table pipe is missing space to the right for style "compact"]
audits/FEATURE_ROADMAP.md:161:81 error MD013/line-length Line length [Expected: 80; Actual: 91]
audits/FEATURE_ROADMAP.md:177:81 error MD013/line-length Line length [Expected: 80; Actual: 125]
audits/FEATURE_ROADMAP.md:181:81 error MD013/line-length Line length [Expected: 80; Actual: 99]
audits/FEATURE_ROADMAP.md:183:81 error MD013/line-length Line length [Expected: 80; Actual: 95]
audits/FEATURE_ROADMAP.md:195:81 error MD013/line-length Line length [Expected: 80; Actual: 184]
audits/FEATURE_ROADMAP.md:198 error MD032/blanks-around-lists Lists should be surrounded by blank lines [Context: "- P1: unmatched private swap (..."]
audits/FEATURE_ROADMAP.md:201:81 error MD013/line-length Line length [Expected: 80; Actual: 89]
audits/FEATURE_ROADMAP.md:205:81 error MD013/line-length Line length [Expected: 80; Actual: 90]
audits/FEATURE_ROADMAP.md:205 error MD032/blanks-around-lists Lists should be surrounded by blank lines [Context: "1. `tests/test_counterfactual_..."]
audits/FEATURE_ROADMAP.md:206:81 error MD013/line-length Line length [Expected: 80; Actual: 101]
audits/FEATURE_ROADMAP.md:212:5 error MD060/table-column-style Table column style [Table pipe is missing space to the left for style "compact"]
audits/FEATURE_ROADMAP.md:212:9 error MD060/table-column-style Table column style [Table pipe is missing space to the left for style "compact"]
audits/FEATURE_ROADMAP.md:212:13 error MD060/table-column-style Table column style [Table pipe is missing space to the left for style "compact"]
audits/FEATURE_ROADMAP.md:212:1 error MD060/table-column-style Table column style [Table pipe is missing space to the right for style "compact"]
audits/FEATURE_ROADMAP.md:212:5 error MD060/table-column-style Table column style [Table pipe is missing space to the right for style "compact"]
audits/FEATURE_ROADMAP.md:212:9 error MD060/table-column-style Table column style [Table pipe is missing space to the right for style "compact"]
audits/FEATURE_ROADMAP.md:214:81 error MD013/line-length Line length [Expected: 80; Actual: 87]
audits/FEATURE_ROADMAP.md:229:81 error MD013/line-length Line length [Expected: 80; Actual: 106]
audits/FEATURE_ROADMAP.md:229 error MD032/blanks-around-lists Lists should be surrounded by blank lines [Context: "- `graph_regularizer_weight: f..."]
audits/FEATURE_ROADMAP.md:234:81 error MD013/line-length Line length [Expected: 80; Actual: 95]
audits/FEATURE_ROADMAP.md:234 error MD032/blanks-around-lists Lists should be surrounded by blank lines [Context: "1. `tests/test_graph_regulariz..."]
audits/FEATURE_ROADMAP.md:241:5 error MD060/table-column-style Table column style [Table pipe is missing space to the left for style "compact"]
audits/FEATURE_ROADMAP.md:241:9 error MD060/table-column-style Table column style [Table pipe is missing space to the left for style "compact"]
audits/FEATURE_ROADMAP.md:241:13 error MD060/table-column-style Table column style [Table pipe is missing space to the left for style "compact"]
audits/FEATURE_ROADMAP.md:241:1 error MD060/table-column-style Table column style [Table pipe is missing space to the right for style "compact"]
audits/FEATURE_ROADMAP.md:241:5 error MD060/table-column-style Table column style [Table pipe is missing space to the right for style "compact"]
audits/FEATURE_ROADMAP.md:241:9 error MD060/table-column-style Table column style [Table pipe is missing space to the right for style "compact"]
audits/FEATURE_ROADMAP.md:242:81 error MD013/line-length Line length [Expected: 80; Actual: 82]
audits/FEATURE_ROADMAP.md:255 error MD032/blanks-around-lists Lists should be surrounded by blank lines [Context: "- `counterfactual_consistency_..."]
audits/FEATURE_ROADMAP.md:256:81 error MD013/line-length Line length [Expected: 80; Actual: 93]
audits/FEATURE_ROADMAP.md:261:81 error MD013/line-length Line length [Expected: 80; Actual: 97]
audits/FEATURE_ROADMAP.md:261 error MD032/blanks-around-lists Lists should be surrounded by blank lines [Context: "1. `tests/test_perturbation_ve..."]
audits/FEATURE_ROADMAP.md:262:81 error MD013/line-length Line length [Expected: 80; Actual: 90]
audits/FEATURE_ROADMAP.md:268:5 error MD060/table-column-style Table column style [Table pipe is missing space to the left for style "compact"]
audits/FEATURE_ROADMAP.md:268:9 error MD060/table-column-style Table column style [Table pipe is missing space to the left for style "compact"]
audits/FEATURE_ROADMAP.md:268:13 error MD060/table-column-style Table column style [Table pipe is missing space to the left for style "compact"]
audits/FEATURE_ROADMAP.md:268:1 error MD060/table-column-style Table column style [Table pipe is missing space to the right for style "compact"]
audits/FEATURE_ROADMAP.md:268:5 error MD060/table-column-style Table column style [Table pipe is missing space to the right for style "compact"]
audits/FEATURE_ROADMAP.md:268:9 error MD060/table-column-style Table column style [Table pipe is missing space to the right for style "compact"]
audits/FEATURE_ROADMAP.md:281:81 error MD013/line-length Line length [Expected: 80; Actual: 87]
audits/FEATURE_ROADMAP.md:281 error MD032/blanks-around-lists Lists should be surrounded by blank lines [Context: "- `shared_prior: Literal["stan..."]
audits/FEATURE_ROADMAP.md:283:81 error MD013/line-length Line length [Expected: 80; Actual: 106]
audits/FEATURE_ROADMAP.md:287:81 error MD013/line-length Line length [Expected: 80; Actual: 97]
audits/FEATURE_ROADMAP.md:287 error MD032/blanks-around-lists Lists should be surrounded by blank lines [Context: "1. `tests/test_vampprior_share..."]
audits/FEATURE_ROADMAP.md:294:5 error MD060/table-column-style Table column style [Table pipe is missing space to the left for style "compact"]
audits/FEATURE_ROADMAP.md:294:9 error MD060/table-column-style Table column style [Table pipe is missing space to the left for style "compact"]
audits/FEATURE_ROADMAP.md:294:13 error MD060/table-column-style Table column style [Table pipe is missing space to the left for style "compact"]
audits/FEATURE_ROADMAP.md:294:1 error MD060/table-column-style Table column style [Table pipe is missing space to the right for style "compact"]
audits/FEATURE_ROADMAP.md:294:5 error MD060/table-column-style Table column style [Table pipe is missing space to the right for style "compact"]
audits/FEATURE_ROADMAP.md:294:9 error MD060/table-column-style Table column style [Table pipe is missing space to the right for style "compact"]
audits/FEATURE_ROADMAP.md:308 error MD032/blanks-around-lists Lists should be surrounded by blank lines [Context: "- `latent_cycle_weight: float ..."]
audits/FEATURE_ROADMAP.md:314:81 error MD013/line-length Line length [Expected: 80; Actual: 92]
audits/FEATURE_ROADMAP.md:314 error MD032/blanks-around-lists Lists should be surrounded by blank lines [Context: "1. `tests/test_latent_cycle_lo..."]
audits/FEATURE_ROADMAP.md:321:5 error MD060/table-column-style Table column style [Table pipe is missing space to the left for style "compact"]
audits/FEATURE_ROADMAP.md:321:9 error MD060/table-column-style Table column style [Table pipe is missing space to the left for style "compact"]
audits/FEATURE_ROADMAP.md:321:13 error MD060/table-column-style Table column style [Table pipe is missing space to the left for style "compact"]
audits/FEATURE_ROADMAP.md:321:1 error MD060/table-column-style Table column style [Table pipe is missing space to the right for style "compact"]
audits/FEATURE_ROADMAP.md:321:5 error MD060/table-column-style Table column style [Table pipe is missing space to the right for style "compact"]
audits/FEATURE_ROADMAP.md:321:9 error MD060/table-column-style Table column style [Table pipe is missing space to the right for style "compact"]
audits/FEATURE_ROADMAP.md:334:81 error MD013/line-length Line length [Expected: 80; Actual: 93]
audits/FEATURE_ROADMAP.md:335:81 error MD013/line-length Line length [Expected: 80; Actual: 105]
audits/FEATURE_ROADMAP.md:338 error MD032/blanks-around-lists Lists should be surrounded by blank lines [Context: "- F10a: `spVIPESmulti.interven..."]
audits/FEATURE_ROADMAP.md:340:81 error MD013/line-length Line length [Expected: 80; Actual: 87]
audits/FEATURE_ROADMAP.md:346:5 error MD060/table-column-style Table column style [Table pipe is missing space to the left for style "compact"]
audits/FEATURE_ROADMAP.md:346:9 error MD060/table-column-style Table column style [Table pipe is missing space to the left for style "compact"]
audits/FEATURE_ROADMAP.md:346:13 error MD060/table-column-style Table column style [Table pipe is missing space to the left for style "compact"]
audits/FEATURE_ROADMAP.md:346:1 error MD060/table-column-style Table column style [Table pipe is missing space to the right for style "compact"]
audits/FEATURE_ROADMAP.md:346:5 error MD060/table-column-style Table column style [Table pipe is missing space to the right for style "compact"]
audits/FEATURE_ROADMAP.md:346:9 error MD060/table-column-style Table column style [Table pipe is missing space to the right for style "compact"]
audits/FEATURE_ROADMAP.md:358:81 error MD013/line-length Line length [Expected: 80; Actual: 83]
audits/FEATURE_ROADMAP.md:366:81 error MD013/line-length Line length [Expected: 80; Actual: 84]
audits/FEATURE_ROADMAP.md:374:81 error MD013/line-length Line length [Expected: 80; Actual: 89]
audits/FEATURE_ROADMAP.md:375:81 error MD013/line-length Line length [Expected: 80; Actual: 84]
audits/FEATURE_ROADMAP.md:386:81 error MD013/line-length Line length [Expected: 80; Actual: 87]
audits/FEATURE_ROADMAP.md:387:81 error MD013/line-length Line length [Expected: 80; Actual: 89]
audits/FEATURE_ROADMAP.md:390:81 error MD013/line-length Line length [Expected: 80; Actual: 88]
audits/FEATURE_ROADMAP.md:409:81 error MD013/line-length Line length [Expected: 80; Actual: 85]
audits/FEATURE_ROADMAP.md:431 error MD032/blanks-around-lists Lists should be surrounded by blank lines [Context: "1. Existing API behavior uncha..."]
audits/FEATURE_ROADMAP.md:432:81 error MD013/line-length Line length [Expected: 80; Actual: 86]
audits/FEATURE_ROADMAP.md:435:81 error MD013/line-length Line length [Expected: 80; Actual: 87]
audits/FEATURE_ROADMAP.md:443:5 error MD060/table-column-style Table column style [Table pipe is missing space to the left for style "compact"]
audits/FEATURE_ROADMAP.md:443:9 error MD060/table-column-style Table column style [Table pipe is missing space to the left for style "compact"]
audits/FEATURE_ROADMAP.md:443:1 error MD060/table-column-style Table column style [Table pipe is missing space to the right for style "compact"]
audits/FEATURE_ROADMAP.md:443:5 error MD060/table-column-style Table column style [Table pipe is missing space to the right for style "compact"]
audits/FEATURE_ROADMAP.md:444:81 error MD013/line-length Line length [Expected: 80; Actual: 128]
audits/FEATURE_ROADMAP.md:445:81 error MD013/line-length Line length [Expected: 80; Actual: 123]
audits/FEATURE_ROADMAP.md:446:81 error MD013/line-length Line length [Expected: 80; Actual: 85]
audits/FEATURE_ROADMAP.md:447:81 error MD013/line-length Line length [Expected: 80; Actual: 109]
audits/FEATURE_ROADMAP.md:448:81 error MD013/line-length Line length [Expected: 80; Actual: 112]
audits/FEATURE_ROADMAP.md:449:81 error MD013/line-length Line length [Expected: 80; Actual: 117]
audits/FEATURE_ROADMAP.md:450:81 error MD013/line-length Line length [Expected: 80; Actual: 108]
audits/FEATURE_ROADMAP.md:451:81 error MD013/line-length Line length [Expected: 80; Actual: 117]
audits/FEATURE_ROADMAP.md:452:81 error MD013/line-length Line length [Expected: 80; Actual: 112]
audits/FEATURE_ROADMAP.md:461:81 error MD013/line-length Line length [Expected: 80; Actual: 88]
audits/HANDOFF.md:5:81 error MD013/line-length Line length [Expected: 80; Actual: 135]
audits/HANDOFF.md:28:5 error MD060/table-column-style Table column style [Table pipe is missing space to the left for style "compact"]
audits/HANDOFF.md:28:9 error MD060/table-column-style Table column style [Table pipe is missing space to the left for style "compact"]
audits/HANDOFF.md:28:13 error MD060/table-column-style Table column style [Table pipe is missing space to the left for style "compact"]
audits/HANDOFF.md:28:1 error MD060/table-column-style Table column style [Table pipe is missing space to the right for style "compact"]
audits/HANDOFF.md:28:5 error MD060/table-column-style Table column style [Table pipe is missing space to the right for style "compact"]
audits/HANDOFF.md:28:9 error MD060/table-column-style Table column style [Table pipe is missing space to the right for style "compact"]
audits/HANDOFF.md:30:81 error MD013/line-length Line length [Expected: 80; Actual: 87]
audits/HANDOFF.md:33:81 error MD013/line-length Line length [Expected: 80; Actual: 115]
audits/HANDOFF.md:34:81 error MD013/line-length Line length [Expected: 80; Actual: 99]
audits/HANDOFF.md:36:81 error MD013/line-length Line length [Expected: 80; Actual: 89]
audits/HANDOFF.md:38:81 error MD013/line-length Line length [Expected: 80; Actual: 129]
audits/HANDOFF.md:43:5 error MD060/table-column-style Table column style [Table pipe is missing space to the left for style "compact"]
audits/HANDOFF.md:43:9 error MD060/table-column-style Table column style [Table pipe is missing space to the left for style "compact"]
audits/HANDOFF.md:43:13 error MD060/table-column-style Table column style [Table pipe is missing space to the left for style "compact"]
audits/HANDOFF.md:43:1 error MD060/table-column-style Table column style [Table pipe is missing space to the right for style "compact"]
audits/HANDOFF.md:43:5 error MD060/table-column-style Table column style [Table pipe is missing space to the right for style "compact"]
audits/HANDOFF.md:43:9 error MD060/table-column-style Table column style [Table pipe is missing space to the right for style "compact"]
audits/HANDOFF.md:50:81 error MD013/line-length Line length [Expected: 80; Actual: 100]
audits/HANDOFF.md:51:81 error MD013/line-length Line length [Expected: 80; Actual: 90]
audits/HANDOFF.md:60:81 error MD013/line-length Line length [Expected: 80; Actual: 88]
audits/HANDOFF.md:62:81 error MD013/line-length Line length [Expected: 80; Actual: 91]
audits/HANDOFF.md:64:81 error MD013/line-length Line length [Expected: 80; Actual: 90]
audits/kang_ifnb/f10b_smoke_20260513_f10b.md:9:5 error MD060/table-column-style Table column style [Table pipe is missing space to the left for style "compact"]
audits/kang_ifnb/f10b_smoke_20260513_f10b.md:9:9 error MD060/table-column-style Table column style [Table pipe is missing space to the left for style "compact"]
audits/kang_ifnb/f10b_smoke_20260513_f10b.md:9:13 error MD060/table-column-style Table column style [Table pipe is missing space to the left for style "compact"]
audits/kang_ifnb/f10b_smoke_20260513_f10b.md:9:18 error MD060/table-column-style Table column style [Table pipe is missing space to the left for style "compact"]
audits/kang_ifnb/f10b_smoke_20260513_f10b.md:9:22 error MD060/table-column-style Table column style [Table pipe is missing space to the left for style "compact"]
audits/kang_ifnb/f10b_smoke_20260513_f10b.md:9:26 error MD060/table-column-style Table column style [Table pipe is missing space to the left for style "compact"]
audits/kang_ifnb/f10b_smoke_20260513_f10b.md:9:1 error MD060/table-column-style Table column style [Table pipe is missing space to the right for style "compact"]
audits/kang_ifnb/f10b_smoke_20260513_f10b.md:9:5 error MD060/table-column-style Table column style [Table pipe is missing space to the right for style "compact"]
audits/kang_ifnb/f10b_smoke_20260513_f10b.md:9:9 error MD060/table-column-style Table column style [Table pipe is missing space to the right for style "compact"]
audits/kang_ifnb/f10b_smoke_20260513_f10b.md:9:13 error MD060/table-column-style Table column style [Table pipe is missing space to the right for style "compact"]
audits/kang_ifnb/f10b_smoke_20260513_f10b.md:9:18 error MD060/table-column-style Table column style [Table pipe is missing space to the right for style "compact"]
audits/kang_ifnb/f10b_smoke_20260513_f10b.md:9:22 error MD060/table-column-style Table column style [Table pipe is missing space to the right for style "compact"]
audits/kang_ifnb/f10b_smoke_20260513_f10b.md:10:81 error MD013/line-length Line length [Expected: 80; Actual: 182]
audits/kang_ifnb/f10b_smoke_20260513_f10b.md:11:81 error MD013/line-length Line length [Expected: 80; Actual: 171]
audits/kang_ifnb/f10b_smoke_20260513_f10b.md:12:81 error MD013/line-length Line length [Expected: 80; Actual: 171]
audits/kang_ifnb/f10b_smoke_20260513_f10b.md:13:81 error MD013/line-length Line length [Expected: 80; Actual: 177]
audits/kang_ifnb/f10b_smoke_20260513_f10b.md:14:81 error MD013/line-length Line length [Expected: 80; Actual: 177]
audits/kang_ifnb/f10b_smoke_20260513_f10b.md:15:81 error MD013/line-length Line length [Expected: 80; Actual: 222]
audits/kang_ifnb/f10b_smoke_20260513_f10b.md:15:54 error MD060/table-column-style Table column style [Table pipe has extra space to the left for style "compact"]
audits/kang_ifnb/f10b_smoke_20260513_f10b.md:15:51 error MD060/table-column-style Table column style [Table pipe has extra space to the right for style "compact"]
audits/kang_ifnb/f10b_smoke_20260513_f10b.md:16:81 error MD013/line-length Line length [Expected: 80; Actual: 213]
audits/kang_ifnb/f10b_smoke_20260513_f10b.md:16:45 error MD060/table-column-style Table column style [Table pipe has extra space to the left for style "compact"]
audits/kang_ifnb/f10b_smoke_20260513_f10b.md:16:42 error MD060/table-column-style Table column style [Table pipe has extra space to the right for style "compact"]
audits/kang_ifnb/f10b_smoke_20260513_f10b.md:17:81 error MD013/line-length Line length [Expected: 80; Actual: 213]
audits/kang_ifnb/f10b_smoke_20260513_f10b.md:17:45 error MD060/table-column-style Table column style [Table pipe has extra space to the left for style "compact"]
audits/kang_ifnb/f10b_smoke_20260513_f10b.md:17:42 error MD060/table-column-style Table column style [Table pipe has extra space to the right for style "compact"]
audits/kang_ifnb/f10b_smoke_20260513_f10b.md:18:81 error MD013/line-length Line length [Expected: 80; Actual: 220]
audits/kang_ifnb/f10b_smoke_20260513_f10b.md:18:52 error MD060/table-column-style Table column style [Table pipe has extra space to the left for style "compact"]
audits/kang_ifnb/f10b_smoke_20260513_f10b.md:18:49 error MD060/table-column-style Table column style [Table pipe has extra space to the right for style "compact"]
audits/kang_ifnb/f10b_smoke_20260513_f10b.md:19:81 error MD013/line-length Line length [Expected: 80; Actual: 220]
audits/kang_ifnb/f10b_smoke_20260513_f10b.md:19:52 error MD060/table-column-style Table column style [Table pipe has extra space to the left for style "compact"]
audits/kang_ifnb/f10b_smoke_20260513_f10b.md:19:49 error MD060/table-column-style Table column style [Table pipe has extra space to the right for style "compact"]
audits/kang_ifnb/README.md:12:25 error MD034/no-bare-urls Bare URL used [Context: "https://github.com/nrclaudio/s..."]
audits/kang_ifnb/README.md:14:3 error MD034/no-bare-urls Bare URL used [Context: "https://github.com/scverse/scv..."]
audits/kang_ifnb/README.md:84:81 error MD013/line-length Line length [Expected: 80; Actual: 169]
audits/kang_ifnb/README.md:88:81 error MD013/line-length Line length [Expected: 80; Actual: 164]
audits/PLAN.md:11 error MD022/blanks-around-headings Headings should be surrounded by blank lines [Expected: 1; Actual: 0; Below] [Context: "### R1. Next-phase feature roadmap"]
audits/PLAN.md:15:5 error MD060/table-column-style Table column style [Table pipe is missing space to the left for style "compact"]
audits/PLAN.md:15:9 error MD060/table-column-style Table column style [Table pipe is missing space to the left for style "compact"]
audits/PLAN.md:15:13 error MD060/table-column-style Table column style [Table pipe is missing space to the left for style "compact"]
audits/PLAN.md:15:1 error MD060/table-column-style Table column style [Table pipe is missing space to the right for style "compact"]
audits/PLAN.md:15:5 error MD060/table-column-style Table column style [Table pipe is missing space to the right for style "compact"]
audits/PLAN.md:15:9 error MD060/table-column-style Table column style [Table pipe is missing space to the right for style "compact"]
audits/PLAN.md:17:81 error MD013/line-length Line length [Expected: 80; Actual: 84]
audits/PLAN.md:19:81 error MD013/line-length Line length [Expected: 80; Actual: 99]
audits/PLAN.md:20:81 error MD013/line-length Line length [Expected: 80; Actual: 102]
audits/PLAN.md:21:81 error MD013/line-length Line length [Expected: 80; Actual: 110]
audits/PLAN.md:22:81 error MD013/line-length Line length [Expected: 80; Actual: 94]
audits/PLAN.md:23:81 error MD013/line-length Line length [Expected: 80; Actual: 111]
audits/PLAN.md:28 error MD032/blanks-around-lists Lists should be surrounded by blank lines [Context: "- Per-feature "Pass" rules in ..."]
audits/PLAN.md:30:81 error MD013/line-length Line length [Expected: 80; Actual: 102]
audits/PLAN.md:33 error MD032/blanks-around-lists Lists should be surrounded by blank lines [Context: "- `scripts/benchmark_kang_ifnb..."]
audits/PLAN.md:34:81 error MD013/line-length Line length [Expected: 80; Actual: 100]
audits/PLAN.md:35:81 error MD013/line-length Line length [Expected: 80; Actual: 157]
audits/PLAN.md:42:81 error MD013/line-length Line length [Expected: 80; Actual: 98]
audits/PLAN.md:43:81 error MD013/line-length Line length [Expected: 80; Actual: 92]
audits/PLAN.md:44:81 error MD013/line-length Line length [Expected: 80; Actual: 89]
audits/PLAN.md:45:81 error MD013/line-length Line length [Expected: 80; Actual: 88]
audits/PLAN.md:52:81 error MD013/line-length Line length [Expected: 80; Actual: 106]
audits/PLAN.md:55 error MD022/blanks-around-headings Headings should be surrounded by blank lines [Expected: 1; Actual: 0; Below] [Context: "### P-PERF-1. Vectorize `_label_based_poe` reassembly"]
audits/PLAN.md:59 error MD022/blanks-around-headings Headings should be surrounded by blank lines [Expected: 1; Actual: 0; Below] [Context: "### P-PERF-2. Low-rank mixer in `LinearDecoderSPVIPE`"]
audits/PLAN.md:65 error MD022/blanks-around-headings Headings should be surrounded by blank lines [Expected: 1; Actual: 0; Below] [Context: "### P-PERF-3. `torch.compile` (blocked on P-PERF-1)"]
audits/PLAN.md:71 error MD022/blanks-around-headings Headings should be surrounded by blank lines [Expected: 1; Actual: 0; Below] [Context: "### P-PERF-4. SiLU activation in encoder"]
audits/PLAN.md:77 error MD022/blanks-around-headings Headings should be surrounded by blank lines [Expected: 1; Actual: 0; Below] [Context: "### N5-D. Fix adversarial overreach on z_private"]
audits/PLAN.md:83 error MD022/blanks-around-headings Headings should be surrounded by blank lines [Expected: 1; Actual: 0; Below] [Context: "### N5-E. Class-weighted CE for minority cell types"]
audits/PLAN.md:89 error MD022/blanks-around-headings Headings should be surrounded by blank lines [Expected: 1; Actual: 0; Below] [Context: "### P6. Multi-covariate generalization"]
audits/PLAN.md:95 error MD022/blanks-around-headings Headings should be surrounded by blank lines [Expected: 1; Actual: 0; Below] [Context: "### scDisInFact data evaluation"]
audits/PLAN.md:99:12 error MD034/no-bare-urls Bare URL used [Context: "https://github.com/ZhangLabGT/..."]
audits/PROGRESS.md:6 error MD032/blanks-around-lists Lists should be surrounded by blank lines [Context: "- Add concise milestone entrie..."]
audits/PROGRESS.md:8:81 error MD013/line-length Line length [Expected: 80; Actual: 92]
audits/PROGRESS.md:14:81 error MD013/line-length Line length [Expected: 80; Actual: 91]
audits/PROGRESS.md:17 error MD032/blanks-around-lists Lists should be surrounded by blank lines [Context: "- Added `spVIPESmulti.metrics...."]
audits/PROGRESS.md:29 error MD032/blanks-around-lists Lists should be surrounded by blank lines [Context: "- `audits/F11/recommendation.j..."]
audits/PROGRESS.md:36:81 error MD013/line-length Line length [Expected: 80; Actual: 84]
audits/PROGRESS.md:36 error MD032/blanks-around-lists Lists should be surrounded by blank lines [Context: "- `conda run -n spvm python -m..."]
audits/PROGRESS.md:40:81 error MD013/line-length Line length [Expected: 80; Actual: 181]
audits/PROGRESS.md:41:81 error MD013/line-length Line length [Expected: 80; Actual: 92]
audits/PROGRESS.md:47 error MD032/blanks-around-lists Lists should be surrounded by blank lines [Context: "- `src/spVIPESmulti/metrics.py..."]
audits/PROGRESS.md:62 error MD022/blanks-around-headings Headings should be surrounded by blank lines [Expected: 1; Actual: 0; Below] [Context: "### F3 real Kang audit"]
audits/PROGRESS.md:66 error MD032/blanks-around-lists Lists should be surrounded by blank lines [Context: "- Corrected `scripts/benchmark..."]
audits/PROGRESS.md:78 error MD032/blanks-around-lists Lists should be surrounded by blank lines [Context: "- `audits/F3/recommendation.js..."]
audits/PROGRESS.md:85 error MD022/blanks-around-headings Headings should be surrounded by blank lines [Expected: 1; Actual: 0; Below] [Context: "### F5 donor/condition-aware protocols"]
audits/PROGRESS.md:89 error MD032/blanks-around-lists Lists should be surrounded by blank lines [Context: "- Added `src/spVIPESmulti/inte..."]
audits/PROGRESS.md:101 error MD032/blanks-around-lists Lists should be surrounded by blank lines [Context: "- `conda run -n spvm python -m..."]
audits/PROGRESS.md:103:81 error MD013/line-length Line length [Expected: 80; Actual: 156]
audits/PROGRESS.md:105:81 error MD013/line-length Line length [Expected: 80; Actual: 199]
audits/PROGRESS.md:106:81 error MD013/line-length Line length [Expected: 80; Actual: 90]
audits/PROGRESS.md:108:81 error MD013/line-length Line length [Expected: 80; Actual: 95]
audits/PROGRESS.md:112:81 error MD013/line-length Line length [Expected: 80; Actual: 159]
audits/PROGRESS.md:118 error MD032/blanks-around-lists Lists should be surrounded by blank lines [Context: "- `scripts/benchmark_f3_orthog..."]
audits/PROGRESS.md:132:81 error MD013/line-length Line length [Expected: 80; Actual: 91]
audits/PROGRESS.md:138 error MD022/blanks-around-headings Headings should be surrounded by blank lines [Expected: 1; Actual: 0; Below] [Context: "### Optional shared-private orthogonality regularizer"]
audits/PROGRESS.md:142 error MD032/blanks-around-lists Lists should be surrounded by blank lines [Context: "- Added `orthogonality_weight`..."]
audits/PROGRESS.md:158:81 error MD013/line-length Line length [Expected: 80; Actual: 128]
audits/PROGRESS.md:158 error MD032/blanks-around-lists Lists should be surrounded by blank lines [Context: "- `pytest tests/test_orthogona..."]
audits/PROGRESS.md:161:81 error MD013/line-length Line length [Expected: 80; Actual: 126]
audits/PROGRESS.md:163:81 error MD013/line-length Line length [Expected: 80; Actual: 92]
audits/PROGRESS.md:167 error MD032/blanks-around-lists Lists should be surrounded by blank lines [Context: "- `src/spVIPESmulti/model/_dis..."]
audits/PROGRESS.md:183 error MD022/blanks-around-headings Headings should be surrounded by blank lines [Expected: 1; Actual: 0; Below] [Context: "### Conda/Jupyter import isolation"]
audits/PROGRESS.md:187 error MD032/blanks-around-lists Lists should be surrounded by blank lines [Context: "- Diagnosed `RuntimeError: ope..."]
audits/PROGRESS.md:191:81 error MD013/line-length Line length [Expected: 80; Actual: 90]
audits/PROGRESS.md:193:81 error MD013/line-length Line length [Expected: 80; Actual: 90]
audits/PROGRESS.md:197 error MD032/blanks-around-lists Lists should be surrounded by blank lines [Context: "- `conda run -n spvm python -m..."]
audits/PROGRESS.md:198:81 error MD013/line-length Line length [Expected: 80; Actual: 101]
audits/PROGRESS.md:201 error MD032/blanks-around-lists Lists should be surrounded by blank lines [Context: "- `src/sitecustomize.py`"]
audits/PROGRESS.md:210 error MD022/blanks-around-headings Headings should be surrounded by blank lines [Expected: 1; Actual: 0; Below] [Context: "### External parity audit harness"]
audits/PROGRESS.md:214:81 error MD013/line-length Line length [Expected: 80; Actual: 96]
audits/PROGRESS.md:214 error MD032/blanks-around-lists Lists should be surrounded by blank lines [Context: "- Added `scripts/benchmark_kan..."]
audits/PROGRESS.md:215:81 error MD013/line-length Line length [Expected: 80; Actual: 97]
audits/PROGRESS.md:218:81 error MD013/line-length Line length [Expected: 80; Actual: 92]
audits/PROGRESS.md:223:81 error MD013/line-length Line length [Expected: 80; Actual: 91]
audits/PROGRESS.md:223 error MD032/blanks-around-lists Lists should be surrounded by blank lines [Context: "- `pytest tests/test_celldisec..."]
audits/PROGRESS.md:225:81 error MD013/line-length Line length [Expected: 80; Actual: 95]
audits/PROGRESS.md:229 error MD032/blanks-around-lists Lists should be surrounded by blank lines [Context: "- `scripts/benchmark_kang_cell..."]
audits/PROGRESS.md:239 error MD022/blanks-around-headings Headings should be surrounded by blank lines [Expected: 1; Actual: 0; Below] [Context: "### Interventions and audit metric support"]
audits/PROGRESS.md:243 error MD032/blanks-around-lists Lists should be surrounded by blank lines [Context: "- Added the additive `spVIPESm..."]
audits/PROGRESS.md:248:81 error MD013/line-length Line length [Expected: 80; Actual: 90]
audits/PROGRESS.md:249:81 error MD013/line-length Line length [Expected: 80; Actual: 94]
audits/PROGRESS.md:253:81 error MD013/line-length Line length [Expected: 80; Actual: 170]
audits/PROGRESS.md:253 error MD032/blanks-around-lists Lists should be surrounded by blank lines [Context: "- `pytest tests/test_counterfa..."]
audits/PROGRESS.md:258 error MD032/blanks-around-lists Lists should be surrounded by blank lines [Context: "- `src/spVIPESmulti/interventi..."]
audits/PROGRESS.md:269 error MD022/blanks-around-headings Headings should be surrounded by blank lines [Expected: 1; Actual: 0; Below] [Context: "### Notebook: `docs/notebooks/kang_ifn_commit_old.ipynb`"]
audits/PROGRESS.md:273 error MD032/blanks-around-lists Lists should be surrounded by blank lines [Context: "- Registered `condition_key="l..."]
audits/PROGRESS.md:276:81 error MD013/line-length Line length [Expected: 80; Actual: 87]
audits/PROGRESS.md:278:81 error MD013/line-length Line length [Expected: 80; Actual: 88]
audits/PROGRESS.md:280:81 error MD013/line-length Line length [Expected: 80; Actual: 90]
audits/PROGRESS.md:283:81 error MD013/line-length Line length [Expected: 80; Actual: 99]
audits/PROGRESS.md:283 error MD032/blanks-around-lists Lists should be surrounded by blank lines [Context: "- Notebook JSON parses; code c..."]
audits/PROGRESS.md:287 error MD032/blanks-around-lists Lists should be surrounded by blank lines [Context: "- `docs/notebooks/kang_ifn_com..."]
audits/PROGRESS.md:293 error MD022/blanks-around-headings Headings should be surrounded by blank lines [Expected: 1; Actual: 0; Below] [Context: "### F4-lite: Covariate registration, heads, and probe harness"]
audits/PROGRESS.md:297 error MD032/blanks-around-lists Lists should be surrounded by blank lines [Context: "- Extended `setup_anndata(...)..."]
audits/PROGRESS.md:301:81 error MD013/line-length Line length [Expected: 80; Actual: 85]
audits/PROGRESS.md:304:81 error MD013/line-length Line length [Expected: 80; Actual: 87]
audits/PROGRESS.md:309:81 error MD013/line-length Line length [Expected: 80; Actual: 147]
audits/PROGRESS.md:309 error MD032/blanks-around-lists Lists should be surrounded by blank lines [Context: "- `pytest tests/test_covariate..."]
audits/PROGRESS.md:315 error MD032/blanks-around-lists Lists should be surrounded by blank lines [Context: "- `src/spVIPESmulti/model/_dis..."]
audits/PROGRESS.md:326 error MD022/blanks-around-headings Headings should be surrounded by blank lines [Expected: 1; Actual: 0; Below] [Context: "### F1: Conditional orthogonality instrumentation closed"]
audits/PROGRESS.md:330:81 error MD013/line-length Line length [Expected: 80; Actual: 94]
audits/PROGRESS.md:330 error MD032/blanks-around-lists Lists should be surrounded by blank lines [Context: "- Added `scripts/benchmark_f1_..."]
audits/PROGRESS.md:335:81 error MD013/line-length Line length [Expected: 80; Actual: 84]
audits/PROGRESS.md:335 error MD032/blanks-around-lists Lists should be surrounded by blank lines [Context: "- `pytest tests/test_disentang..."]
audits/PROGRESS.md:341 error MD032/blanks-around-lists Lists should be surrounded by blank lines [Context: "- `scripts/benchmark_f1_overhe..."]
audits/PROGRESS.md:348 error MD022/blanks-around-headings Headings should be surrounded by blank lines [Expected: 1; Actual: 0; Below] [Context: "### P-PERF-1: Vectorize `_label_based_poe` reassembly"]
audits/PROGRESS.md:352:81 error MD013/line-length Line length [Expected: 80; Actual: 83]
audits/PROGRESS.md:352 error MD032/blanks-around-lists Lists should be surrounded by blank lines [Context: "- Replaced the per-cell Python..."]
audits/PROGRESS.md:354:81 error MD013/line-length Line length [Expected: 80; Actual: 85]
audits/PROGRESS.md:358 error MD032/blanks-around-lists Lists should be surrounded by blank lines [Context: "- `src/spVIPESmulti/module/spV..."]
audits/PROGRESS.md:360 error MD022/blanks-around-headings Headings should be surrounded by blank lines [Expected: 1; Actual: 0; Below] [Context: "### VAL-GATE: Gate `_validate_likelihood_observations`"]
audits/PROGRESS.md:362 error MD032/blanks-around-lists Lists should be surrounded by blank lines [Context: "- Added `validate_observations..."]
audits/PROGRESS.md:366 error MD022/blanks-around-headings Headings should be surrounded by blank lines [Expected: 1; Actual: 0; Below] [Context: "### DL-WORKERS: Expose `num_workers` in `train()`"]
audits/PROGRESS.md:368 error MD032/blanks-around-lists Lists should be surrounded by blank lines [Context: "- Added `num_workers: int = 0`..."]
audits/PROGRESS.md:374 error MD032/blanks-around-lists Lists should be surrounded by blank lines [Context: "- `pytest tests/ -q --ignore=t..."]
audits/PROGRESS.md:383:5 error MD060/table-column-style Table column style [Table pipe is missing space to the left for style "compact"]
audits/PROGRESS.md:383:9 error MD060/table-column-style Table column style [Table pipe is missing space to the left for style "compact"]
audits/PROGRESS.md:383:13 error MD060/table-column-style Table column style [Table pipe is missing space to the left for style "compact"]
audits/PROGRESS.md:383:1 error MD060/table-column-style Table column style [Table pipe is missing space to the right for style "compact"]
audits/PROGRESS.md:383:5 error MD060/table-column-style Table column style [Table pipe is missing space to the right for style "compact"]
audits/PROGRESS.md:383:9 error MD060/table-column-style Table column style [Table pipe is missing space to the right for style "compact"]
audits/PROGRESS.md:384:81 error MD013/line-length Line length [Expected: 80; Actual: 145]
audits/PROGRESS.md:385:81 error MD013/line-length Line length [Expected: 80; Actual: 142]
audits/PROGRESS.md:386:81 error MD013/line-length Line length [Expected: 80; Actual: 143]
audits/PROGRESS.md:387:81 error MD013/line-length Line length [Expected: 80; Actual: 157]
audits/PROGRESS.md:388:81 error MD013/line-length Line length [Expected: 80; Actual: 183]
audits/PROGRESS.md:389:81 error MD013/line-length Line length [Expected: 80; Actual: 205]
audits/PROGRESS.md:390:81 error MD013/line-length Line length [Expected: 80; Actual: 153]
audits/PROGRESS.md:391:81 error MD013/line-length Line length [Expected: 80; Actual: 180]
audits/PROGRESS.md:392:81 error MD013/line-length Line length [Expected: 80; Actual: 251]
audits/PROGRESS.md:393:81 error MD013/line-length Line length [Expected: 80; Actual: 173]
audits/PROGRESS.md:394:81 error MD013/line-length Line length [Expected: 80; Actual: 128]
audits/PROGRESS.md:395:81 error MD013/line-length Line length [Expected: 80; Actual: 191]
audits/PROGRESS.md:396:81 error MD013/line-length Line length [Expected: 80; Actual: 197]
audits/PROGRESS.md:397:81 error MD013/line-length Line length [Expected: 80; Actual: 198]
audits/PROGRESS.md:398:81 error MD013/line-length Line length [Expected: 80; Actual: 205]
audits/PROGRESS.md:399:81 error MD013/line-length Line length [Expected: 80; Actual: 122]
audits/PROGRESS.md:400:81 error MD013/line-length Line length [Expected: 80; Actual: 218]
audits/PROGRESS.md:401:81 error MD013/line-length Line length [Expected: 80; Actual: 146]
audits/PROGRESS.md:402:81 error MD013/line-length Line length [Expected: 80; Actual: 380]
audits/PROGRESS.md:403:81 error MD013/line-length Line length [Expected: 80; Actual: 276]
audits/PROGRESS.md:404:81 error MD013/line-length Line length [Expected: 80; Actual: 225]
audits/PROGRESS.md:405:81 error MD013/line-length Line length [Expected: 80; Actual: 251]
audits/PROGRESS.md:406:81 error MD013/line-length Line length [Expected: 80; Actual: 186]
CHANGELOG.md:4:81 error MD013/line-length Line length [Expected: 80; Actual: 125]
CHANGELOG.md:16:1 error MD030/list-marker-space Spaces after list markers [Expected: 1; Actual: 3]
CHANGELOG.md:24:1 error MD030/list-marker-space Spaces after list markers [Expected: 1; Actual: 3]
CHANGELOG.md:25:1 error MD007/ul-indent Unordered list indentation [Expected: 2; Actual: 4]
CHANGELOG.md:25:81 error MD013/line-length Line length [Expected: 80; Actual: 102]
CHANGELOG.md:25:5 error MD030/list-marker-space Spaces after list markers [Expected: 1; Actual: 3]
CHANGELOG.md:26:1 error MD007/ul-indent Unordered list indentation [Expected: 2; Actual: 4]
CHANGELOG.md:26:81 error MD013/line-length Line length [Expected: 80; Actual: 161]
CHANGELOG.md:26:5 error MD030/list-marker-space Spaces after list markers [Expected: 1; Actual: 3]
CHANGELOG.md:32:1 error MD030/list-marker-space Spaces after list markers [Expected: 1; Actual: 3]
CHANGELOG.md:38:81 error MD013/line-length Line length [Expected: 80; Actual: 88]
CHANGELOG.md:38:1 error MD030/list-marker-space Spaces after list markers [Expected: 1; Actual: 3]
CHANGELOG.md:39:81 error MD013/line-length Line length [Expected: 80; Actual: 83]
CHANGELOG.md:41:1 error MD030/list-marker-space Spaces after list markers [Expected: 1; Actual: 3]
CHANGELOG.md:42:81 error MD013/line-length Line length [Expected: 80; Actual: 86]
CHANGELOG.md:45 error MD024/no-duplicate-heading Multiple headings with the same content [Context: "Added"]
CHANGELOG.md:47:1 error MD030/list-marker-space Spaces after list markers [Expected: 1; Actual: 3]
CHANGELOG.md:48:1 error MD030/list-marker-space Spaces after list markers [Expected: 1; Actual: 3]
CHANGELOG.md:50:1 error MD030/list-marker-space Spaces after list markers [Expected: 1; Actual: 3]
CHANGELOG.md:58:1 error MD030/list-marker-space Spaces after list markers [Expected: 1; Actual: 3]
CHANGELOG.md:61:1 error MD030/list-marker-space Spaces after list markers [Expected: 1; Actual: 3]
CHANGELOG.md:67:9 error MD060/table-column-style Table column style [Table pipe is missing space to the left for style "compact"]
CHANGELOG.md:67:13 error MD060/table-column-style Table column style [Table pipe is missing space to the left for style "compact"]
CHANGELOG.md:67:17 error MD060/table-column-style Table column style [Table pipe is missing space to the left for style "compact"]
CHANGELOG.md:67:21 error MD060/table-column-style Table column style [Table pipe is missing space to the left for style "compact"]
CHANGELOG.md:67:5 error MD060/table-column-style Table column style [Table pipe is missing space to the right for style "compact"]
CHANGELOG.md:67:9 error MD060/table-column-style Table column style [Table pipe is missing space to the right for style "compact"]
CHANGELOG.md:67:13 error MD060/table-column-style Table column style [Table pipe is missing space to the right for style "compact"]
CHANGELOG.md:67:17 error MD060/table-column-style Table column style [Table pipe is missing space to the right for style "compact"]
CHANGELOG.md:68:81 error MD013/line-length Line length [Expected: 80; Actual: 96]
CHANGELOG.md:69:81 error MD013/line-length Line length [Expected: 80; Actual: 98]
CHANGELOG.md:71:81 error MD013/line-length Line length [Expected: 80; Actual: 87]
CHANGELOG.md:85:1 error MD030/list-marker-space Spaces after list markers [Expected: 1; Actual: 3]
CHANGELOG.md:90:1 error MD030/list-marker-space Spaces after list markers [Expected: 1; Actual: 3]
CHANGELOG.md:93:1 error MD030/list-marker-space Spaces after list markers [Expected: 1; Actual: 3]
CHANGELOG.md:101:1 error MD030/list-marker-space Spaces after list markers [Expected: 1; Actual: 3]
CHANGELOG.md:105:1 error MD030/list-marker-space Spaces after list markers [Expected: 1; Actual: 3]
CHANGELOG.md:110:1 error MD030/list-marker-space Spaces after list markers [Expected: 1; Actual: 3]
CHANGELOG.md:125:1 error MD030/list-marker-space Spaces after list markers [Expected: 1; Actual: 3]
CHANGELOG.md:126:81 error MD013/line-length Line length [Expected: 80; Actual: 86]
CHANGELOG.md:134:1 error MD030/list-marker-space Spaces after list markers [Expected: 1; Actual: 3]
CHANGELOG.md:145 error MD024/no-duplicate-heading Multiple headings with the same content [Context: "Changed"]
CHANGELOG.md:147:1 error MD030/list-marker-space Spaces after list markers [Expected: 1; Actual: 3]
CHANGELOG.md:152:1 error MD030/list-marker-space Spaces after list markers [Expected: 1; Actual: 3]
CHANGELOG.md:160:1 error MD030/list-marker-space Spaces after list markers [Expected: 1; Actual: 3]
CHANGELOG.md:163:1 error MD030/list-marker-space Spaces after list markers [Expected: 1; Actual: 3]
CHANGELOG.md:167:1 error MD030/list-marker-space Spaces after list markers [Expected: 1; Actual: 3]
CHANGELOG.md:172:1 error MD030/list-marker-space Spaces after list markers [Expected: 1; Actual: 3]
CLAUDE.md:3:81 error MD013/line-length Line length [Expected: 80; Actual: 102]
CLAUDE.md:5:81 error MD013/line-length Line length [Expected: 80; Actual: 111]
CLAUDE.md:7:81 error MD013/line-length Line length [Expected: 80; Actual: 95]
CLAUDE.md:14 error MD032/blanks-around-lists Lists should be surrounded by blank lines [Context: "- State your assumptions expli..."]
CLAUDE.md:36 error MD032/blanks-around-lists Lists should be surrounded by blank lines [Context: "- Don't "improve" adjacent cod..."]
CLAUDE.md:42 error MD032/blanks-around-lists Lists should be surrounded by blank lines [Context: "- Remove imports/variables/fun..."]
CLAUDE.md:52 error MD032/blanks-around-lists Lists should be surrounded by blank lines [Context: "- "Add validation" -> "Write t..."]
CLAUDE.md:57 error MD031/blanks-around-fences Fenced code blocks should be surrounded by blank lines [Context: "```"]
CLAUDE.md:57 error MD040/fenced-code-language Fenced code blocks should have a language specified [Context: "```"]
CLAUDE.md:63:81 error MD013/line-length Line length [Expected: 80; Actual: 114]
CLAUDE.md:67:81 error MD013/line-length Line length [Expected: 80; Actual: 192]
CLAUDE.md:74 error MD032/blanks-around-lists Lists should be surrounded by blank lines [Context: "- `audits/HANDOFF.md`: immedia..."]
CLAUDE.md:87 error MD012/no-multiple-blanks Multiple consecutive blank lines [Expected: 1; Actual: 2]
CLAUDE.md:90:81 error MD013/line-length Line length [Expected: 80; Actual: 397]
CLAUDE.md:122:81 error MD013/line-length Line length [Expected: 80; Actual: 222]
CLAUDE.md:126 error MD040/fenced-code-language Fenced code blocks should have a language specified [Context: "```"]
CLAUDE.md:137:81 error MD013/line-length Line length [Expected: 80; Actual: 328]
CLAUDE.md:138:81 error MD013/line-length Line length [Expected: 80; Actual: 283]
CLAUDE.md:139:81 error MD013/line-length Line length [Expected: 80; Actual: 207]
CLAUDE.md:143:81 error MD013/line-length Line length [Expected: 80; Actual: 157]
CLAUDE.md:144 error MD032/blanks-around-lists Lists should be surrounded by blank lines [Context: "- `groups_lengths`, `groups_va..."]
CLAUDE.md:146:81 error MD013/line-length Line length [Expected: 80; Actual: 313]
CLAUDE.md:148:81 error MD013/line-length Line length [Expected: 80; Actual: 164]
CLAUDE.md:152:81 error MD013/line-length Line length [Expected: 80; Actual: 204]
CLAUDE.md:153:81 error MD013/line-length Line length [Expected: 80; Actual: 156]
CLAUDE.md:153 error MD032/blanks-around-lists Lists should be surrounded by blank lines [Context: "- **Label-based**: `label_key`..."]
CLAUDE.md:157:81 error MD013/line-length Line length [Expected: 80; Actual: 152]
CLAUDE.md:160:5 error MD060/table-column-style Table column style [Table pipe is missing space to the left for style "compact"]
CLAUDE.md:160:9 error MD060/table-column-style Table column style [Table pipe is missing space to the left for style "compact"]
CLAUDE.md:160:1 error MD060/table-column-style Table column style [Table pipe is missing space to the right for style "compact"]
CLAUDE.md:160:5 error MD060/table-column-style Table column style [Table pipe is missing space to the right for style "compact"]
CLAUDE.md:161:81 error MD013/line-length Line length [Expected: 80; Actual: 84]
CLAUDE.md:162:81 error MD013/line-length Line length [Expected: 80; Actual: 92]
CLAUDE.md:163:81 error MD013/line-length Line length [Expected: 80; Actual: 94]
CLAUDE.md:164:81 error MD013/line-length Line length [Expected: 80; Actual: 86]
CLAUDE.md:167:81 error MD013/line-length Line length [Expected: 80; Actual: 336]
CLAUDE.md:171:81 error MD013/line-length Line length [Expected: 80; Actual: 165]
CLAUDE.md:175:81 error MD013/line-length Line length [Expected: 80; Actual: 406]
CLAUDE.md:180:81 error MD013/line-length Line length [Expected: 80; Actual: 143]
docs/api.md:3:81 error MD013/line-length Line length [Expected: 80; Actual: 99]
docs/api.md:5:81 error MD013/line-length Line length [Expected: 80; Actual: 89]
docs/api.md:10:5 error MD060/table-column-style Table column style [Table pipe is missing space to the left for style "compact"]
docs/api.md:10:9 error MD060/table-column-style Table column style [Table pipe is missing space to the left for style "compact"]
docs/api.md:10:13 error MD060/table-column-style Table column style [Table pipe is missing space to the left for style "compact"]
docs/api.md:10:1 error MD060/table-column-style Table column style [Table pipe is missing space to the right for style "compact"]
docs/api.md:10:5 error MD060/table-column-style Table column style [Table pipe is missing space to the right for style "compact"]
docs/api.md:10:9 error MD060/table-column-style Table column style [Table pipe is missing space to the right for style "compact"]
docs/api.md:12:81 error MD013/line-length Line length [Expected: 80; Actual: 84]
docs/api.md:15:81 error MD013/line-length Line length [Expected: 80; Actual: 90]
docs/api.md:17:81 error MD013/line-length Line length [Expected: 80; Actual: 88]
docs/api.md:18:81 error MD013/line-length Line length [Expected: 80; Actual: 84]
docs/api.md:20:81 error MD013/line-length Line length [Expected: 80; Actual: 82]
docs/api.md:22:81 error MD013/line-length Line length [Expected: 80; Actual: 82]
docs/api.md:26:81 error MD013/line-length Line length [Expected: 80; Actual: 90]
docs/api.md:27:81 error MD013/line-length Line length [Expected: 80; Actual: 95]
docs/api.md:29:81 error MD013/line-length Line length [Expected: 80; Actual: 85]
docs/api.md:31:81 error MD013/line-length Line length [Expected: 80; Actual: 83]
docs/api.md:33:81 error MD013/line-length Line length [Expected: 80; Actual: 83]
docs/api.md:35:81 error MD013/line-length Line length [Expected: 80; Actual: 87]
docs/api.md:36:81 error MD013/line-length Line length [Expected: 80; Actual: 83]
docs/api.md:38:81 error MD013/line-length Line length [Expected: 80; Actual: 99]
docs/api.md:46:81 error MD013/line-length Line length [Expected: 80; Actual: 86]
docs/api.md:47:81 error MD013/line-length Line length [Expected: 80; Actual: 86]
docs/api.md:48:81 error MD013/line-length Line length [Expected: 80; Actual: 92]
docs/api.md:49:81 error MD013/line-length Line length [Expected: 80; Actual: 92]
docs/api.md:50:81 error MD013/line-length Line length [Expected: 80; Actual: 90]
docs/api.md:51:81 error MD013/line-length Line length [Expected: 80; Actual: 88]
docs/api.md:52:81 error MD013/line-length Line length [Expected: 80; Actual: 84]
docs/api.md:54:81 error MD013/line-length Line length [Expected: 80; Actual: 82]
docs/api.md:55:81 error MD013/line-length Line length [Expected: 80; Actual: 81]
docs/api.md:96:5 error MD060/table-column-style Table column style [Table pipe is missing space to the left for style "compact"]
docs/api.md:96:9 error MD060/table-column-style Table column style [Table pipe is missing space to the left for style "compact"]
docs/api.md:96:13 error MD060/table-column-style Table column style [Table pipe is missing space to the left for style "compact"]
docs/api.md:96:17 error MD060/table-column-style Table column style [Table pipe is missing space to the left for style "compact"]
docs/api.md:96:1 error MD060/table-column-style Table column style [Table pipe is missing space to the right for style "compact"]
docs/api.md:96:5 error MD060/table-column-style Table column style [Table pipe is missing space to the right for style "compact"]
docs/api.md:96:9 error MD060/table-column-style Table column style [Table pipe is missing space to the right for style "compact"]
docs/api.md:96:13 error MD060/table-column-style Table column style [Table pipe is missing space to the right for style "compact"]
docs/api.md:98:81 error MD013/line-length Line length [Expected: 80; Actual: 87]
docs/api.md:99:81 error MD013/line-length Line length [Expected: 80; Actual: 94]
docs/api.md:100:81 error MD013/line-length Line length [Expected: 80; Actual: 106]
docs/api.md:101:81 error MD013/line-length Line length [Expected: 80; Actual: 106]
docs/api.md:103:81 error MD013/line-length Line length [Expected: 80; Actual: 147]
docs/api.md:105:81 error MD013/line-length Line length [Expected: 80; Actual: 119]
docs/api.md:107:81 error MD013/line-length Line length [Expected: 80; Actual: 151]
docs/api.md:108:81 error MD013/line-length Line length [Expected: 80; Actual: 144]
docs/api.md:109:81 error MD013/line-length Line length [Expected: 80; Actual: 146]
docs/api.md:110:81 error MD013/line-length Line length [Expected: 80; Actual: 153]
docs/api.md:111:81 error MD013/line-length Line length [Expected: 80; Actual: 170]
docs/api.md:112:81 error MD013/line-length Line length [Expected: 80; Actual: 160]
docs/api.md:113:81 error MD013/line-length Line length [Expected: 80; Actual: 163]
docs/api.md:114:81 error MD013/line-length Line length [Expected: 80; Actual: 126]
docs/api.md:115:81 error MD013/line-length Line length [Expected: 80; Actual: 168]
docs/api.md:116:81 error MD013/line-length Line length [Expected: 80; Actual: 86]
docs/api.md:117:81 error MD013/line-length Line length [Expected: 80; Actual: 91]
docs/api.md:118:81 error MD013/line-length Line length [Expected: 80; Actual: 216]
docs/api.md:119:81 error MD013/line-length Line length [Expected: 80; Actual: 148]
docs/api.md:120:81 error MD013/line-length Line length [Expected: 80; Actual: 99]
docs/api.md:121:81 error MD013/line-length Line length [Expected: 80; Actual: 136]
docs/api.md:122:81 error MD013/line-length Line length [Expected: 80; Actual: 282]
docs/api.md:150:5 error MD060/table-column-style Table column style [Table pipe is missing space to the left for style "compact"]
docs/api.md:150:9 error MD060/table-column-style Table column style [Table pipe is missing space to the left for style "compact"]
docs/api.md:150:13 error MD060/table-column-style Table column style [Table pipe is missing space to the left for style "compact"]
docs/api.md:150:17 error MD060/table-column-style Table column style [Table pipe is missing space to the left for style "compact"]
docs/api.md:150:1 error MD060/table-column-style Table column style [Table pipe is missing space to the right for style "compact"]
docs/api.md:150:5 error MD060/table-column-style Table column style [Table pipe is missing space to the right for style "compact"]
docs/api.md:150:9 error MD060/table-column-style Table column style [Table pipe is missing space to the right for style "compact"]
docs/api.md:150:13 error MD060/table-column-style Table column style [Table pipe is missing space to the right for style "compact"]
docs/api.md:151:81 error MD013/line-length Line length [Expected: 80; Actual: 115]
docs/api.md:152:81 error MD013/line-length Line length [Expected: 80; Actual: 98]
docs/api.md:153:81 error MD013/line-length Line length [Expected: 80; Actual: 168]
docs/api.md:154:81 error MD013/line-length Line length [Expected: 80; Actual: 156]
docs/api.md:155:81 error MD013/line-length Line length [Expected: 80; Actual: 121]
docs/api.md:156:81 error MD013/line-length Line length [Expected: 80; Actual: 136]
docs/api.md:157:81 error MD013/line-length Line length [Expected: 80; Actual: 143]
docs/api.md:158:81 error MD013/line-length Line length [Expected: 80; Actual: 111]
docs/api.md:159:81 error MD013/line-length Line length [Expected: 80; Actual: 200]
docs/api.md:164:5 error MD060/table-column-style Table column style [Table pipe is missing space to the left for style "compact"]
docs/api.md:164:9 error MD060/table-column-style Table column style [Table pipe is missing space to the left for style "compact"]
docs/api.md:164:13 error MD060/table-column-style Table column style [Table pipe is missing space to the left for style "compact"]
docs/api.md:164:1 error MD060/table-column-style Table column style [Table pipe is missing space to the right for style "compact"]
docs/api.md:164:5 error MD060/table-column-style Table column style [Table pipe is missing space to the right for style "compact"]
docs/api.md:164:9 error MD060/table-column-style Table column style [Table pipe is missing space to the right for style "compact"]
docs/api.md:184:81 error MD013/line-length Line length [Expected: 80; Actual: 108]
docs/api.md:185:81 error MD013/line-length Line length [Expected: 80; Actual: 114]
docs/api.md:186:81 error MD013/line-length Line length [Expected: 80; Actual: 130]
docs/api.md:187:81 error MD013/line-length Line length [Expected: 80; Actual: 93]
docs/api.md:189:81 error MD013/line-length Line length [Expected: 80; Actual: 140]
docs/api.md:191:81 error MD013/line-length Line length [Expected: 80; Actual: 212]
docs/api.md:213:5 error MD060/table-column-style Table column style [Table pipe is missing space to the left for style "compact"]
docs/api.md:213:9 error MD060/table-column-style Table column style [Table pipe is missing space to the left for style "compact"]
docs/api.md:213:13 error MD060/table-column-style Table column style [Table pipe is missing space to the left for style "compact"]
docs/api.md:213:17 error MD060/table-column-style Table column style [Table pipe is missing space to the left for style "compact"]
docs/api.md:213:1 error MD060/table-column-style Table column style [Table pipe is missing space to the right for style "compact"]
docs/api.md:213:5 error MD060/table-column-style Table column style [Table pipe is missing space to the right for style "compact"]
docs/api.md:213:9 error MD060/table-column-style Table column style [Table pipe is missing space to the right for style "compact"]
docs/api.md:213:13 error MD060/table-column-style Table column style [Table pipe is missing space to the right for style "compact"]
docs/api.md:214:81 error MD013/line-length Line length [Expected: 80; Actual: 205]
docs/api.md:215:81 error MD013/line-length Line length [Expected: 80; Actual: 125]
docs/api.md:218:81 error MD013/line-length Line length [Expected: 80; Actual: 140]
docs/api.md:219:81 error MD013/line-length Line length [Expected: 80; Actual: 105]
docs/api.md:220:81 error MD013/line-length Line length [Expected: 80; Actual: 118]
docs/api.md:221:81 error MD013/line-length Line length [Expected: 80; Actual: 123]
docs/api.md:222:81 error MD013/line-length Line length [Expected: 80; Actual: 154]
docs/api.md:223:81 error MD013/line-length Line length [Expected: 80; Actual: 109]
docs/api.md:224:81 error MD013/line-length Line length [Expected: 80; Actual: 145]
docs/api.md:226:81 error MD013/line-length Line length [Expected: 80; Actual: 331]
docs/api.md:244:5 error MD060/table-column-style Table column style [Table pipe is missing space to the left for style "compact"]
docs/api.md:244:9 error MD060/table-column-style Table column style [Table pipe is missing space to the left for style "compact"]
docs/api.md:244:13 error MD060/table-column-style Table column style [Table pipe is missing space to the left for style "compact"]
docs/api.md:244:17 error MD060/table-column-style Table column style [Table pipe is missing space to the left for style "compact"]
docs/api.md:244:1 error MD060/table-column-style Table column style [Table pipe is missing space to the right for style "compact"]
docs/api.md:244:5 error MD060/table-column-style Table column style [Table pipe is missing space to the right for style "compact"]
docs/api.md:244:9 error MD060/table-column-style Table column style [Table pipe is missing space to the right for style "compact"]
docs/api.md:244:13 error MD060/table-column-style Table column style [Table pipe is missing space to the right for style "compact"]
docs/api.md:245:81 error MD013/line-length Line length [Expected: 80; Actual: 148]
docs/api.md:246:81 error MD013/line-length Line length [Expected: 80; Actual: 108]
docs/api.md:247:81 error MD013/line-length Line length [Expected: 80; Actual: 116]
docs/api.md:248:81 error MD013/line-length Line length [Expected: 80; Actual: 91]
docs/api.md:250:81 error MD013/line-length Line length [Expected: 80; Actual: 99]
docs/api.md:251:81 error MD013/line-length Line length [Expected: 80; Actual: 87]
docs/api.md:277:5 error MD060/table-column-style Table column style [Table pipe is missing space to the left for style "compact"]
docs/api.md:277:9 error MD060/table-column-style Table column style [Table pipe is missing space to the left for style "compact"]
docs/api.md:277:13 error MD060/table-column-style Table column style [Table pipe is missing space to the left for style "compact"]
docs/api.md:277:17 error MD060/table-column-style Table column style [Table pipe is missing space to the left for style "compact"]
docs/api.md:277:1 error MD060/table-column-style Table column style [Table pipe is missing space to the right for style "compact"]
docs/api.md:277:5 error MD060/table-column-style Table column style [Table pipe is missing space to the right for style "compact"]
docs/api.md:277:9 error MD060/table-column-style Table column style [Table pipe is missing space to the right for style "compact"]
docs/api.md:277:13 error MD060/table-column-style Table column style [Table pipe is missing space to the right for style "compact"]
docs/api.md:279:81 error MD013/line-length Line length [Expected: 80; Actual: 107]
docs/api.md:280:81 error MD013/line-length Line length [Expected: 80; Actual: 87]
docs/api.md:281:81 error MD013/line-length Line length [Expected: 80; Actual: 111]
docs/api.md:282:81 error MD013/line-length Line length [Expected: 80; Actual: 99]
docs/api.md:283:81 error MD013/line-length Line length [Expected: 80; Actual: 119]
docs/api.md:284:81 error MD013/line-length Line length [Expected: 80; Actual: 121]
docs/api.md:285:81 error MD013/line-length Line length [Expected: 80; Actual: 96]
docs/api.md:290:5 error MD060/table-column-style Table column style [Table pipe is missing space to the left for style "compact"]
docs/api.md:290:9 error MD060/table-column-style Table column style [Table pipe is missing space to the left for style "compact"]
docs/api.md:290:13 error MD060/table-column-style Table column style [Table pipe is missing space to the left for style "compact"]
docs/api.md:290:1 error MD060/table-column-style Table column style [Table pipe is missing space to the right for style "compact"]
docs/api.md:290:5 error MD060/table-column-style Table column style [Table pipe is missing space to the right for style "compact"]
docs/api.md:290:9 error MD060/table-column-style Table column style [Table pipe is missing space to the right for style "compact"]
docs/api.md:291:81 error MD013/line-length Line length [Expected: 80; Actual: 81]
docs/api.md:292:81 error MD013/line-length Line length [Expected: 80; Actual: 157]
docs/api.md:293:81 error MD013/line-length Line length [Expected: 80; Actual: 89]
docs/api.md:294:81 error MD013/line-length Line length [Expected: 80; Actual: 90]
docs/api.md:295:81 error MD013/line-length Line length [Expected: 80; Actual: 133]
docs/api.md:296:81 error MD013/line-length Line length [Expected: 80; Actual: 156]
docs/api.md:297:81 error MD013/line-length Line length [Expected: 80; Actual: 138]
docs/api.md:298:81 error MD013/line-length Line length [Expected: 80; Actual: 151]
docs/api.md:311:81 error MD013/line-length Line length [Expected: 80; Actual: 85]
docs/api.md:324:81 error MD013/line-length Line length [Expected: 80; Actual: 104]
docs/api.md:411:81 error MD013/line-length Line length [Expected: 80; Actual: 97]
docs/api.md:430:5 error MD060/table-column-style Table column style [Table pipe is missing space to the left for style "compact"]
docs/api.md:430:9 error MD060/table-column-style Table column style [Table pipe is missing space to the left for style "compact"]
docs/api.md:430:13 error MD060/table-column-style Table column style [Table pipe is missing space to the left for style "compact"]
docs/api.md:430:17 error MD060/table-column-style Table column style [Table pipe is missing space to the left for style "compact"]
docs/api.md:430:1 error MD060/table-column-style Table column style [Table pipe is missing space to the right for style "compact"]
docs/api.md:430:5 error MD060/table-column-style Table column style [Table pipe is missing space to the right for style "compact"]
docs/api.md:430:9 error MD060/table-column-style Table column style [Table pipe is missing space to the right for style "compact"]
docs/api.md:430:13 error MD060/table-column-style Table column style [Table pipe is missing space to the right for style "compact"]
docs/api.md:431:81 error MD013/line-length Line length [Expected: 80; Actual: 124]
docs/api.md:432:81 error MD013/line-length Line length [Expected: 80; Actual: 258]
docs/api.md:437:5 error MD060/table-column-style Table column style [Table pipe is missing space to the left for style "compact"]
docs/api.md:437:9 error MD060/table-column-style Table column style [Table pipe is missing space to the left for style "compact"]
docs/api.md:437:13 error MD060/table-column-style Table column style [Table pipe is missing space to the left for style "compact"]
docs/api.md:437:1 error MD060/table-column-style Table column style [Table pipe is missing space to the right for style "compact"]
docs/api.md:437:5 error MD060/table-column-style Table column style [Table pipe is missing space to the right for style "compact"]
docs/api.md:437:9 error MD060/table-column-style Table column style [Table pipe is missing space to the right for style "compact"]
docs/api.md:439:81 error MD013/line-length Line length [Expected: 80; Actual: 115]
docs/api.md:442:81 error MD013/line-length Line length [Expected: 80; Actual: 91]
docs/api.md:443:81 error MD013/line-length Line length [Expected: 80; Actual: 81]
docs/api.md:476:5 error MD060/table-column-style Table column style [Table pipe is missing space to the left for style "compact"]
docs/api.md:476:9 error MD060/table-column-style Table column style [Table pipe is missing space to the left for style "compact"]
docs/api.md:476:13 error MD060/table-column-style Table column style [Table pipe is missing space to the left for style "compact"]
docs/api.md:476:17 error MD060/table-column-style Table column style [Table pipe is missing space to the left for style "compact"]
docs/api.md:476:1 error MD060/table-column-style Table column style [Table pipe is missing space to the right for style "compact"]
docs/api.md:476:5 error MD060/table-column-style Table column style [Table pipe is missing space to the right for style "compact"]
docs/api.md:476:9 error MD060/table-column-style Table column style [Table pipe is missing space to the right for style "compact"]
docs/api.md:476:13 error MD060/table-column-style Table column style [Table pipe is missing space to the right for style "compact"]
docs/api.md:477:81 error MD013/line-length Line length [Expected: 80; Actual: 210]
docs/api.md:478:81 error MD013/line-length Line length [Expected: 80; Actual: 179]
docs/api.md:479:81 error MD013/line-length Line length [Expected: 80; Actual: 337]
docs/api.md:484:5 error MD060/table-column-style Table column style [Table pipe is missing space to the left for style "compact"]
docs/api.md:484:9 error MD060/table-column-style Table column style [Table pipe is missing space to the left for style "compact"]
docs/api.md:484:13 error MD060/table-column-style Table column style [Table pipe is missing space to the left for style "compact"]
docs/api.md:484:1 error MD060/table-column-style Table column style [Table pipe is missing space to the right for style "compact"]
docs/api.md:484:5 error MD060/table-column-style Table column style [Table pipe is missing space to the right for style "compact"]
docs/api.md:484:9 error MD060/table-column-style Table column style [Table pipe is missing space to the right for style "compact"]
docs/api.md:488:81 error MD013/line-length Line length [Expected: 80; Actual: 103]
docs/api.md:489:81 error MD013/line-length Line length [Expected: 80; Actual: 145]
docs/api.md:490:81 error MD013/line-length Line length [Expected: 80; Actual: 136]
docs/api.md:528:81 error MD013/line-length Line length [Expected: 80; Actual: 89]
docs/api.md:534:5 error MD060/table-column-style Table column style [Table pipe is missing space to the left for style "compact"]
docs/api.md:534:9 error MD060/table-column-style Table column style [Table pipe is missing space to the left for style "compact"]
docs/api.md:534:13 error MD060/table-column-style Table column style [Table pipe is missing space to the left for style "compact"]
docs/api.md:534:17 error MD060/table-column-style Table column style [Table pipe is missing space to the left for style "compact"]
docs/api.md:534:1 error MD060/table-column-style Table column style [Table pipe is missing space to the right for style "compact"]
docs/api.md:534:5 error MD060/table-column-style Table column style [Table pipe is missing space to the right for style "compact"]
docs/api.md:534:9 error MD060/table-column-style Table column style [Table pipe is missing space to the right for style "compact"]
docs/api.md:534:13 error MD060/table-column-style Table column style [Table pipe is missing space to the right for style "compact"]
docs/api.md:535:81 error MD013/line-length Line length [Expected: 80; Actual: 136]
docs/api.md:536:81 error MD013/line-length Line length [Expected: 80; Actual: 138]
docs/api.md:537:81 error MD013/line-length Line length [Expected: 80; Actual: 135]
docs/api.md:538:81 error MD013/line-length Line length [Expected: 80; Actual: 145]
docs/api.md:539:81 error MD013/line-length Line length [Expected: 80; Actual: 137]
docs/api.md:540:81 error MD013/line-length Line length [Expected: 80; Actual: 127]
docs/api.md:541:81 error MD013/line-length Line length [Expected: 80; Actual: 130]
docs/api.md:542:81 error MD013/line-length Line length [Expected: 80; Actual: 108]
docs/api.md:543:81 error MD013/line-length Line length [Expected: 80; Actual: 150]
docs/api.md:547:81 error MD013/line-length Line length [Expected: 80; Actual: 132]
docs/api.md:548:5 error MD060/table-column-style Table column style [Table pipe is missing space to the left for style "compact"]
docs/api.md:548:9 error MD060/table-column-style Table column style [Table pipe is missing space to the left for style "compact"]
docs/api.md:548:13 error MD060/table-column-style Table column style [Table pipe is missing space to the left for style "compact"]
docs/api.md:548:17 error MD060/table-column-style Table column style [Table pipe is missing space to the left for style "compact"]
docs/api.md:548:21 error MD060/table-column-style Table column style [Table pipe is missing space to the left for style "compact"]
docs/api.md:548:25 error MD060/table-column-style Table column style [Table pipe is missing space to the left for style "compact"]
docs/api.md:548:29 error MD060/table-column-style Table column style [Table pipe is missing space to the left for style "compact"]
docs/api.md:548:33 error MD060/table-column-style Table column style [Table pipe is missing space to the left for style "compact"]
docs/api.md:548:37 error MD060/table-column-style Table column style [Table pipe is missing space to the left for style "compact"]
docs/api.md:548:1 error MD060/table-column-style Table column style [Table pipe is missing space to the right for style "compact"]
docs/api.md:548:5 error MD060/table-column-style Table column style [Table pipe is missing space to the right for style "compact"]
docs/api.md:548:9 error MD060/table-column-style Table column style [Table pipe is missing space to the right for style "compact"]
docs/api.md:548:13 error MD060/table-column-style Table column style [Table pipe is missing space to the right for style "compact"]
docs/api.md:548:17 error MD060/table-column-style Table column style [Table pipe is missing space to the right for style "compact"]
docs/api.md:548:21 error MD060/table-column-style Table column style [Table pipe is missing space to the right for style "compact"]
docs/api.md:548:25 error MD060/table-column-style Table column style [Table pipe is missing space to the right for style "compact"]
docs/api.md:548:29 error MD060/table-column-style Table column style [Table pipe is missing space to the right for style "compact"]
docs/api.md:548:33 error MD060/table-column-style Table column style [Table pipe is missing space to the right for style "compact"]
docs/api.md:593 error MD040/fenced-code-language Fenced code blocks should have a language specified [Context: "```"]
docs/api.md:601:5 error MD060/table-column-style Table column style [Table pipe is missing space to the left for style "compact"]
docs/api.md:601:9 error MD060/table-column-style Table column style [Table pipe is missing space to the left for style "compact"]
docs/api.md:601:13 error MD060/table-column-style Table column style [Table pipe is missing space to the left for style "compact"]
docs/api.md:601:1 error MD060/table-column-style Table column style [Table pipe is missing space to the right for style "compact"]
docs/api.md:601:5 error MD060/table-column-style Table column style [Table pipe is missing space to the right for style "compact"]
docs/api.md:601:9 error MD060/table-column-style Table column style [Table pipe is missing space to the right for style "compact"]
docs/api.md:602:81 error MD013/line-length Line length [Expected: 80; Actual: 122]
docs/api.md:603:81 error MD013/line-length Line length [Expected: 80; Actual: 143]
docs/api.md:604:81 error MD013/line-length Line length [Expected: 80; Actual: 139]
docs/api.md:632:5 error MD060/table-column-style Table column style [Table pipe is missing space to the left for style "compact"]
docs/api.md:632:9 error MD060/table-column-style Table column style [Table pipe is missing space to the left for style "compact"]
docs/api.md:632:1 error MD060/table-column-style Table column style [Table pipe is missing space to the right for style "compact"]
docs/api.md:632:5 error MD060/table-column-style Table column style [Table pipe is missing space to the right for style "compact"]
docs/api.md:633:81 error MD013/line-length Line length [Expected: 80; Actual: 164]
docs/api.md:634:81 error MD013/line-length Line length [Expected: 80; Actual: 128]
docs/api.md:635:81 error MD013/line-length Line length [Expected: 80; Actual: 85]
docs/api.md:639:81 error MD013/line-length Line length [Expected: 80; Actual: 92]
docs/api.md:712:5 error MD060/table-column-style Table column style [Table pipe is missing space to the left for style "compact"]
docs/api.md:712:9 error MD060/table-column-style Table column style [Table pipe is missing space to the left for style "compact"]
docs/api.md:712:13 error MD060/table-column-style Table column style [Table pipe is missing space to the left for style "compact"]
docs/api.md:712:17 error MD060/table-column-style Table column style [Table pipe is missing space to the left for style "compact"]
docs/api.md:712:1 error MD060/table-column-style Table column style [Table pipe is missing space to the right for style "compact"]
docs/api.md:712:5 error MD060/table-column-style Table column style [Table pipe is missing space to the right for style "compact"]
docs/api.md:712:9 error MD060/table-column-style Table column style [Table pipe is missing space to the right for style "compact"]
docs/api.md:712:13 error MD060/table-column-style Table column style [Table pipe is missing space to the right for style "compact"]
docs/api.md:714:81 error MD013/line-length Line length [Expected: 80; Actual: 95]
docs/api.md:717:81 error MD013/line-length Line length [Expected: 80; Actual: 119]
docs/api.md:718:81 error MD013/line-length Line length [Expected: 80; Actual: 101]
docs/api.md:746:5 error MD060/table-column-style Table column style [Table pipe is missing space to the left for style "compact"]
docs/api.md:746:9 error MD060/table-column-style Table column style [Table pipe is missing space to the left for style "compact"]
docs/api.md:746:13 error MD060/table-column-style Table column style [Table pipe is missing space to the left for style "compact"]
docs/api.md:746:17 error MD060/table-column-style Table column style [Table pipe is missing space to the left for style "compact"]
docs/api.md:746:1 error MD060/table-column-style Table column style [Table pipe is missing space to the right for style "compact"]
docs/api.md:746:5 error MD060/table-column-style Table column style [Table pipe is missing space to the right for style "compact"]
docs/api.md:746:9 error MD060/table-column-style Table column style [Table pipe is missing space to the right for style "compact"]
docs/api.md:746:13 error MD060/table-column-style Table column style [Table pipe is missing space to the right for style "compact"]
docs/api.md:748:81 error MD013/line-length Line length [Expected: 80; Actual: 85]
docs/api.md:749:81 error MD013/line-length Line length [Expected: 80; Actual: 110]
docs/api.md:750:81 error MD013/line-length Line length [Expected: 80; Actual: 89]
docs/api.md:755:5 error MD060/table-column-style Table column style [Table pipe is missing space to the left for style "compact"]
docs/api.md:755:9 error MD060/table-column-style Table column style [Table pipe is missing space to the left for style "compact"]
docs/api.md:755:1 error MD060/table-column-style Table column style [Table pipe is missing space to the right for style "compact"]
docs/api.md:755:5 error MD060/table-column-style Table column style [Table pipe is missing space to the right for style "compact"]
docs/api.md:758:81 error MD013/line-length Line length [Expected: 80; Actual: 91]
docs/api.md:783:5 error MD060/table-column-style Table column style [Table pipe is missing space to the left for style "compact"]
docs/api.md:783:9 error MD060/table-column-style Table column style [Table pipe is missing space to the left for style "compact"]
docs/api.md:783:13 error MD060/table-column-style Table column style [Table pipe is missing space to the left for style "compact"]
docs/api.md:783:17 error MD060/table-column-style Table column style [Table pipe is missing space to the left for style "compact"]
docs/api.md:783:1 error MD060/table-column-style Table column style [Table pipe is missing space to the right for style "compact"]
docs/api.md:783:5 error MD060/table-column-style Table column style [Table pipe is missing space to the right for style "compact"]
docs/api.md:783:9 error MD060/table-column-style Table column style [Table pipe is missing space to the right for style "compact"]
docs/api.md:783:13 error MD060/table-column-style Table column style [Table pipe is missing space to the right for style "compact"]
docs/api.md:785:81 error MD013/line-length Line length [Expected: 80; Actual: 99]
docs/api.md:786:81 error MD013/line-length Line length [Expected: 80; Actual: 112]
docs/api.md:787:81 error MD013/line-length Line length [Expected: 80; Actual: 98]
docs/api.md:792:81 error MD013/line-length Line length [Expected: 80; Actual: 92]
docs/api.md:814:5 error MD060/table-column-style Table column style [Table pipe is missing space to the left for style "compact"]
docs/api.md:814:9 error MD060/table-column-style Table column style [Table pipe is missing space to the left for style "compact"]
docs/api.md:814:13 error MD060/table-column-style Table column style [Table pipe is missing space to the left for style "compact"]
docs/api.md:814:17 error MD060/table-column-style Table column style [Table pipe is missing space to the left for style "compact"]
docs/api.md:814:1 error MD060/table-column-style Table column style [Table pipe is missing space to the right for style "compact"]
docs/api.md:814:5 error MD060/table-column-style Table column style [Table pipe is missing space to the right for style "compact"]
docs/api.md:814:9 error MD060/table-column-style Table column style [Table pipe is missing space to the right for style "compact"]
docs/api.md:814:13 error MD060/table-column-style Table column style [Table pipe is missing space to the right for style "compact"]
docs/api.md:815:81 error MD013/line-length Line length [Expected: 80; Actual: 83]
docs/api.md:819:81 error MD013/line-length Line length [Expected: 80; Actual: 90]
docs/api.md:844:5 error MD060/table-column-style Table column style [Table pipe is missing space to the left for style "compact"]
docs/api.md:844:9 error MD060/table-column-style Table column style [Table pipe is missing space to the left for style "compact"]
docs/api.md:844:13 error MD060/table-column-style Table column style [Table pipe is missing space to the left for style "compact"]
docs/api.md:844:17 error MD060/table-column-style Table column style [Table pipe is missing space to the left for style "compact"]
docs/api.md:844:1 error MD060/table-column-style Table column style [Table pipe is missing space to the right for style "compact"]
docs/api.md:844:5 error MD060/table-column-style Table column style [Table pipe is missing space to the right for style "compact"]
docs/api.md:844:9 error MD060/table-column-style Table column style [Table pipe is missing space to the right for style "compact"]
docs/api.md:844:13 error MD060/table-column-style Table column style [Table pipe is missing space to the right for style "compact"]
docs/api.md:845:81 error MD013/line-length Line length [Expected: 80; Actual: 97]
docs/api.md:846:81 error MD013/line-length Line length [Expected: 80; Actual: 88]
docs/api.md:849:81 error MD013/line-length Line length [Expected: 80; Actual: 98]
docs/api.md:877:5 error MD060/table-column-style Table column style [Table pipe is missing space to the left for style "compact"]
docs/api.md:877:9 error MD060/table-column-style Table column style [Table pipe is missing space to the left for style "compact"]
docs/api.md:877:13 error MD060/table-column-style Table column style [Table pipe is missing space to the left for style "compact"]
docs/api.md:877:17 error MD060/table-column-style Table column style [Table pipe is missing space to the left for style "compact"]
docs/api.md:877:1 error MD060/table-column-style Table column style [Table pipe is missing space to the right for style "compact"]
docs/api.md:877:5 error MD060/table-column-style Table column style [Table pipe is missing space to the right for style "compact"]
docs/api.md:877:9 error MD060/table-column-style Table column style [Table pipe is missing space to the right for style "compact"]
docs/api.md:877:13 error MD060/table-column-style Table column style [Table pipe is missing space to the right for style "compact"]
docs/api.md:878:81 error MD013/line-length Line length [Expected: 80; Actual: 141]
docs/api.md:879:81 error MD013/line-length Line length [Expected: 80; Actual: 95]
docs/api.md:883:81 error MD013/line-length Line length [Expected: 80; Actual: 134]
docs/api.md:886 error MD032/blanks-around-lists Lists should be surrounded by blank lines [Context: "- `dim` — dimension name (e.g...."]
docs/api.md:912:5 error MD060/table-column-style Table column style [Table pipe is missing space to the left for style "compact"]
docs/api.md:912:9 error MD060/table-column-style Table column style [Table pipe is missing space to the left for style "compact"]
docs/api.md:912:13 error MD060/table-column-style Table column style [Table pipe is missing space to the left for style "compact"]
docs/api.md:912:17 error MD060/table-column-style Table column style [Table pipe is missing space to the left for style "compact"]
docs/api.md:912:1 error MD060/table-column-style Table column style [Table pipe is missing space to the right for style "compact"]
docs/api.md:912:5 error MD060/table-column-style Table column style [Table pipe is missing space to the right for style "compact"]
docs/api.md:912:9 error MD060/table-column-style Table column style [Table pipe is missing space to the right for style "compact"]
docs/api.md:912:13 error MD060/table-column-style Table column style [Table pipe is missing space to the right for style "compact"]
docs/api.md:916:81 error MD013/line-length Line length [Expected: 80; Actual: 105]
docs/api.md:954:5 error MD060/table-column-style Table column style [Table pipe is missing space to the left for style "compact"]
docs/api.md:954:9 error MD060/table-column-style Table column style [Table pipe is missing space to the left for style "compact"]
docs/api.md:954:13 error MD060/table-column-style Table column style [Table pipe is missing space to the left for style "compact"]
docs/api.md:954:17 error MD060/table-column-style Table column style [Table pipe is missing space to the left for style "compact"]
docs/api.md:954:1 error MD060/table-column-style Table column style [Table pipe is missing space to the right for style "compact"]
docs/api.md:954:5 error MD060/table-column-style Table column style [Table pipe is missing space to the right for style "compact"]
docs/api.md:954:9 error MD060/table-column-style Table column style [Table pipe is missing space to the right for style "compact"]
docs/api.md:954:13 error MD060/table-column-style Table column style [Table pipe is missing space to the right for style "compact"]
docs/api.md:955:81 error MD013/line-length Line length [Expected: 80; Actual: 113]
docs/api.md:982:5 error MD060/table-column-style Table column style [Table pipe is missing space to the left for style "compact"]
docs/api.md:982:9 error MD060/table-column-style Table column style [Table pipe is missing space to the left for style "compact"]
docs/api.md:982:13 error MD060/table-column-style Table column style [Table pipe is missing space to the left for style "compact"]
docs/api.md:982:17 error MD060/table-column-style Table column style [Table pipe is missing space to the left for style "compact"]
docs/api.md:982:1 error MD060/table-column-style Table column style [Table pipe is missing space to the right for style "compact"]
docs/api.md:982:5 error MD060/table-column-style Table column style [Table pipe is missing space to the right for style "compact"]
docs/api.md:982:9 error MD060/table-column-style Table column style [Table pipe is missing space to the right for style "compact"]
docs/api.md:982:13 error MD060/table-column-style Table column style [Table pipe is missing space to the right for style "compact"]
docs/api.md:984:81 error MD013/line-length Line length [Expected: 80; Actual: 87]
docs/api.md:985:81 error MD013/line-length Line length [Expected: 80; Actual: 96]
docs/api.md:1011:5 error MD060/table-column-style Table column style [Table pipe is missing space to the left for style "compact"]
docs/api.md:1011:9 error MD060/table-column-style Table column style [Table pipe is missing space to the left for style "compact"]
docs/api.md:1011:13 error MD060/table-column-style Table column style [Table pipe is missing space to the left for style "compact"]
docs/api.md:1011:17 error MD060/table-column-style Table column style [Table pipe is missing space to the left for style "compact"]
docs/api.md:1011:1 error MD060/table-column-style Table column style [Table pipe is missing space to the right for style "compact"]
docs/api.md:1011:5 error MD060/table-column-style Table column style [Table pipe is missing space to the right for style "compact"]
docs/api.md:1011:9 error MD060/table-column-style Table column style [Table pipe is missing space to the right for style "compact"]
docs/api.md:1011:13 error MD060/table-column-style Table column style [Table pipe is missing space to the right for style "compact"]
docs/api.md:1012:81 error MD013/line-length Line length [Expected: 80; Actual: 122]
docs/api.md:1013:81 error MD013/line-length Line length [Expected: 80; Actual: 83]
docs/api.md:1014:81 error MD013/line-length Line length [Expected: 80; Actual: 83]
docs/api.md:1016:81 error MD013/line-length Line length [Expected: 80; Actual: 94]
docs/api.md:1045:5 error MD060/table-column-style Table column style [Table pipe is missing space to the left for style "compact"]
docs/api.md:1045:9 error MD060/table-column-style Table column style [Table pipe is missing space to the left for style "compact"]
docs/api.md:1045:13 error MD060/table-column-style Table column style [Table pipe is missing space to the left for style "compact"]
docs/api.md:1045:17 error MD060/table-column-style Table column style [Table pipe is missing space to the left for style "compact"]
docs/api.md:1045:1 error MD060/table-column-style Table column style [Table pipe is missing space to the right for style "compact"]
docs/api.md:1045:5 error MD060/table-column-style Table column style [Table pipe is missing space to the right for style "compact"]
docs/api.md:1045:9 error MD060/table-column-style Table column style [Table pipe is missing space to the right for style "compact"]
docs/api.md:1045:13 error MD060/table-column-style Table column style [Table pipe is missing space to the right for style "compact"]
docs/api.md:1050:81 error MD013/line-length Line length [Expected: 80; Actual: 93]
docs/api.md:1071:5 error MD060/table-column-style Table column style [Table pipe is missing space to the left for style "compact"]
docs/api.md:1071:9 error MD060/table-column-style Table column style [Table pipe is missing space to the left for style "compact"]
docs/api.md:1071:13 error MD060/table-column-style Table column style [Table pipe is missing space to the left for style "compact"]
docs/api.md:1071:17 error MD060/table-column-style Table column style [Table pipe is missing space to the left for style "compact"]
docs/api.md:1071:1 error MD060/table-column-style Table column style [Table pipe is missing space to the right for style "compact"]
docs/api.md:1071:5 error MD060/table-column-style Table column style [Table pipe is missing space to the right for style "compact"]
docs/api.md:1071:9 error MD060/table-column-style Table column style [Table pipe is missing space to the right for style "compact"]
docs/api.md:1071:13 error MD060/table-column-style Table column style [Table pipe is missing space to the right for style "compact"]
docs/api.md:1073:81 error MD013/line-length Line length [Expected: 80; Actual: 109]
docs/api.md:1107:5 error MD060/table-column-style Table column style [Table pipe is missing space to the left for style "compact"]
docs/api.md:1107:9 error MD060/table-column-style Table column style [Table pipe is missing space to the left for style "compact"]
docs/api.md:1107:13 error MD060/table-column-style Table column style [Table pipe is missing space to the left for style "compact"]
docs/api.md:1107:17 error MD060/table-column-style Table column style [Table pipe is missing space to the left for style "compact"]
docs/api.md:1107:1 error MD060/table-column-style Table column style [Table pipe is missing space to the right for style "compact"]
docs/api.md:1107:5 error MD060/table-column-style Table column style [Table pipe is missing space to the right for style "compact"]
docs/api.md:1107:9 error MD060/table-column-style Table column style [Table pipe is missing space to the right for style "compact"]
docs/api.md:1107:13 error MD060/table-column-style Table column style [Table pipe is missing space to the right for style "compact"]
docs/api.md:1109:81 error MD013/line-length Line length [Expected: 80; Actual: 109]
docs/api.md:1111:81 error MD013/line-length Line length [Expected: 80; Actual: 113]
docs/api.md:1127:5 error MD060/table-column-style Table column style [Table pipe is missing space to the left for style "compact"]
docs/api.md:1127:9 error MD060/table-column-style Table column style [Table pipe is missing space to the left for style "compact"]
docs/api.md:1127:1 error MD060/table-column-style Table column style [Table pipe is missing space to the right for style "compact"]
docs/api.md:1127:5 error MD060/table-column-style Table column style [Table pipe is missing space to the right for style "compact"]
docs/api.md:1128:81 error MD013/line-length Line length [Expected: 80; Actual: 146]
docs/api.md:1129:81 error MD013/line-length Line length [Expected: 80; Actual: 132]
docs/api.md:1130:81 error MD013/line-length Line length [Expected: 80; Actual: 146]
docs/api.md:1131:81 error MD013/line-length Line length [Expected: 80; Actual: 141]
docs/api.md:1132:81 error MD013/line-length Line length [Expected: 80; Actual: 125]
docs/api.md:1133:81 error MD013/line-length Line length [Expected: 80; Actual: 135]
docs/api.md:1134:81 error MD013/line-length Line length [Expected: 80; Actual: 126]
docs/api.md:1157:5 error MD060/table-column-style Table column style [Table pipe is missing space to the left for style "compact"]
docs/api.md:1157:9 error MD060/table-column-style Table column style [Table pipe is missing space to the left for style "compact"]
docs/api.md:1157:1 error MD060/table-column-style Table column style [Table pipe is missing space to the right for style "compact"]
docs/api.md:1157:5 error MD060/table-column-style Table column style [Table pipe is missing space to the right for style "compact"]
docs/api.md:1158:81 error MD013/line-length Line length [Expected: 80; Actual: 102]
docs/api.md:1159:81 error MD013/line-length Line length [Expected: 80; Actual: 107]
docs/api.md:1161:81 error MD013/line-length Line length [Expected: 80; Actual: 102]
docs/api.md:1162:81 error MD013/line-length Line length [Expected: 80; Actual: 103]
docs/api.md:1163:81 error MD013/line-length Line length [Expected: 80; Actual: 118]
docs/api.md:1164:81 error MD013/line-length Line length [Expected: 80; Actual: 144]
docs/api.md:1165:81 error MD013/line-length Line length [Expected: 80; Actual: 167]
docs/api.md:1166:81 error MD013/line-length Line length [Expected: 80; Actual: 135]
docs/changelog.md:1 error MD041/first-line-heading/first-line-h1 First line in a file should be a top-level heading [Context: "```{include} ../CHANGELOG.md"]
docs/contributing.md:3:81 error MD013/line-length Line length [Expected: 80; Actual: 117]
docs/contributing.md:4:81 error MD013/line-length Line length [Expected: 80; Actual: 114]
docs/contributing.md:7:81 error MD013/line-length Line length [Expected: 80; Actual: 110]
docs/contributing.md:12:81 error MD013/line-length Line length [Expected: 80; Actual: 119]
docs/contributing.md:22:81 error MD013/line-length Line length [Expected: 80; Actual: 115]
docs/contributing.md:23:81 error MD013/line-length Line length [Expected: 80; Actual: 131]
docs/contributing.md:32:81 error MD013/line-length Line length [Expected: 80; Actual: 121]
docs/contributing.md:34:81 error MD013/line-length Line length [Expected: 80; Actual: 117]
docs/contributing.md:35:81 error MD013/line-length Line length [Expected: 80; Actual: 108]
docs/contributing.md:37:81 error MD013/line-length Line length [Expected: 80; Actual: 94]
docs/contributing.md:44:81 error MD013/line-length Line length [Expected: 80; Actual: 133]
docs/contributing.md:46:81 error MD013/line-length Line length [Expected: 80; Actual: 116]
docs/contributing.md:58:81 error MD013/line-length Line length [Expected: 80; Actual: 119]
docs/contributing.md:61:81 error MD013/line-length Line length [Expected: 80; Actual: 109]
docs/contributing.md:68:81 error MD013/line-length Line length [Expected: 80; Actual: 108]
docs/contributing.md:76:81 error MD013/line-length Line length [Expected: 80; Actual: 149]
docs/contributing.md:80:3 error MD030/list-marker-space Spaces after list markers [Expected: 1; Actual: 2]
docs/contributing.md:81:81 error MD013/line-length Line length [Expected: 80; Actual: 84]
docs/contributing.md:81:3 error MD030/list-marker-space Spaces after list markers [Expected: 1; Actual: 2]
docs/contributing.md:82:3 error MD030/list-marker-space Spaces after list markers [Expected: 1; Actual: 2]
docs/contributing.md:84:81 error MD013/line-length Line length [Expected: 80; Actual: 115]
docs/contributing.md:88 error MD040/fenced-code-language Fenced code blocks should have a language specified [Context: "```"]
docs/contributing.md:92:81 error MD013/line-length Line length [Expected: 80; Actual: 255]
docs/contributing.md:98:81 error MD013/line-length Line length [Expected: 80; Actual: 137]
docs/contributing.md:99:81 error MD013/line-length Line length [Expected: 80; Actual: 161]
docs/contributing.md:105:81 error MD013/line-length Line length [Expected: 80; Actual: 178]
docs/contributing.md:107:81 error MD013/line-length Line length [Expected: 80; Actual: 93]
docs/contributing.md:119:81 error MD013/line-length Line length [Expected: 80; Actual: 97]
docs/contributing.md:125:81 error MD013/line-length Line length [Expected: 80; Actual: 174]
docs/contributing.md:126:81 error MD013/line-length Line length [Expected: 80; Actual: 104]
docs/contributing.md:128:81 error MD013/line-length Line length [Expected: 80; Actual: 144]
docs/contributing.md:134:1 error MD053/link-image-reference-definitions Link and image reference definitions should be needed [Unused link or image reference definition: "pypi-feature-request"] [Context: "[pypi-feature-request]: https:..."]
docs/contributing.md:138:81 error MD013/line-length Line length [Expected: 80; Actual: 127]
docs/contributing.md:140:81 error MD013/line-length Line length [Expected: 80; Actual: 93]
docs/contributing.md:140:1 error MD030/list-marker-space Spaces after list markers [Expected: 1; Actual: 3]
docs/contributing.md:141:81 error MD013/line-length Line length [Expected: 80; Actual: 93]
docs/contributing.md:141:1 error MD030/list-marker-space Spaces after list markers [Expected: 1; Actual: 3]
docs/contributing.md:142:1 error MD030/list-marker-space Spaces after list markers [Expected: 1; Actual: 3]
docs/contributing.md:143:81 error MD013/line-length Line length [Expected: 80; Actual: 93]
docs/contributing.md:143:1 error MD030/list-marker-space Spaces after list markers [Expected: 1; Actual: 3]
docs/contributing.md:144:1 error MD030/list-marker-space Spaces after list markers [Expected: 1; Actual: 3]
docs/contributing.md:146:81 error MD013/line-length Line length [Expected: 80; Actual: 116]
docs/contributing.md:151:81 error MD013/line-length Line length [Expected: 80; Actual: 115]
docs/contributing.md:152:81 error MD013/line-length Line length [Expected: 80; Actual: 120]
docs/contributing.md:155:81 error MD013/line-length Line length [Expected: 80; Actual: 108]
docs/contributing.md:156:81 error MD013/line-length Line length [Expected: 80; Actual: 115]
docs/contributing.md:161:81 error MD013/line-length Line length [Expected: 80; Actual: 117]
docs/contributing.md:161:1 error MD030/list-marker-space Spaces after list markers [Expected: 1; Actual: 3]
docs/contributing.md:163:81 error MD013/line-length Line length [Expected: 80; Actual: 119]
docs/contributing.md:163:1 error MD030/list-marker-space Spaces after list markers [Expected: 1; Actual: 3]
docs/contributing.md:177:1 error MD053/link-image-reference-definitions Link and image reference definitions should be needed [Unused link or image reference definition: "cookiecutter-scverse-instance"] [Context: "[cookiecutter-scverse-instance..."]
docs/contributing.md:178:1 error MD053/link-image-reference-definitions Link and image reference definitions should be needed [Unused link or image reference definition: "github quickstart guide"] [Context: "[github quickstart guide]: htt..."]
docs/contributing.md:179:1 error MD053/link-image-reference-definitions Link and image reference definitions should be needed [Unused link or image reference definition: "codecov"] [Context: "[codecov]: https://about.codec..."]
docs/contributing.md:180:1 error MD053/link-image-reference-definitions Link and image reference definitions should be needed [Unused link or image reference definition: "codecov docs"] [Context: "[codecov docs]: https://docs.c..."]
docs/contributing.md:181:1 error MD053/link-image-reference-definitions Link and image reference definitions should be needed [Unused link or image reference definition: "codecov bot"] [Context: "[codecov bot]: https://docs.co..."]
docs/contributing.md:182:1 error MD053/link-image-reference-definitions Link and image reference definitions should be needed [Unused link or image reference definition: "codecov app"] [Context: "[codecov app]: https://github...."]
docs/contributing.md:184:1 error MD053/link-image-reference-definitions Link and image reference definitions should be needed [Unused link or image reference definition: "readthedocs.org"] [Context: "[readthedocs.org]: https://rea..."]
docs/contributing.md:186:1 error MD053/link-image-reference-definitions Link and image reference definitions should be needed [Unused link or image reference definition: "jupytext"] [Context: "[jupytext]: https://jupytext.r..."]
docs/contributing.md:188:1 error MD053/link-image-reference-definitions Link and image reference definitions should be needed [Unused link or image reference definition: "anndata"] [Context: "[anndata]: https://github.com/..."]
docs/contributing.md:189:1 error MD053/link-image-reference-definitions Link and image reference definitions should be needed [Unused link or image reference definition: "mudata"] [Context: "[mudata]: https://github.com/s..."]
docs/enrichment_quickstart.md:25:81 error MD013/line-length Line length [Expected: 80; Actual: 89]
docs/enrichment_quickstart.md:26:81 error MD013/line-length Line length [Expected: 80; Actual: 109]
docs/enrichment_quickstart.md:67:81 error MD013/line-length Line length [Expected: 80; Actual: 108]
docs/index.md:1 error MD041/first-line-heading/first-line-h1 First line in a file should be a top-level heading [Context: "```{include} ../README.md"]
docs/notebooks/data/scdisinfact/README.md:1 error MD041/first-line-heading/first-line-h1 First line in a file should be a top-level heading [Context: "Datasets taken from scDisInFac..."]
docs/notebooks/data/scdisinfact/README.md:2:1 error MD034/no-bare-urls Bare URL used [Context: "https://github.com/ZhangLabGT/..."]
docs/notebooks/data/scdisinfact/README.md:2:66 error MD047/single-trailing-newline Files should end with a single newline character
docs/template_usage.md:5:81 error MD013/line-length Line length [Expected: 80; Actual: 145]
docs/template_usage.md:5:1 error MD030/list-marker-space Spaces after list markers [Expected: 1; Actual: 2]
docs/template_usage.md:7:81 error MD013/line-length Line length [Expected: 80; Actual: 148]
docs/template_usage.md:7:1 error MD030/list-marker-space Spaces after list markers [Expected: 1; Actual: 2]
docs/template_usage.md:13:81 error MD013/line-length Line length [Expected: 80; Actual: 86]
docs/template_usage.md:21 error MD040/fenced-code-language Fenced code blocks should have a language specified [Context: "```"]
docs/template_usage.md:25:81 error MD013/line-length Line length [Expected: 80; Actual: 188]
docs/template_usage.md:27:81 error MD013/line-length Line length [Expected: 80; Actual: 247]
docs/template_usage.md:28:81 error MD013/line-length Line length [Expected: 80; Actual: 112]
docs/template_usage.md:31:81 error MD013/line-length Line length [Expected: 80; Actual: 261]
docs/template_usage.md:34:81 error MD013/line-length Line length [Expected: 80; Actual: 153]
docs/template_usage.md:35:81 error MD013/line-length Line length [Expected: 80; Actual: 109]
docs/template_usage.md:46:81 error MD013/line-length Line length [Expected: 80; Actual: 269]
docs/template_usage.md:49:81 error MD013/line-length Line length [Expected: 80; Actual: 270]
docs/template_usage.md:58:81 error MD013/line-length Line length [Expected: 80; Actual: 107]
docs/template_usage.md:69:81 error MD013/line-length Line length [Expected: 80; Actual: 234]
docs/template_usage.md:73:81 error MD013/line-length Line length [Expected: 80; Actual: 131]
docs/template_usage.md:74:81 error MD013/line-length Line length [Expected: 80; Actual: 105]
docs/template_usage.md:75:81 error MD013/line-length Line length [Expected: 80; Actual: 156]
docs/template_usage.md:79:81 error MD013/line-length Line length [Expected: 80; Actual: 122]
docs/template_usage.md:80:81 error MD013/line-length Line length [Expected: 80; Actual: 99]
docs/template_usage.md:81:81 error MD013/line-length Line length [Expected: 80; Actual: 104]
docs/template_usage.md:87:81 error MD013/line-length Line length [Expected: 80; Actual: 109]
docs/template_usage.md:88:81 error MD013/line-length Line length [Expected: 80; Actual: 121]
docs/template_usage.md:89:81 error MD013/line-length Line length [Expected: 80; Actual: 104]
docs/template_usage.md:91:81 error MD013/line-length Line length [Expected: 80; Actual: 136]
docs/template_usage.md:92:81 error MD013/line-length Line length [Expected: 80; Actual: 141]
docs/template_usage.md:96:81 error MD013/line-length Line length [Expected: 80; Actual: 113]
docs/template_usage.md:97:81 error MD013/line-length Line length [Expected: 80; Actual: 99]
docs/template_usage.md:106:81 error MD013/line-length Line length [Expected: 80; Actual: 104]
docs/template_usage.md:108:81 error MD013/line-length Line length [Expected: 80; Actual: 89]
docs/template_usage.md:111:81 error MD013/line-length Line length [Expected: 80; Actual: 202]
docs/template_usage.md:113 error MD040/fenced-code-language Fenced code blocks should have a language specified [Context: "```"]
docs/template_usage.md:116:81 error MD013/line-length Line length [Expected: 80; Actual: 112]
docs/template_usage.md:121:81 error MD013/line-length Line length [Expected: 80; Actual: 261]
docs/template_usage.md:123:81 error MD013/line-length Line length [Expected: 80; Actual: 115]
docs/template_usage.md:124:81 error MD013/line-length Line length [Expected: 80; Actual: 96]
docs/template_usage.md:126:81 error MD013/line-length Line length [Expected: 80; Actual: 239]
docs/template_usage.md:128:81 error MD013/line-length Line length [Expected: 80; Actual: 125]
docs/template_usage.md:131:81 error MD013/line-length Line length [Expected: 80; Actual: 140]
docs/template_usage.md:135:81 error MD013/line-length Line length [Expected: 80; Actual: 99]
docs/template_usage.md:136:81 error MD013/line-length Line length [Expected: 80; Actual: 100]
docs/template_usage.md:137 error MD031/blanks-around-fences Fenced code blocks should be surrounded by blank lines [Context: "```bash"]
docs/template_usage.md:142 error MD031/blanks-around-fences Fenced code blocks should be surrounded by blank lines [Context: "```"]
docs/template_usage.md:147:81 error MD013/line-length Line length [Expected: 80; Actual: 98]
docs/template_usage.md:148:81 error MD013/line-length Line length [Expected: 80; Actual: 106]
docs/template_usage.md:149:81 error MD013/line-length Line length [Expected: 80; Actual: 98]
docs/template_usage.md:151:81 error MD013/line-length Line length [Expected: 80; Actual: 130]
docs/template_usage.md:151:1 error MD030/list-marker-space Spaces after list markers [Expected: 1; Actual: 3]
docs/template_usage.md:153:81 error MD013/line-length Line length [Expected: 80; Actual: 121]
docs/template_usage.md:153:1 error MD030/list-marker-space Spaces after list markers [Expected: 1; Actual: 3]
docs/template_usage.md:154:81 error MD013/line-length Line length [Expected: 80; Actual: 90]
docs/template_usage.md:155:81 error MD013/line-length Line length [Expected: 80; Actual: 107]
docs/template_usage.md:157:81 error MD013/line-length Line length [Expected: 80; Actual: 112]
docs/template_usage.md:157:1 error MD030/list-marker-space Spaces after list markers [Expected: 1; Actual: 3]
docs/template_usage.md:159:81 error MD013/line-length Line length [Expected: 80; Actual: 275]
docs/template_usage.md:159:188 error MD059/descriptive-link-text Link text should be descriptive [Context: "[here]"]
docs/template_usage.md:169:81 error MD013/line-length Line length [Expected: 80; Actual: 147]
docs/template_usage.md:173:81 error MD013/line-length Line length [Expected: 80; Actual: 87]
docs/template_usage.md:177:81 error MD013/line-length Line length [Expected: 80; Actual: 83]
docs/template_usage.md:178:81 error MD013/line-length Line length [Expected: 80; Actual: 89]
docs/template_usage.md:186:1 error MD030/list-marker-space Spaces after list markers [Expected: 1; Actual: 3]
docs/template_usage.md:188:1 error MD030/list-marker-space Spaces after list markers [Expected: 1; Actual: 3]
docs/template_usage.md:190:1 error MD030/list-marker-space Spaces after list markers [Expected: 1; Actual: 3]
docs/template_usage.md:192:1 error MD030/list-marker-space Spaces after list markers [Expected: 1; Actual: 3]
docs/template_usage.md:193:1 error MD007/ul-indent Unordered list indentation [Expected: 2; Actual: 4]
docs/template_usage.md:193:5 error MD030/list-marker-space Spaces after list markers [Expected: 1; Actual: 3]
docs/template_usage.md:195:1 error MD007/ul-indent Unordered list indentation [Expected: 2; Actual: 4]
docs/template_usage.md:195:81 error MD013/line-length Line length [Expected: 80; Actual: 89]
docs/template_usage.md:195:5 error MD030/list-marker-space Spaces after list markers [Expected: 1; Actual: 3]
docs/template_usage.md:197:1 error MD007/ul-indent Unordered list indentation [Expected: 2; Actual: 4]
docs/template_usage.md:197:81 error MD013/line-length Line length [Expected: 80; Actual: 111]
docs/template_usage.md:197:5 error MD030/list-marker-space Spaces after list markers [Expected: 1; Actual: 3]
docs/template_usage.md:199:1 error MD007/ul-indent Unordered list indentation [Expected: 2; Actual: 4]
docs/template_usage.md:199:81 error MD013/line-length Line length [Expected: 80; Actual: 113]
docs/template_usage.md:199:5 error MD030/list-marker-space Spaces after list markers [Expected: 1; Actual: 3]
docs/template_usage.md:201:1 error MD007/ul-indent Unordered list indentation [Expected: 2; Actual: 4]
docs/template_usage.md:201:81 error MD013/line-length Line length [Expected: 80; Actual: 89]
docs/template_usage.md:201:5 error MD030/list-marker-space Spaces after list markers [Expected: 1; Actual: 3]
docs/template_usage.md:206:81 error MD013/line-length Line length [Expected: 80; Actual: 112]
docs/template_usage.md:206:1 error MD030/list-marker-space Spaces after list markers [Expected: 1; Actual: 3]
docs/template_usage.md:207:1 error MD007/ul-indent Unordered list indentation [Expected: 2; Actual: 4]
docs/template_usage.md:207:5 error MD030/list-marker-space Spaces after list markers [Expected: 1; Actual: 3]
docs/template_usage.md:208:1 error MD007/ul-indent Unordered list indentation [Expected: 2; Actual: 4]
docs/template_usage.md:208:5 error MD030/list-marker-space Spaces after list markers [Expected: 1; Actual: 3]
docs/template_usage.md:209:1 error MD007/ul-indent Unordered list indentation [Expected: 2; Actual: 4]
docs/template_usage.md:209:5 error MD030/list-marker-space Spaces after list markers [Expected: 1; Actual: 3]
docs/template_usage.md:210:1 error MD007/ul-indent Unordered list indentation [Expected: 2; Actual: 4]
docs/template_usage.md:210:5 error MD030/list-marker-space Spaces after list markers [Expected: 1; Actual: 3]
docs/template_usage.md:211:1 error MD007/ul-indent Unordered list indentation [Expected: 2; Actual: 4]
docs/template_usage.md:211:5 error MD030/list-marker-space Spaces after list markers [Expected: 1; Actual: 3]
docs/template_usage.md:212:1 error MD007/ul-indent Unordered list indentation [Expected: 2; Actual: 4]
docs/template_usage.md:212:81 error MD013/line-length Line length [Expected: 80; Actual: 100]
docs/template_usage.md:212:5 error MD030/list-marker-space Spaces after list markers [Expected: 1; Actual: 3]
docs/template_usage.md:213:1 error MD007/ul-indent Unordered list indentation [Expected: 2; Actual: 4]
docs/template_usage.md:213:5 error MD030/list-marker-space Spaces after list markers [Expected: 1; Actual: 3]
docs/template_usage.md:216:1 error MD030/list-marker-space Spaces after list markers [Expected: 1; Actual: 3]
docs/template_usage.md:217:1 error MD007/ul-indent Unordered list indentation [Expected: 2; Actual: 4]
docs/template_usage.md:217:81 error MD013/line-length Line length [Expected: 80; Actual: 85]
docs/template_usage.md:217:5 error MD030/list-marker-space Spaces after list markers [Expected: 1; Actual: 3]
docs/template_usage.md:219:1 error MD007/ul-indent Unordered list indentation [Expected: 2; Actual: 4]
docs/template_usage.md:219:81 error MD013/line-length Line length [Expected: 80; Actual: 98]
docs/template_usage.md:219:5 error MD030/list-marker-space Spaces after list markers [Expected: 1; Actual: 3]
docs/template_usage.md:221:1 error MD007/ul-indent Unordered list indentation [Expected: 2; Actual: 4]
docs/template_usage.md:221:81 error MD013/line-length Line length [Expected: 80; Actual: 97]
docs/template_usage.md:221:5 error MD030/list-marker-space Spaces after list markers [Expected: 1; Actual: 3]
docs/template_usage.md:223:1 error MD007/ul-indent Unordered list indentation [Expected: 2; Actual: 4]
docs/template_usage.md:223:81 error MD013/line-length Line length [Expected: 80; Actual: 111]
docs/template_usage.md:223:5 error MD030/list-marker-space Spaces after list markers [Expected: 1; Actual: 3]
docs/template_usage.md:225:1 error MD007/ul-indent Unordered list indentation [Expected: 2; Actual: 4]
docs/template_usage.md:225:81 error MD013/line-length Line length [Expected: 80; Actual: 111]
docs/template_usage.md:225:5 error MD030/list-marker-space Spaces after list markers [Expected: 1; Actual: 3]
docs/template_usage.md:226:1 error MD007/ul-indent Unordered list indentation [Expected: 4; Actual: 8]
docs/template_usage.md:226:9 error MD030/list-marker-space Spaces after list markers [Expected: 1; Actual: 3]
docs/template_usage.md:230:81 error MD013/line-length Line length [Expected: 80; Actual: 92]
docs/template_usage.md:231:81 error MD013/line-length Line length [Expected: 80; Actual: 90]
docs/template_usage.md:232:81 error MD013/line-length Line length [Expected: 80; Actual: 87]
docs/template_usage.md:236:81 error MD013/line-length Line length [Expected: 80; Actual: 138]
docs/template_usage.md:237:81 error MD013/line-length Line length [Expected: 80; Actual: 141]
docs/template_usage.md:245:81 error MD013/line-length Line length [Expected: 80; Actual: 104]
docs/template_usage.md:262:81 error MD013/line-length Line length [Expected: 80; Actual: 89]
docs/template_usage.md:263:81 error MD013/line-length Line length [Expected: 80; Actual: 96]
docs/template_usage.md:283:81 error MD013/line-length Line length [Expected: 80; Actual: 121]
docs/template_usage.md:284:81 error MD013/line-length Line length [Expected: 80; Actual: 101]
docs/template_usage.md:287:81 error MD013/line-length Line length [Expected: 80; Actual: 92]
docs/template_usage.md:289:81 error MD013/line-length Line length [Expected: 80; Actual: 129]
docs/template_usage.md:297:81 error MD013/line-length Line length [Expected: 80; Actual: 115]
docs/template_usage.md:300:1 error MD030/list-marker-space Spaces after list markers [Expected: 1; Actual: 3]
docs/template_usage.md:301:81 error MD013/line-length Line length [Expected: 80; Actual: 120]
docs/template_usage.md:301:1 error MD030/list-marker-space Spaces after list markers [Expected: 1; Actual: 3]
docs/template_usage.md:303:1 error MD030/list-marker-space Spaces after list markers [Expected: 1; Actual: 3]
docs/template_usage.md:305:81 error MD013/line-length Line length [Expected: 80; Actual: 120]
docs/template_usage.md:306:81 error MD013/line-length Line length [Expected: 80; Actual: 97]
docs/template_usage.md:314:81 error MD013/line-length Line length [Expected: 80; Actual: 170]
docs/template_usage.md:343:81 error MD013/line-length Line length [Expected: 80; Actual: 141]
docs/template_usage.md:349:81 error MD013/line-length Line length [Expected: 80; Actual: 115]
docs/template_usage.md:350:81 error MD013/line-length Line length [Expected: 80; Actual: 114]
docs/template_usage.md:351:81 error MD013/line-length Line length [Expected: 80; Actual: 110]
docs/template_usage.md:354:81 error MD013/line-length Line length [Expected: 80; Actual: 107]
docs/template_usage.md:355:81 error MD013/line-length Line length [Expected: 80; Actual: 105]
docs/template_usage.md:361:81 error MD013/line-length Line length [Expected: 80; Actual: 113]
docs/template_usage.md:361:1 error MD030/list-marker-space Spaces after list markers [Expected: 1; Actual: 3]
docs/template_usage.md:362:81 error MD013/line-length Line length [Expected: 80; Actual: 123]
docs/template_usage.md:363:81 error MD013/line-length Line length [Expected: 80; Actual: 119]
docs/template_usage.md:363:1 error MD030/list-marker-space Spaces after list markers [Expected: 1; Actual: 3]
docs/template_usage.md:364:81 error MD013/line-length Line length [Expected: 80; Actual: 91]
docs/template_usage.md:366:1 error MD030/list-marker-space Spaces after list markers [Expected: 1; Actual: 3]
docs/template_usage.md:375:81 error MD013/line-length Line length [Expected: 80; Actual: 125]
docs/template_usage.md:376:81 error MD013/line-length Line length [Expected: 80; Actual: 179]
docs/template_usage.md:380:1 error MD053/link-image-reference-definitions Link and image reference definitions should be needed [Unused link or image reference definition: "scanpy developer guide"] [Context: "[scanpy developer guide]: http..."]
docs/template_usage.md:389:1 error MD053/link-image-reference-definitions Link and image reference definitions should be needed [Unused link or image reference definition: "myst-nb"] [Context: "[myst-nb]: https://myst-nb.rea..."]
docs/template_usage.md:390:1 error MD053/link-image-reference-definitions Link and image reference definitions should be needed [Unused link or image reference definition: "jupytext"] [Context: "[jupytext]: https://jupytext.r..."]
docs/template_usage.md:394:1 error MD053/link-image-reference-definitions Link and image reference definitions should be needed [Unused link or image reference definition: "pytest"] [Context: "[pytest]: https://docs.pytest...."]
docs/template_usage.md:395:1 error MD053/link-image-reference-definitions Link and image reference definitions should be needed [Unused link or image reference definition: "semver"] [Context: "[semver]: https://semver.org/"]
docs/template_usage.md:396:1 error MD053/link-image-reference-definitions Link and image reference definitions should be needed [Unused link or image reference definition: "sphinx"] [Context: "[sphinx]: https://www.sphinx-d..."]
docs/template_usage.md:397:1 error MD053/link-image-reference-definitions Link and image reference definitions should be needed [Unused link or image reference definition: "myst"] [Context: "[myst]: https://myst-parser.re..."]
docs/template_usage.md:398:1 error MD053/link-image-reference-definitions Link and image reference definitions should be needed [Unused link or image reference definition: "numpydoc-napoleon"] [Context: "[numpydoc-napoleon]: https://w..."]
docs/template_usage.md:399:1 error MD053/link-image-reference-definitions Link and image reference definitions should be needed [Unused link or image reference definition: "numpydoc"] [Context: "[numpydoc]: https://numpydoc.r..."]
docs/template_usage.md:400:1 error MD053/link-image-reference-definitions Link and image reference definitions should be needed [Unused link or image reference definition: "sphinx autodoc typehints"] [Context: "[sphinx autodoc typehints]: ht..."]
README.md:1:1 error MD033/no-inline-html Inline HTML [Element: div]
README.md:1 error MD041/first-line-heading/first-line-h1 First line in a file should be a top-level heading [Context: "<div align="center">"]
README.md:5 error MD036/no-emphasis-as-heading Emphasis used instead of a heading [Context: "Shared-private Variational Inf..."]
README.md:16:81 error MD013/line-length Line length [Expected: 80; Actual: 342]
README.md:18:81 error MD013/line-length Line length [Expected: 80; Actual: 381]
README.md:22:81 error MD013/line-length Line length [Expected: 80; Actual: 154]
README.md:26:81 error MD013/line-length Line length [Expected: 80; Actual: 101]
README.md:27:81 error MD013/line-length Line length [Expected: 80; Actual: 124]
README.md:29:81 error MD013/line-length Line length [Expected: 80; Actual: 405]
README.md:35:1 error MD030/list-marker-space Spaces after list markers [Expected: 1; Actual: 3]
README.md:36:1 error MD030/list-marker-space Spaces after list markers [Expected: 1; Actual: 3]
README.md:37:1 error MD030/list-marker-space Spaces after list markers [Expected: 1; Actual: 3]
README.md:38:1 error MD030/list-marker-space Spaces after list markers [Expected: 1; Actual: 3]
README.md:40:81 error MD013/line-length Line length [Expected: 80; Actual: 290]
README.md:44:81 error MD013/line-length Line length [Expected: 80; Actual: 85]
README.md:45:81 error MD013/line-length Line length [Expected: 80; Actual: 87]
README.md:49:81 error MD013/line-length Line length [Expected: 80; Actual: 85]
README.md:55:81 error MD013/line-length Line length [Expected: 80; Actual: 95]
README.md:120:81 error MD013/line-length Line length [Expected: 80; Actual: 288]
README.md:144:81 error MD013/line-length Line length [Expected: 80; Actual: 86]
README.md:168:81 error MD013/line-length Line length [Expected: 80; Actual: 93]
README.md:171:81 error MD013/line-length Line length [Expected: 80; Actual: 110]
README.md:178 error MD024/no-duplicate-heading Multiple headings with the same content [Context: "Integration Strategies"]
README.md:180:1 error MD033/no-inline-html Inline HTML [Element: details]
README.md:181:10 error MD033/no-inline-html Inline HTML [Element: b]
README.md:181:1 error MD033/no-inline-html Inline HTML [Element: summary]
README.md:194:1 error MD033/no-inline-html Inline HTML [Element: details]
README.md:195:10 error MD033/no-inline-html Inline HTML [Element: b]
README.md:195:1 error MD033/no-inline-html Inline HTML [Element: summary]
README.md:233 error MD032/blanks-around-lists Lists should be surrounded by blank lines [Context: "- always validates finite inpu..."]
README.md:255:81 error MD013/line-length Line length [Expected: 80; Actual: 146]
README.md:257:81 error MD013/line-length Line length [Expected: 80; Actual: 112]
README.md:257:1 error MD030/list-marker-space Spaces after list markers [Expected: 1; Actual: 3]
README.md:258:81 error MD013/line-length Line length [Expected: 80; Actual: 106]
README.md:258:1 error MD030/list-marker-space Spaces after list markers [Expected: 1; Actual: 3]
README.md:259:81 error MD013/line-length Line length [Expected: 80; Actual: 87]
README.md:259:1 error MD030/list-marker-space Spaces after list markers [Expected: 1; Actual: 3]
README.md:260:81 error MD013/line-length Line length [Expected: 80; Actual: 140]
README.md:260:1 error MD030/list-marker-space Spaces after list markers [Expected: 1; Actual: 3]
README.md:265:5 error MD060/table-column-style Table column style [Table pipe is missing space to the left for style "compact"]
README.md:265:9 error MD060/table-column-style Table column style [Table pipe is missing space to the left for style "compact"]
README.md:265:13 error MD060/table-column-style Table column style [Table pipe is missing space to the left for style "compact"]
README.md:265:17 error MD060/table-column-style Table column style [Table pipe is missing space to the left for style "compact"]
README.md:265:21 error MD060/table-column-style Table column style [Table pipe is missing space to the left for style "compact"]
README.md:265:1 error MD060/table-column-style Table column style [Table pipe is missing space to the right for style "compact"]
README.md:265:5 error MD060/table-column-style Table column style [Table pipe is missing space to the right for style "compact"]
README.md:265:9 error MD060/table-column-style Table column style [Table pipe is missing space to the right for style "compact"]
README.md:265:13 error MD060/table-column-style Table column style [Table pipe is missing space to the right for style "compact"]
README.md:265:17 error MD060/table-column-style Table column style [Table pipe is missing space to the right for style "compact"]
README.md:266:81 error MD013/line-length Line length [Expected: 80; Actual: 85]
README.md:267:81 error MD013/line-length Line length [Expected: 80; Actual: 96]
README.md:268:81 error MD013/line-length Line length [Expected: 80; Actual: 81]
README.md:269:81 error MD013/line-length Line length [Expected: 80; Actual: 87]
README.md:270:81 error MD013/line-length Line length [Expected: 80; Actual: 116]
README.md:271:81 error MD013/line-length Line length [Expected: 80; Actual: 86]
README.md:272:81 error MD013/line-length Line length [Expected: 80; Actual: 85]
README.md:273:81 error MD013/line-length Line length [Expected: 80; Actual: 81]
README.md:274:81 error MD013/line-length Line length [Expected: 80; Actual: 140]
README.md:276:81 error MD013/line-length Line length [Expected: 80; Actual: 150]
README.md:280:81 error MD013/line-length Line length [Expected: 80; Actual: 203]
README.md:282:81 error MD013/line-length Line length [Expected: 80; Actual: 98]
README.md:283:5 error MD060/table-column-style Table column style [Table pipe is missing space to the left for style "compact"]
README.md:283:9 error MD060/table-column-style Table column style [Table pipe is missing space to the left for style "compact"]
README.md:283:13 error MD060/table-column-style Table column style [Table pipe is missing space to the left for style "compact"]
README.md:283:17 error MD060/table-column-style Table column style [Table pipe is missing space to the left for style "compact"]
README.md:283:21 error MD060/table-column-style Table column style [Table pipe is missing space to the left for style "compact"]
README.md:283:1 error MD060/table-column-style Table column style [Table pipe is missing space to the right for style "compact"]
README.md:283:5 error MD060/table-column-style Table column style [Table pipe is missing space to the right for style "compact"]
README.md:283:9 error MD060/table-column-style Table column style [Table pipe is missing space to the right for style "compact"]
README.md:283:13 error MD060/table-column-style Table column style [Table pipe is missing space to the right for style "compact"]
README.md:283:17 error MD060/table-column-style Table column style [Table pipe is missing space to the right for style "compact"]
README.md:284:81 error MD013/line-length Line length [Expected: 80; Actual: 91]
README.md:285:81 error MD013/line-length Line length [Expected: 80; Actual: 88]
README.md:286:81 error MD013/line-length Line length [Expected: 80; Actual: 92]
README.md:287:81 error MD013/line-length Line length [Expected: 80; Actual: 95]
README.md:288:81 error MD013/line-length Line length [Expected: 80; Actual: 96]
README.md:289:81 error MD013/line-length Line length [Expected: 80; Actual: 98]
README.md:290:81 error MD013/line-length Line length [Expected: 80; Actual: 102]
README.md:291:81 error MD013/line-length Line length [Expected: 80; Actual: 125]
README.md:292:81 error MD013/line-length Line length [Expected: 80; Actual: 165]
README.md:294:81 error MD013/line-length Line length [Expected: 80; Actual: 346]
README.md:295 error MD028/no-blanks-blockquote Blank line inside blockquote
README.md:296:81 error MD013/line-length Line length [Expected: 80; Actual: 218]
README.md:326:81 error MD013/line-length Line length [Expected: 80; Actual: 264]
README.md:326:1 error MD030/list-marker-space Spaces after list markers [Expected: 1; Actual: 3]
README.md:327:81 error MD013/line-length Line length [Expected: 80; Actual: 207]
README.md:327:1 error MD030/list-marker-space Spaces after list markers [Expected: 1; Actual: 3]
README.md:328:81 error MD013/line-length Line length [Expected: 80; Actual: 180]
README.md:328:1 error MD030/list-marker-space Spaces after list markers [Expected: 1; Actual: 3]
README.md:330:81 error MD013/line-length Line length [Expected: 80; Actual: 233]
README.md:334:81 error MD013/line-length Line length [Expected: 80; Actual: 251]
README.md:367:81 error MD013/line-length Line length [Expected: 80; Actual: 132]
README.md:371:81 error MD013/line-length Line length [Expected: 80; Actual: 106]
README.md:383:81 error MD013/line-length Line length [Expected: 80; Actual: 156]
README.md:387:81 error MD013/line-length Line length [Expected: 80; Actual: 88]
README.md:418:81 error MD013/line-length Line length [Expected: 80; Actual: 91]
README.md:484:81 error MD013/line-length Line length [Expected: 80; Actual: 92]
README.md:515:5 error MD060/table-column-style Table column style [Table pipe is missing space to the left for style "compact"]
README.md:515:9 error MD060/table-column-style Table column style [Table pipe is missing space to the left for style "compact"]
README.md:515:13 error MD060/table-column-style Table column style [Table pipe is missing space to the left for style "compact"]
README.md:515:1 error MD060/table-column-style Table column style [Table pipe is missing space to the right for style "compact"]
README.md:515:5 error MD060/table-column-style Table column style [Table pipe is missing space to the right for style "compact"]
README.md:515:9 error MD060/table-column-style Table column style [Table pipe is missing space to the right for style "compact"]
README.md:516:81 error MD013/line-length Line length [Expected: 80; Actual: 102]
README.md:517:81 error MD013/line-length Line length [Expected: 80; Actual: 110]
README.md:518:81 error MD013/line-length Line length [Expected: 80; Actual: 119]
README.md:519:81 error MD013/line-length Line length [Expected: 80; Actual: 93]
README.md:520:81 error MD013/line-length Line length [Expected: 80; Actual: 105]
README.md:521:81 error MD013/line-length Line length [Expected: 80; Actual: 97]
README.md:522:81 error MD013/line-length Line length [Expected: 80; Actual: 96]
README.md:523:81 error MD013/line-length Line length [Expected: 80; Actual: 97]
README.md:524:81 error MD013/line-length Line length [Expected: 80; Actual: 93]
README.md:526:81 error MD013/line-length Line length [Expected: 80; Actual: 96]
README.md:528:81 error MD013/line-length Line length [Expected: 80; Actual: 103]
README.md:529:81 error MD013/line-length Line length [Expected: 80; Actual: 125]
README.md:530:81 error MD013/line-length Line length [Expected: 80; Actual: 120]
README.md:531:81 error MD013/line-length Line length [Expected: 80; Actual: 119]
README.md:532:81 error MD013/line-length Line length [Expected: 80; Actual: 151]
README.md:533:81 error MD013/line-length Line length [Expected: 80; Actual: 99]
README.md:534:81 error MD013/line-length Line length [Expected: 80; Actual: 132]
README.md:535:81 error MD013/line-length Line length [Expected: 80; Actual: 99]
README.md:536:81 error MD013/line-length Line length [Expected: 80; Actual: 122]
README.md:537:81 error MD013/line-length Line length [Expected: 80; Actual: 114]
README.md:538:81 error MD013/line-length Line length [Expected: 80; Actual: 93]
README.md:539:81 error MD013/line-length Line length [Expected: 80; Actual: 102]
README.md:540:81 error MD013/line-length Line length [Expected: 80; Actual: 88]
README.md:541:81 error MD013/line-length Line length [Expected: 80; Actual: 109]
README.md:542:81 error MD013/line-length Line length [Expected: 80; Actual: 110]
README.md:543:81 error MD013/line-length Line length [Expected: 80; Actual: 103]
README.md:544:81 error MD013/line-length Line length [Expected: 80; Actual: 106]
README.md:548:81 error MD013/line-length Line length [Expected: 80; Actual: 120]
README.md:554:81 error MD013/line-length Line length [Expected: 80; Actual: 127]
README.md:556:81 error MD013/line-length Line length [Expected: 80; Actual: 667]
README.md:560:81 error MD013/line-length Line length [Expected: 80; Actual: 157]
README.md:561 error MD031/blanks-around-fences Fenced code blocks should be surrounded by blank lines [Context: "```python"]
README.md:565:81 error MD013/line-length Line length [Expected: 80; Actual: 83]
README.md:569:81 error MD013/line-length Line length [Expected: 80; Actual: 206]
README.md:570 error MD031/blanks-around-fences Fenced code blocks should be surrounded by blank lines [Context: "```python"]
README.md:574:81 error MD013/line-length Line length [Expected: 80; Actual: 181]
README.md:575 error MD031/blanks-around-fences Fenced code blocks should be surrounded by blank lines [Context: "```python"]
README.md:583:81 error MD013/line-length Line length [Expected: 80; Actual: 169]
README.md:585:81 error MD013/line-length Line length [Expected: 80; Actual: 217]
README.md:587:81 error MD013/line-length Line length [Expected: 80; Actual: 102]
README.md:588 error MD031/blanks-around-fences Fenced code blocks should be surrounded by blank lines [Context: "```python"]
README.md:603:81 error MD013/line-length Line length [Expected: 80; Actual: 127]
README.md:608:5 error MD060/table-column-style Table column style [Table pipe is missing space to the left for style "compact"]
README.md:608:9 error MD060/table-column-style Table column style [Table pipe is missing space to the left for style "compact"]
README.md:608:1 error MD060/table-column-style Table column style [Table pipe is missing space to the right for style "compact"]
README.md:608:5 error MD060/table-column-style Table column style [Table pipe is missing space to the right for style "compact"]
README.md:609:81 error MD013/line-length Line length [Expected: 80; Actual: 104]
README.md:611:81 error MD013/line-length Line length [Expected: 80; Actual: 95]
README.md:618:81 error MD013/line-length Line length [Expected: 80; Actual: 128]
README.md:622:81 error MD013/line-length Line length [Expected: 80; Actual: 240]
README.md:624:81 error MD013/line-length Line length [Expected: 80; Actual: 116]
README.md:625 error MD031/blanks-around-fences Fenced code blocks should be surrounded by blank lines [Context: "```python"]
README.md:633:81 error MD013/line-length Line length [Expected: 80; Actual: 134]
README.md:634 error MD031/blanks-around-fences Fenced code blocks should be surrounded by blank lines [Context: "```python"]
README.md:643:81 error MD013/line-length Line length [Expected: 80; Actual: 104]
README.md:685:5 error MD060/table-column-style Table column style [Table pipe is missing space to the left for style "compact"]
README.md:685:9 error MD060/table-column-style Table column style [Table pipe is missing space to the left for style "compact"]
README.md:685:13 error MD060/table-column-style Table column style [Table pipe is missing space to the left for style "compact"]
README.md:685:1 error MD060/table-column-style Table column style [Table pipe is missing space to the right for style "compact"]
README.md:685:5 error MD060/table-column-style Table column style [Table pipe is missing space to the right for style "compact"]
README.md:685:9 error MD060/table-column-style Table column style [Table pipe is missing space to the right for style "compact"]
README.md:691:81 error MD013/line-length Line length [Expected: 80; Actual: 98]
README.md:693:81 error MD013/line-length Line length [Expected: 80; Actual: 106]
README.md:694:81 error MD013/line-length Line length [Expected: 80; Actual: 115]
README.md:742:81 error MD013/line-length Line length [Expected: 80; Actual: 139]
README.md:742:1 error MD030/list-marker-space Spaces after list markers [Expected: 1; Actual: 3]
README.md:743:81 error MD013/line-length Line length [Expected: 80; Actual: 104]
README.md:743:1 error MD030/list-marker-space Spaces after list markers [Expected: 1; Actual: 3]
README.md:744:81 error MD013/line-length Line length [Expected: 80; Actual: 131]
README.md:744:1 error MD030/list-marker-space Spaces after list markers [Expected: 1; Actual: 3]
README.md:745:81 error MD013/line-length Line length [Expected: 80; Actual: 128]
README.md:745:1 error MD030/list-marker-space Spaces after list markers [Expected: 1; Actual: 3]
README.md:746:81 error MD013/line-length Line length [Expected: 80; Actual: 114]
README.md:746:1 error MD030/list-marker-space Spaces after list markers [Expected: 1; Actual: 3]
README.md:747:81 error MD013/line-length Line length [Expected: 80; Actual: 115]
README.md:747:1 error MD030/list-marker-space Spaces after list markers [Expected: 1; Actual: 3]
README.md:748:81 error MD013/line-length Line length [Expected: 80; Actual: 147]
README.md:748:1 error MD030/list-marker-space Spaces after list markers [Expected: 1; Actual: 3]
README.md:749:81 error MD013/line-length Line length [Expected: 80; Actual: 166]
README.md:749:1 error MD030/list-marker-space Spaces after list markers [Expected: 1; Actual: 3]
README.md:750:81 error MD013/line-length Line length [Expected: 80; Actual: 100]
README.md:750:1 error MD030/list-marker-space Spaces after list markers [Expected: 1; Actual: 3]
README.md:751:81 error MD013/line-length Line length [Expected: 80; Actual: 145]
README.md:751:1 error MD030/list-marker-space Spaces after list markers [Expected: 1; Actual: 3]
README.md:752:81 error MD013/line-length Line length [Expected: 80; Actual: 133]
README.md:752:1 error MD030/list-marker-space Spaces after list markers [Expected: 1; Actual: 3]
README.md:753:1 error MD030/list-marker-space Spaces after list markers [Expected: 1; Actual: 3]
README.md:757:1 error MD030/list-marker-space Spaces after list markers [Expected: 1; Actual: 3]
README.md:780:1 error MD053/link-image-reference-definitions Link and image reference definitions should be needed [Unused link or image reference definition: "badge-tests"] [Context: "[badge-tests]: https://img.shi..."]
README.md:781:1 error MD053/link-image-reference-definitions Link and image reference definitions should be needed [Unused link or image reference definition: "badge-python"] [Context: "[badge-python]: https://img.sh..."]
README.md:784:1 error MD053/link-image-reference-definitions Link and image reference definitions should be needed [Unused link or image reference definition: "link-tests"] [Context: "[link-tests]: https://github.c..."]
README.md:785:1 error MD053/link-image-reference-definitions Link and image reference definitions should be needed [Unused link or image reference definition: "link-python"] [Context: "[link-python]: https://pypi.or..."]
README.md:787:1 error MD053/link-image-reference-definitions Link and image reference definitions should be needed [Unused link or image reference definition: "scverse-discourse"] [Context: "[scverse-discourse]: https://d..."]
README.md:789:1 error MD053/link-image-reference-definitions Link and image reference definitions should be needed [Unused link or image reference definition: "changelog"] [Context: "[changelog]: https://spVIPESmu..."]
scripts/pilot_results_celltype.md:5 error MD012/no-multiple-blanks Multiple consecutive blank lines [Expected: 1; Actual: 2]
scripts/validation_results.md:12:81 error MD013/line-length Line length [Expected: 80; Actual: 143]
scripts/validation_results.md:14:81 error MD013/line-length Line length [Expected: 80; Actual: 143]
scripts/validation_results.md:15:81 error MD013/line-length Line length [Expected: 80; Actual: 143]
scripts/validation_results.md:16:81 error MD013/line-length Line length [Expected: 80; Actual: 143]
scripts/validation_results.md:17:81 error MD013/line-length Line length [Expected: 80; Actual: 143]
scripts/validation_results.md:18:81 error MD013/line-length Line length [Expected: 80; Actual: 143]
scripts/validation_results.md:19:81 error MD013/line-length Line length [Expected: 80; Actual: 143]
scripts/validation_results.md:20:81 error MD013/line-length Line length [Expected: 80; Actual: 143]
scripts/validation_results.md:21:81 error MD013/line-length Line length [Expected: 80; Actual: 143]
scripts/validation_results.md:22:81 error MD013/line-length Line length [Expected: 80; Actual: 143]
scripts/validation_results.md:23:81 error MD013/line-length Line length [Expected: 80; Actual: 143]
scripts/validation_results.md:24:81 error MD013/line-length Line length [Expected: 80; Actual: 143]
scripts/validation_results.md:25:81 error MD013/line-length Line length [Expected: 80; Actual: 143]
scripts/validation_results.md:35:81 error MD013/line-length Line length [Expected: 80; Actual: 89]
scripts/validation_results.md:37:81 error MD013/line-length Line length [Expected: 80; Actual: 89]
scripts/validation_results.md:38:81 error MD013/line-length Line length [Expected: 80; Actual: 89]
scripts/validation_results.md:39:81 error MD013/line-length Line length [Expected: 80; Actual: 89]
scripts/validation_results.md:40:81 error MD013/line-length Line length [Expected: 80; Actual: 89]
scripts/validation_results.md:41:81 error MD013/line-length Line length [Expected: 80; Actual: 89]
scripts/validation_results.md:42:81 error MD013/line-length Line length [Expected: 80; Actual: 89]
scripts/validation_results.md:43:81 error MD013/line-length Line length [Expected: 80; Actual: 89]
scripts/validation_results.md:44:81 error MD013/line-length Line length [Expected: 80; Actual: 89]
scripts/validation_results.md:45:81 error MD013/line-length Line length [Expected: 80; Actual: 89]
scripts/validation_results.md:46:81 error MD013/line-length Line length [Expected: 80; Actual: 89]
scripts/validation_results.md:47:81 error MD013/line-length Line length [Expected: 80; Actual: 89]
scripts/validation_results.md:48:81 error MD013/line-length Line length [Expected: 80; Actual: 89]
scripts/validation_results.md:52:81 error MD013/line-length Line length [Expected: 80; Actual: 168]
scripts/validation_results.md:54:81 error MD013/line-length Line length [Expected: 80; Actual: 168]
scripts/validation_results.md:55:81 error MD013/line-length Line length [Expected: 80; Actual: 168]
scripts/validation_results.md:56:81 error MD013/line-length Line length [Expected: 80; Actual: 168]
scripts/validation_results.md:57:81 error MD013/line-length Line length [Expected: 80; Actual: 168]
scripts/validation_results.md:58:81 error MD013/line-length Line length [Expected: 80; Actual: 168]
scripts/validation_results.md:59:81 error MD013/line-length Line length [Expected: 80; Actual: 168]
scripts/validation_results.md:60:81 error MD013/line-length Line length [Expected: 80; Actual: 168]
scripts/validation_results.md:61:81 error MD013/line-length Line length [Expected: 80; Actual: 168]
scripts/validation_results.md:62:81 error MD013/line-length Line length [Expected: 80; Actual: 168]
scripts/validation_results.md:63:81 error MD013/line-length Line length [Expected: 80; Actual: 168]
scripts/validation_results.md:64:81 error MD013/line-length Line length [Expected: 80; Actual: 168]
scripts/validation_results.md:65:81 error MD013/line-length Line length [Expected: 80; Actual: 168]
scripts/validation_results.md:67:81 error MD013/line-length Line length [Expected: 80; Actual: 117]
scripts/validation_results.md:69:81 error MD013/line-length Line length [Expected: 80; Actual: 190]
scripts/validation_results.md:75:81 error MD013/line-length Line length [Expected: 80; Actual: 164]
scripts/validation_results.md:76:81 error MD013/line-length Line length [Expected: 80; Actual: 117]
scripts/validation_results.md:77:81 error MD013/line-length Line length [Expected: 80; Actual: 116]

ERROR conda.cli.main_run:execute(47): `conda run env PYTHONNOUSERSITE=1 PYTHONDONTWRITEBYTECODE=1 markdownlint **/*.md` failed. (See above for error)
